Using pre-set license
Built from '6000.0/staging' branch; Version is '6000.0.56f1 (9c7b5e468860) revision 10255198'; Using compiler version '193933523'; Build Type 'Release'
OS: 'Windows 11  (10.0.26100) 64bit Professional' Language: 'en' Physical Memory: 32537 MB
BatchMode: 1, IsHumanControllingUs: 0, StartBugReporterOnCrash: 0, Is64bit: 1
Date: 2025-12-01T19:15:22Z

COMMAND LINE ARGUMENTS:
W:\Unity Editor\6000.0.56f1\Editor\Unity.exe
-adb2
-batchMode
-noUpm
-name
AssetImportWorker0
-projectPath
W:/unity files/CRISPR/CRISPR/CRISPR
-logFile
Logs/AssetImportWorker0.log
-srvPort
56629
-job-worker-count
11
-background-job-worker-count
8
-gc-helper-count
1
-name
AssetImport
Successfully changed project path to: W:/unity files/CRISPR/CRISPR/CRISPR
W:/unity files/CRISPR/CRISPR/CRISPR
[UnityMemory] Configuration Parameters - Can be set up in boot.config
    "memorysetup-bucket-allocator-granularity=16"
    "memorysetup-bucket-allocator-bucket-count=8"
    "memorysetup-bucket-allocator-block-size=33554432"
    "memorysetup-bucket-allocator-block-count=8"
    "memorysetup-main-allocator-block-size=16777216"
    "memorysetup-thread-allocator-block-size=16777216"
    "memorysetup-gfx-main-allocator-block-size=16777216"
    "memorysetup-gfx-thread-allocator-block-size=16777216"
    "memorysetup-cache-allocator-block-size=4194304"
    "memorysetup-typetree-allocator-block-size=2097152"
    "memorysetup-profiler-bucket-allocator-granularity=16"
    "memorysetup-profiler-bucket-allocator-bucket-count=8"
    "memorysetup-profiler-bucket-allocator-block-size=33554432"
    "memorysetup-profiler-bucket-allocator-block-count=8"
    "memorysetup-profiler-allocator-block-size=16777216"
    "memorysetup-profiler-editor-allocator-block-size=1048576"
    "memorysetup-temp-allocator-size-main=16777216"
    "memorysetup-job-temp-allocator-block-size=2097152"
    "memorysetup-job-temp-allocator-block-size-background=1048576"
    "memorysetup-job-temp-allocator-reduction-small-platforms=262144"
    "memorysetup-allocator-temp-initial-block-size-main=262144"
    "memorysetup-allocator-temp-initial-block-size-worker=262144"
    "memorysetup-temp-allocator-size-background-worker=32768"
    "memorysetup-temp-allocator-size-job-worker=262144"
    "memorysetup-temp-allocator-size-preload-manager=33554432"
    "memorysetup-temp-allocator-size-nav-mesh-worker=65536"
    "memorysetup-temp-allocator-size-audio-worker=65536"
    "memorysetup-temp-allocator-size-cloud-worker=32768"
    "memorysetup-temp-allocator-size-gi-baking-worker=262144"
    "memorysetup-temp-allocator-size-gi-baking-worker=262144"
    "memorysetup-temp-allocator-size-gi-baking-worker=262144"
    "memorysetup-temp-allocator-size-gi-baking-worker=262144"
    "memorysetup-temp-allocator-size-gi-baking-worker=262144"
    "memorysetup-temp-allocator-size-gfx=262144"
Player connection [5272]  Target information:

Player connection [5272]  * "[IP] 169.254.83.107 [Port] 0 [Flags] 2 [Guid] 1607319482 [EditorId] 1607319482 [Version] 1048832 [Id] WindowsEditor(7,Boofbox) [Debug] 1 [PackageName] WindowsEditor [ProjectName] Editor" 

Player connection [5272]  * "[IP] 10.80.22.84 [Port] 0 [Flags] 2 [Guid] 1607319482 [EditorId] 1607319482 [Version] 1048832 [Id] WindowsEditor(7,Boofbox) [Debug] 1 [PackageName] WindowsEditor [ProjectName] Editor" 

Player connection [5272] Host joined multi-casting on [225.0.0.222:54997]...
Player connection [5272] Host joined alternative multi-casting on [225.0.0.222:34997]...
JobSystem: Creating JobQueue using job-worker-count value 11
Input System module state changed to: Initialized.
[Physics::Module] Initialized fallback backend.
[Physics::Module] Id: 0xdecafbad
Library Redirect Path: Library/
[Physics::Module] Selected backend.
[Physics::Module] Name: PhysX
[Physics::Module] Id: 0xf2b8ea05
[Physics::Module] SDK Version: 4.1.2
[Physics::Module] Integration Version: 1.0.0
[Physics::Module] Threading Mode: Multi-Threaded
Refreshing native plugins compatible for Editor in 186.25 ms, found 4 plugins.
Preloading 0 native plugins for Editor in 0.00 ms.
Initialize engine version: 6000.0.56f1 (9c7b5e468860)
[Subsystems] Discovering subsystems at path W:/Unity Editor/6000.0.56f1/Editor/Data/Resources/UnitySubsystems
[Subsystems] Discovering subsystems at path W:/unity files/CRISPR/CRISPR/CRISPR/Assets
GfxDevice: creating device client; kGfxThreadingModeNonThreaded
Direct3D:
    Version:  Direct3D 11.0 [level 11.1]
    Renderer: NVIDIA GeForce RTX 4070 (ID=0x2786)
    Vendor:   NVIDIA
    VRAM:     12012 MB
    Driver:   32.0.15.8129
Initialize mono
Mono path[0] = 'W:/Unity Editor/6000.0.56f1/Editor/Data/Managed'
Mono path[1] = 'W:/Unity Editor/6000.0.56f1/Editor/Data/MonoBleedingEdge/lib/mono/unityjit-win32'
Mono config path = 'W:/Unity Editor/6000.0.56f1/Editor/Data/MonoBleedingEdge/etc'
Using monoOptions --debugger-agent=transport=dt_socket,embedding=1,server=y,suspend=n,address=127.0.0.1:56148
Begin MonoManager ReloadAssembly
Registering precompiled unity dll's ...
Register platform support module: W:/Unity Editor/6000.0.56f1/Editor/Data/PlaybackEngines/WebGLSupport/UnityEditor.WebGL.Extensions.dll
Register platform support module: W:/Unity Editor/6000.0.56f1/Editor/Data/PlaybackEngines/WindowsStandaloneSupport/UnityEditor.WindowsStandalone.Extensions.dll
Register platform support module: W:/Unity Editor/6000.0.56f1/Editor/Data/PlaybackEngines/MetroSupport/UnityEditor.UWP.Extensions.dll
Registered in 0.130283 seconds.
- Loaded All Assemblies, in  8.052 seconds
Native extension for UWP target not found
Native extension for WindowsStandalone target not found
Native extension for WebGL target not found
Mono: successfully reloaded assembly
- Finished resetting the current domain, in  0.199 seconds
Domain Reload Profiling: 8251ms
	BeginReloadAssembly (6400ms)
		ExecutionOrderSort (0ms)
		DisableScriptedObjects (0ms)
		BackupInstance (0ms)
		ReleaseScriptingObjects (0ms)
		CreateAndSetChildDomain (0ms)
	RebuildCommonClasses (248ms)
	RebuildNativeTypeToScriptingClass (7ms)
	initialDomainReloadingComplete (156ms)
	LoadAllAssembliesAndSetupDomain (1240ms)
		LoadAssemblies (6400ms)
		RebuildTransferFunctionScriptingTraits (0ms)
		AnalyzeDomain (1238ms)
			TypeCache.Refresh (1237ms)
				TypeCache.ScanAssembly (987ms)
			BuildScriptInfoCaches (0ms)
			ResolveRequiredComponents (0ms)
	FinalizeReload (199ms)
		ReleaseScriptCaches (0ms)
		RebuildScriptCaches (0ms)
		SetupLoadedEditorAssemblies (180ms)
			LogAssemblyErrors (0ms)
			InitializePlatformSupportModulesInManaged (14ms)
			SetLoadedEditorAssemblies (3ms)
			BeforeProcessingInitializeOnLoad (34ms)
			ProcessInitializeOnLoadAttributes (90ms)
			ProcessInitializeOnLoadMethodAttributes (39ms)
			AfterProcessingInitializeOnLoad (0ms)
			EditorAssembliesLoaded (0ms)
		ExecutionOrderSort2 (0ms)
		AwakeInstancesAfterBackupRestoration (0ms)
========================================================================
Worker process is ready to serve import requests
Import Worker Mode flag is 0x00
Begin MonoManager ReloadAssembly
- Loaded All Assemblies, in  1.968 seconds
Refreshing native plugins compatible for Editor in 0.66 ms, found 4 plugins.
Native extension for UWP target not found
Native extension for WindowsStandalone target not found
Native extension for WebGL target not found
Package Manager log level set to [2]
[Package Manager] Failed to launch server process. Reason: Unity was launched with the -noUpm command-line argument
[Package Manager] Unable to send message (not connected to server process).
[Package Manager] Cannot connect to Unity Package Manager local server
Mono: successfully reloaded assembly
- Finished resetting the current domain, in  0.935 seconds
Domain Reload Profiling: 2903ms
	BeginReloadAssembly (100ms)
		ExecutionOrderSort (0ms)
		DisableScriptedObjects (4ms)
		BackupInstance (0ms)
		ReleaseScriptingObjects (0ms)
		CreateAndSetChildDomain (16ms)
	RebuildCommonClasses (21ms)
	RebuildNativeTypeToScriptingClass (7ms)
	initialDomainReloadingComplete (21ms)
	LoadAllAssembliesAndSetupDomain (1819ms)
		LoadAssemblies (1712ms)
		RebuildTransferFunctionScriptingTraits (0ms)
		AnalyzeDomain (162ms)
			TypeCache.Refresh (113ms)
				TypeCache.ScanAssembly (103ms)
			BuildScriptInfoCaches (38ms)
			ResolveRequiredComponents (8ms)
	FinalizeReload (935ms)
		ReleaseScriptCaches (0ms)
		RebuildScriptCaches (0ms)
		SetupLoadedEditorAssemblies (590ms)
			LogAssemblyErrors (0ms)
			InitializePlatformSupportModulesInManaged (2ms)
			SetLoadedEditorAssemblies (3ms)
			BeforeProcessingInitializeOnLoad (71ms)
			ProcessInitializeOnLoadAttributes (239ms)
			ProcessInitializeOnLoadMethodAttributes (274ms)
			AfterProcessingInitializeOnLoad (1ms)
			EditorAssembliesLoaded (0ms)
		ExecutionOrderSort2 (0ms)
		AwakeInstancesAfterBackupRestoration (4ms)
Launched and connected shader compiler UnityShaderCompiler.exe after 0.04 seconds
Refreshing native plugins compatible for Editor in 1.08 ms, found 4 plugins.
Preloading 0 native plugins for Editor in 0.00 ms.
Unloading 35 Unused Serialized files (Serialized files now loaded: 0)
Unloading 6730 unused Assets / (6.0 MB). Loaded Objects now: 7410.
Memory consumption went from 152.7 MB to 146.7 MB.
Total: 6.409800 ms (FindLiveObjects: 0.417800 ms CreateObjectMapping: 0.241500 ms MarkObjects: 3.654600 ms  DeleteObjects: 2.095100 ms)

========================================================================
Received Prepare
Begin MonoManager ReloadAssembly
- Loaded All Assemblies, in  0.502 seconds
Refreshing native plugins compatible for Editor in 0.67 ms, found 4 plugins.
Native extension for UWP target not found
Native extension for WindowsStandalone target not found
Native extension for WebGL target not found
[Package Manager] Failed to launch server process. Reason: Unity was launched with the -noUpm command-line argument
[Package Manager] Unable to send message (not connected to server process).
[Package Manager] Cannot connect to Unity Package Manager local server
Mono: successfully reloaded assembly
- Finished resetting the current domain, in  0.487 seconds
Domain Reload Profiling: 991ms
	BeginReloadAssembly (158ms)
		ExecutionOrderSort (0ms)
		DisableScriptedObjects (10ms)
		BackupInstance (0ms)
		ReleaseScriptingObjects (0ms)
		CreateAndSetChildDomain (37ms)
	RebuildCommonClasses (24ms)
	RebuildNativeTypeToScriptingClass (9ms)
	initialDomainReloadingComplete (17ms)
	LoadAllAssembliesAndSetupDomain (294ms)
		LoadAssemblies (227ms)
		RebuildTransferFunctionScriptingTraits (0ms)
		AnalyzeDomain (136ms)
			TypeCache.Refresh (5ms)
				TypeCache.ScanAssembly (0ms)
			BuildScriptInfoCaches (120ms)
			ResolveRequiredComponents (8ms)
	FinalizeReload (487ms)
		ReleaseScriptCaches (0ms)
		RebuildScriptCaches (0ms)
		SetupLoadedEditorAssemblies (384ms)
			LogAssemblyErrors (0ms)
			InitializePlatformSupportModulesInManaged (2ms)
			SetLoadedEditorAssemblies (4ms)
			BeforeProcessingInitializeOnLoad (81ms)
			ProcessInitializeOnLoadAttributes (255ms)
			ProcessInitializeOnLoadMethodAttributes (41ms)
			AfterProcessingInitializeOnLoad (1ms)
			EditorAssembliesLoaded (0ms)
		ExecutionOrderSort2 (0ms)
		AwakeInstancesAfterBackupRestoration (10ms)
Refreshing native plugins compatible for Editor in 0.84 ms, found 4 plugins.
Preloading 0 native plugins for Editor in 0.00 ms.
Unloading 34 Unused Serialized files (Serialized files now loaded: 0)
Unloading 6728 unused Assets / (6.2 MB). Loaded Objects now: 7414.
Memory consumption went from 153.5 MB to 147.3 MB.
Total: 5.584900 ms (FindLiveObjects: 0.361400 ms CreateObjectMapping: 0.224100 ms MarkObjects: 3.137900 ms  DeleteObjects: 1.860700 ms)

Prepare: number of updated asset objects reloaded= 0
========================================================================
Received Prepare
Begin MonoManager ReloadAssembly
- Loaded All Assemblies, in  0.416 seconds
Refreshing native plugins compatible for Editor in 0.60 ms, found 4 plugins.
Native extension for UWP target not found
Native extension for WindowsStandalone target not found
Native extension for WebGL target not found
[Package Manager] Failed to launch server process. Reason: Unity was launched with the -noUpm command-line argument
[Package Manager] Unable to send message (not connected to server process).
[Package Manager] Cannot connect to Unity Package Manager local server
Mono: successfully reloaded assembly
- Finished resetting the current domain, in  0.474 seconds
Domain Reload Profiling: 893ms
	BeginReloadAssembly (126ms)
		ExecutionOrderSort (0ms)
		DisableScriptedObjects (8ms)
		BackupInstance (0ms)
		ReleaseScriptingObjects (0ms)
		CreateAndSetChildDomain (27ms)
	RebuildCommonClasses (21ms)
	RebuildNativeTypeToScriptingClass (10ms)
	initialDomainReloadingComplete (14ms)
	LoadAllAssembliesAndSetupDomain (247ms)
		LoadAssemblies (180ms)
		RebuildTransferFunctionScriptingTraits (0ms)
		AnalyzeDomain (122ms)
			TypeCache.Refresh (4ms)
				TypeCache.ScanAssembly (0ms)
			BuildScriptInfoCaches (108ms)
			ResolveRequiredComponents (6ms)
	FinalizeReload (474ms)
		ReleaseScriptCaches (0ms)
		RebuildScriptCaches (0ms)
		SetupLoadedEditorAssemblies (385ms)
			LogAssemblyErrors (0ms)
			InitializePlatformSupportModulesInManaged (2ms)
			SetLoadedEditorAssemblies (4ms)
			BeforeProcessingInitializeOnLoad (77ms)
			ProcessInitializeOnLoadAttributes (264ms)
			ProcessInitializeOnLoadMethodAttributes (37ms)
			AfterProcessingInitializeOnLoad (1ms)
			EditorAssembliesLoaded (0ms)
		ExecutionOrderSort2 (0ms)
		AwakeInstancesAfterBackupRestoration (9ms)
Refreshing native plugins compatible for Editor in 0.84 ms, found 4 plugins.
Preloading 0 native plugins for Editor in 0.00 ms.
Unloading 34 Unused Serialized files (Serialized files now loaded: 0)
Unloading 6728 unused Assets / (6.2 MB). Loaded Objects now: 7417.
Memory consumption went from 153.6 MB to 147.4 MB.
Total: 5.495500 ms (FindLiveObjects: 0.392000 ms CreateObjectMapping: 0.247800 ms MarkObjects: 3.015800 ms  DeleteObjects: 1.838900 ms)

Prepare: number of updated asset objects reloaded= 0
========================================================================
Received Prepare
Begin MonoManager ReloadAssembly
- Loaded All Assemblies, in  0.424 seconds
Refreshing native plugins compatible for Editor in 0.64 ms, found 4 plugins.
Native extension for UWP target not found
Native extension for WindowsStandalone target not found
Native extension for WebGL target not found
[Package Manager] Failed to launch server process. Reason: Unity was launched with the -noUpm command-line argument
[Package Manager] Unable to send message (not connected to server process).
[Package Manager] Cannot connect to Unity Package Manager local server
Mono: successfully reloaded assembly
- Finished resetting the current domain, in  0.488 seconds
Domain Reload Profiling: 914ms
	BeginReloadAssembly (128ms)
		ExecutionOrderSort (0ms)
		DisableScriptedObjects (8ms)
		BackupInstance (0ms)
		ReleaseScriptingObjects (0ms)
		CreateAndSetChildDomain (27ms)
	RebuildCommonClasses (25ms)
	RebuildNativeTypeToScriptingClass (12ms)
	initialDomainReloadingComplete (14ms)
	LoadAllAssembliesAndSetupDomain (247ms)
		LoadAssemblies (182ms)
		RebuildTransferFunctionScriptingTraits (0ms)
		AnalyzeDomain (122ms)
			TypeCache.Refresh (5ms)
				TypeCache.ScanAssembly (0ms)
			BuildScriptInfoCaches (108ms)
			ResolveRequiredComponents (7ms)
	FinalizeReload (488ms)
		ReleaseScriptCaches (0ms)
		RebuildScriptCaches (0ms)
		SetupLoadedEditorAssemblies (394ms)
			LogAssemblyErrors (0ms)
			InitializePlatformSupportModulesInManaged (2ms)
			SetLoadedEditorAssemblies (3ms)
			BeforeProcessingInitializeOnLoad (79ms)
			ProcessInitializeOnLoadAttributes (264ms)
			ProcessInitializeOnLoadMethodAttributes (44ms)
			AfterProcessingInitializeOnLoad (1ms)
			EditorAssembliesLoaded (0ms)
		ExecutionOrderSort2 (0ms)
		AwakeInstancesAfterBackupRestoration (10ms)
Refreshing native plugins compatible for Editor in 0.88 ms, found 4 plugins.
Preloading 0 native plugins for Editor in 0.00 ms.
Unloading 34 Unused Serialized files (Serialized files now loaded: 0)
Unloading 6728 unused Assets / (6.1 MB). Loaded Objects now: 7420.
Memory consumption went from 153.6 MB to 147.5 MB.
Total: 5.831200 ms (FindLiveObjects: 0.363900 ms CreateObjectMapping: 0.229400 ms MarkObjects: 3.093700 ms  DeleteObjects: 2.143300 ms)

Prepare: number of updated asset objects reloaded= 0
========================================================================
Received Prepare
Begin MonoManager ReloadAssembly
- Loaded All Assemblies, in  0.422 seconds
Refreshing native plugins compatible for Editor in 0.67 ms, found 4 plugins.
Native extension for UWP target not found
Native extension for WindowsStandalone target not found
Native extension for WebGL target not found
[Package Manager] Failed to launch server process. Reason: Unity was launched with the -noUpm command-line argument
[Package Manager] Unable to send message (not connected to server process).
[Package Manager] Cannot connect to Unity Package Manager local server
Mono: successfully reloaded assembly
- Finished resetting the current domain, in  0.478 seconds
Domain Reload Profiling: 902ms
	BeginReloadAssembly (127ms)
		ExecutionOrderSort (0ms)
		DisableScriptedObjects (9ms)
		BackupInstance (0ms)
		ReleaseScriptingObjects (0ms)
		CreateAndSetChildDomain (27ms)
	RebuildCommonClasses (21ms)
	RebuildNativeTypeToScriptingClass (8ms)
	initialDomainReloadingComplete (15ms)
	LoadAllAssembliesAndSetupDomain (252ms)
		LoadAssemblies (185ms)
		RebuildTransferFunctionScriptingTraits (0ms)
		AnalyzeDomain (122ms)
			TypeCache.Refresh (5ms)
				TypeCache.ScanAssembly (0ms)
			BuildScriptInfoCaches (107ms)
			ResolveRequiredComponents (7ms)
	FinalizeReload (478ms)
		ReleaseScriptCaches (0ms)
		RebuildScriptCaches (0ms)
		SetupLoadedEditorAssemblies (386ms)
			LogAssemblyErrors (0ms)
			InitializePlatformSupportModulesInManaged (2ms)
			SetLoadedEditorAssemblies (4ms)
			BeforeProcessingInitializeOnLoad (75ms)
			ProcessInitializeOnLoadAttributes (264ms)
			ProcessInitializeOnLoadMethodAttributes (39ms)
			AfterProcessingInitializeOnLoad (1ms)
			EditorAssembliesLoaded (0ms)
		ExecutionOrderSort2 (0ms)
		AwakeInstancesAfterBackupRestoration (10ms)
Refreshing native plugins compatible for Editor in 1.45 ms, found 4 plugins.
Preloading 0 native plugins for Editor in 0.00 ms.
Unloading 34 Unused Serialized files (Serialized files now loaded: 0)
Unloading 6728 unused Assets / (6.0 MB). Loaded Objects now: 7423.
Memory consumption went from 153.7 MB to 147.6 MB.
Total: 5.987300 ms (FindLiveObjects: 0.445700 ms CreateObjectMapping: 0.258800 ms MarkObjects: 3.274200 ms  DeleteObjects: 2.007800 ms)

Prepare: number of updated asset objects reloaded= 0
========================================================================
Received Import Request.
  Time since last request: 1269.237699 seconds.
  path: Assets/Scenes/Level1.unity
  artifactKey: Guid(8c9cfa26abfee488c85f1582747f6a02) Importer(815301076,1909f56bfc062723c751e8b465ee728b)
Start importing Assets/Scenes/Level1.unity using Guid(8c9cfa26abfee488c85f1582747f6a02) Importer(815301076,1909f56bfc062723c751e8b465ee728b) (PreviewImporter) -> (artifact id: 'ef9889171899bf18ca78148b1fb04fdd') in 0.0151346 seconds
Number of updated asset objects reloaded before import = 0Number of asset objects unloaded after import = 0

========================================================================
Received Prepare
Begin MonoManager ReloadAssembly
- Loaded All Assemblies, in  0.423 seconds
Refreshing native plugins compatible for Editor in 0.75 ms, found 4 plugins.
Native extension for UWP target not found
Native extension for WindowsStandalone target not found
Native extension for WebGL target not found
[Package Manager] Failed to launch server process. Reason: Unity was launched with the -noUpm command-line argument
[Package Manager] Unable to send message (not connected to server process).
[Package Manager] Cannot connect to Unity Package Manager local server
Mono: successfully reloaded assembly
- Finished resetting the current domain, in  0.512 seconds
Domain Reload Profiling: 937ms
	BeginReloadAssembly (128ms)
		ExecutionOrderSort (0ms)
		DisableScriptedObjects (9ms)
		BackupInstance (0ms)
		ReleaseScriptingObjects (0ms)
		CreateAndSetChildDomain (29ms)
	RebuildCommonClasses (21ms)
	RebuildNativeTypeToScriptingClass (8ms)
	initialDomainReloadingComplete (14ms)
	LoadAllAssembliesAndSetupDomain (254ms)
		LoadAssemblies (189ms)
		RebuildTransferFunctionScriptingTraits (0ms)
		AnalyzeDomain (120ms)
			TypeCache.Refresh (5ms)
				TypeCache.ScanAssembly (0ms)
			BuildScriptInfoCaches (106ms)
			ResolveRequiredComponents (7ms)
	FinalizeReload (513ms)
		ReleaseScriptCaches (0ms)
		RebuildScriptCaches (0ms)
		SetupLoadedEditorAssemblies (417ms)
			LogAssemblyErrors (0ms)
			InitializePlatformSupportModulesInManaged (3ms)
			SetLoadedEditorAssemblies (5ms)
			BeforeProcessingInitializeOnLoad (92ms)
			ProcessInitializeOnLoadAttributes (272ms)
			ProcessInitializeOnLoadMethodAttributes (44ms)
			AfterProcessingInitializeOnLoad (1ms)
			EditorAssembliesLoaded (0ms)
		ExecutionOrderSort2 (0ms)
		AwakeInstancesAfterBackupRestoration (11ms)
Refreshing native plugins compatible for Editor in 0.96 ms, found 4 plugins.
Preloading 0 native plugins for Editor in 0.00 ms.
Unloading 34 Unused Serialized files (Serialized files now loaded: 0)
Unloading 6728 unused Assets / (6.4 MB). Loaded Objects now: 7428.
Memory consumption went from 154.2 MB to 147.7 MB.
Total: 5.372800 ms (FindLiveObjects: 0.359800 ms CreateObjectMapping: 0.242700 ms MarkObjects: 2.743800 ms  DeleteObjects: 2.025900 ms)

Prepare: number of updated asset objects reloaded= 0
========================================================================
Received Import Request.
  Time since last request: 288.566003 seconds.
  path: Assets/Prefabs/Enemy2Small.prefab
  artifactKey: Guid(0f8c92120a7523743867892b051e3218) Importer(815301076,1909f56bfc062723c751e8b465ee728b)
Start importing Assets/Prefabs/Enemy2Small.prefab using Guid(0f8c92120a7523743867892b051e3218) Importer(815301076,1909f56bfc062723c751e8b465ee728b) (PreviewImporter) -> (artifact id: '99e1b5ec6beff13c6b77976f4eaacf92') in 0.3190171 seconds
Number of updated asset objects reloaded before import = 0Number of asset objects unloaded after import = 10

========================================================================
Received Import Request.
  Time since last request: 47.070005 seconds.
  path: Assets/Prefabs/Enemy1.prefab
  artifactKey: Guid(8ceb2906ae1950040a7c9a47a2d2f2a7) Importer(815301076,1909f56bfc062723c751e8b465ee728b)
Start importing Assets/Prefabs/Enemy1.prefab using Guid(8ceb2906ae1950040a7c9a47a2d2f2a7) Importer(815301076,1909f56bfc062723c751e8b465ee728b) (PreviewImporter) -> (artifact id: 'b7c3a1f2f4fb5c92911827af8e7436d1') in 0.0146044 seconds
Number of updated asset objects reloaded before import = 0Number of asset objects unloaded after import = 10

========================================================================
Received Import Request.
  Time since last request: 37.889150 seconds.
  path: Assets/Prefabs/Enemy2Small.prefab
  artifactKey: Guid(0f8c92120a7523743867892b051e3218) Importer(815301076,1909f56bfc062723c751e8b465ee728b)
Start importing Assets/Prefabs/Enemy2Small.prefab using Guid(0f8c92120a7523743867892b051e3218) Importer(815301076,1909f56bfc062723c751e8b465ee728b) (PreviewImporter) -> (artifact id: '2d041e58e7ef86bc1d6ddda4acc1268a') in 0.004813 seconds
Number of updated asset objects reloaded before import = 0Number of asset objects unloaded after import = 10

========================================================================
Received Import Request.
  Time since last request: 18.965226 seconds.
  path: Assets/Prefabs/Enemy3Big.prefab
  artifactKey: Guid(4993559752d999c448d79f2ba5364932) Importer(815301076,1909f56bfc062723c751e8b465ee728b)
Start importing Assets/Prefabs/Enemy3Big.prefab using Guid(4993559752d999c448d79f2ba5364932) Importer(815301076,1909f56bfc062723c751e8b465ee728b) (PreviewImporter) -> (artifact id: 'f39da3467791c4ce96fba3d24deba3a3') in 0.0128796 seconds
Number of updated asset objects reloaded before import = 0Number of asset objects unloaded after import = 10

========================================================================
Received Prepare
Begin MonoManager ReloadAssembly
- Loaded All Assemblies, in  0.441 seconds
Refreshing native plugins compatible for Editor in 0.63 ms, found 4 plugins.
Assertion failed on expression: 'pred(*previous, *i)'
Assertion failed on expression: 'pred(*previous, *i)'
Assertion failed on expression: 'pred(*previous, *i)'
Assertion failed on expression: 'pred(*previous, *i)'
Assertion failed on expression: 'pred(*previous, *i)'
Assertion failed on expression: 'pred(*previous, *i)'
Assertion failed on expression: 'pred(*previous, *i)'
Assertion failed on expression: 'pred(*previous, *i)'
Assertion failed on expression: 'pred(*previous, *i)'
Assertion failed on expression: 'pred(*previous, *i)'
Assertion failed on expression: 'pred(*previous, *i)'
Assertion failed on expression: 'pred(*previous, *i)'
Assertion failed on expression: 'pred(*previous, *i)'
Assertion failed on expression: 'pred(*previous, *i)'
Assertion failed on expression: 'pred(*previous, *i)'
Assertion failed on expression: 'pred(*previous, *i)'
Assertion failed on expression: 'pred(*previous, *i)'
Assertion failed on expression: 'pred(*previous, *i)'
Assertion failed on expression: 'pred(*previous, *i)'
Assertion failed on expression: 'pred(*previous, *i)'
Assertion failed on expression: 'pred(*previous, *i)'
Assertion failed on expression: 'pred(*previous, *i)'
Assertion failed on expression: 'pred(*previous, *i)'
Assertion failed on expression: 'pred(*previous, *i)'
Assertion failed on expression: 'pred(*previous, *i)'
Assertion failed on expression: 'pred(*previous, *i)'
Assertion failed on expression: 'pred(*previous, *i)'
Assertion failed on expression: 'pred(*previous, *i)'
Assertion failed on expression: 'pred(*previous, *i)'
Assertion failed on expression: 'pred(*previous, *i)'
Assertion failed on expression: 'pred(*previous, *i)'
Assertion failed on expression: 'pred(*previous, *i)'
Assertion failed on expression: 'pred(*previous, *i)'
Assertion failed on expression: 'pred(*previous, *i)'
Assertion failed on expression: 'pred(*previous, *i)'
Assertion failed on expression: 'pred(*previous, *i)'
Assertion failed on expression: 'pred(*previous, *i)'
Assertion failed on expression: 'pred(*previous, *i)'
Assertion failed on expression: 'pred(*previous, *i)'
Assertion failed on expression: 'pred(*previous, *i)'
Assertion failed on expression: 'pred(*previous, *i)'
Assertion failed on expression: 'pred(*previous, *i)'
Assertion failed on expression: 'pred(*previous, *i)'
Assertion failed on expression: 'pred(*previous, *i)'
Assertion failed on expression: 'pred(*previous, *i)'
Assertion failed on expression: 'pred(*previous, *i)'
Assertion failed on expression: 'pred(*previous, *i)'
Assertion failed on expression: 'pred(*previous, *i)'
Assertion failed on expression: 'pred(*previous, *i)'
Assertion failed on expression: 'pred(*previous, *i)'
Assertion failed on expression: 'pred(*previous, *i)'
Assertion failed on expression: 'pred(*previous, *i)'
Assertion failed on expression: 'pred(*previous, *i)'
Assertion failed on expression: 'pred(*previous, *i)'
Assertion failed on expression: 'pred(*previous, *i)'
Assertion failed on expression: 'pred(*previous, *i)'
Assertion failed on expression: 'pred(*previous, *i)'
Assertion failed on expression: 'pred(*previous, *i)'
Assertion failed on expression: 'pred(*previous, *i)'
Assertion failed on expression: 'pred(*previous, *i)'
Assertion failed on expression: 'pred(*previous, *i)'
Assertion failed on expression: 'pred(*previous, *i)'
Assertion failed on expression: 'pred(*previous, *i)'
Assertion failed on expression: 'pred(*previous, *i)'
Assertion failed on expression: 'pred(*previous, *i)'
Assertion failed on expression: 'pred(*previous, *i)'
Assertion failed on expression: 'pred(*previous, *i)'
Assertion failed on expression: 'pred(*previous, *i)'
Assertion failed on expression: 'pred(*previous, *i)'
Assertion failed on expression: 'pred(*previous, *i)'
Assertion failed on expression: 'pred(*previous, *i)'
Assertion failed on expression: 'pred(*previous, *i)'
Assertion failed on expression: 'pred(*previous, *i)'
Assertion failed on expression: 'pred(*previous, *i)'
Assertion failed on expression: 'pred(*previous, *i)'
Assertion failed on expression: 'pred(*previous, *i)'
Assertion failed on expression: 'pred(*previous, *i)'
Assertion failed on expression: 'pred(*previous, *i)'
Assertion failed on expression: 'pred(*previous, *i)'
Assertion failed on expression: 'pred(*previous, *i)'
Assertion failed on expression: 'pred(*previous, *i)'
Assertion failed on expression: 'pred(*previous, *i)'
Assertion failed on expression: 'pred(*previous, *i)'
Assertion failed on expression: 'pred(*previous, *i)'
Assertion failed on expression: 'pred(*previous, *i)'
Assertion failed on expression: 'pred(*previous, *i)'
Assertion failed on expression: 'pred(*previous, *i)'
Assertion failed on expression: 'pred(*previous, *i)'
Assertion failed on expression: 'pred(*previous, *i)'
Assertion failed on expression: 'pred(*previous, *i)'
Assertion failed on expression: 'pred(*previous, *i)'
Assertion failed on expression: 'pred(*previous, *i)'
Assertion failed on expression: 'pred(*previous, *i)'
Assertion failed on expression: 'pred(*previous, *i)'
Assertion failed on expression: 'pred(*previous, *i)'
Assertion failed on expression: 'pred(*previous, *i)'
Assertion failed on expression: 'pred(*previous, *i)'
Assertion failed on expression: 'pred(*previous, *i)'
Assertion failed on expression: 'pred(*previous, *i)'
Assertion failed on expression: 'pred(*previous, *i)'
Assertion failed on expression: 'pred(*previous, *i)'
Assertion failed on expression: 'pred(*previous, *i)'
Assertion failed on expression: 'pred(*previous, *i)'
Assertion failed on expression: 'pred(*previous, *i)'
Assertion failed on expression: 'pred(*previous, *i)'
Assertion failed on expression: 'pred(*previous, *i)'
Assertion failed on expression: 'pred(*previous, *i)'
Assertion failed on expression: 'pred(*previous, *i)'
Assertion failed on expression: 'pred(*previous, *i)'
Assertion failed on expression: 'pred(*previous, *i)'
Assertion failed on expression: 'pred(*previous, *i)'
Assertion failed on expression: 'pred(*previous, *i)'
Assertion failed on expression: 'pred(*previous, *i)'
Assertion failed on expression: 'pred(*previous, *i)'
Assertion failed on expression: 'pred(*previous, *i)'
Assertion failed on expression: 'pred(*previous, *i)'
Assertion failed on expression: 'pred(*previous, *i)'
Assertion failed on expression: 'pred(*previous, *i)'
Assertion failed on expression: 'pred(*previous, *i)'
Assertion failed on expression: 'pred(*previous, *i)'
Assertion failed on expression: 'pred(*previous, *i)'
Assertion failed on expression: 'pred(*previous, *i)'
Assertion failed on expression: 'pred(*previous, *i)'
Assertion failed on expression: 'pred(*previous, *i)'
Assertion failed on expression: 'pred(*previous, *i)'
Assertion failed on expression: 'pred(*previous, *i)'
Assertion failed on expression: 'pred(*previous, *i)'
Assertion failed on expression: 'pred(*previous, *i)'
Assertion failed on expression: 'pred(*previous, *i)'
Assertion failed on expression: 'pred(*previous, *i)'
Assertion failed on expression: 'pred(*previous, *i)'
Assertion failed on expression: 'pred(*previous, *i)'
Assertion failed on expression: 'pred(*previous, *i)'
Assertion failed on expression: 'pred(*previous, *i)'
Assertion failed on expression: 'pred(*previous, *i)'
Assertion failed on expression: 'pred(*previous, *i)'
Assertion failed on expression: 'pred(*previous, *i)'
Assertion failed on expression: 'pred(*previous, *i)'
Assertion failed on expression: 'pred(*previous, *i)'
Assertion failed on expression: 'pred(*previous, *i)'
Assertion failed on expression: 'pred(*previous, *i)'
Assertion failed on expression: 'pred(*previous, *i)'
Assertion failed on expression: 'pred(*previous, *i)'
Assertion failed on expression: 'pred(*previous, *i)'
Assertion failed on expression: 'pred(*previous, *i)'
Assertion failed on expression: 'pred(*previous, *i)'
Assertion failed on expression: 'pred(*previous, *i)'
Assertion failed on expression: 'pred(*previous, *i)'
Assertion failed on expression: 'pred(*previous, *i)'
Assertion failed on expression: 'pred(*previous, *i)'
Assertion failed on expression: 'pred(*previous, *i)'
Assertion failed on expression: 'pred(*previous, *i)'
Assertion failed on expression: 'pred(*previous, *i)'
Assertion failed on expression: 'pred(*previous, *i)'
Assertion failed on expression: 'pred(*previous, *i)'
Assertion failed on expression: 'pred(*previous, *i)'
Assertion failed on expression: 'pred(*previous, *i)'
Assertion failed on expression: 'pred(*previous, *i)'
Assertion failed on expression: 'pred(*previous, *i)'
Assertion failed on expression: 'pred(*previous, *i)'
Assertion failed on expression: 'pred(*previous, *i)'
Assertion failed on expression: 'pred(*previous, *i)'
Assertion failed on expression: 'pred(*previous, *i)'
Assertion failed on expression: 'pred(*previous, *i)'
Assertion failed on expression: 'pred(*previous, *i)'
Assertion failed on expression: 'pred(*previous, *i)'
Assertion failed on expression: 'pred(*previous, *i)'
Assertion failed on expression: 'pred(*previous, *i)'
Assertion failed on expression: 'pred(*previous, *i)'
Assertion failed on expression: 'pred(*previous, *i)'
Assertion failed on expression: 'pred(*previous, *i)'
Assertion failed on expression: 'pred(*previous, *i)'
Assertion failed on expression: 'pred(*previous, *i)'
Assertion failed on expression: 'pred(*previous, *i)'
Assertion failed on expression: 'pred(*previous, *i)'
Assertion failed on expression: 'pred(*previous, *i)'
Assertion failed on expression: 'pred(*previous, *i)'
Assertion failed on expression: 'pred(*previous, *i)'
Assertion failed on expression: 'pred(*previous, *i)'
Assertion failed on expression: 'pred(*previous, *i)'
Assertion failed on expression: 'pred(*previous, *i)'
Assertion failed on expression: 'pred(*previous, *i)'
Assertion failed on expression: 'pred(*previous, *i)'
Assertion failed on expression: 'pred(*previous, *i)'
Assertion failed on expression: 'pred(*previous, *i)'
Assertion failed on expression: 'pred(*previous, *i)'
Assertion failed on expression: 'pred(*previous, *i)'
Assertion failed on expression: 'pred(*previous, *i)'
Assertion failed on expression: 'pred(*previous, *i)'
Assertion failed on expression: 'pred(*previous, *i)'
Assertion failed on expression: 'pred(*previous, *i)'
Assertion failed on expression: 'pred(*previous, *i)'
Assertion failed on expression: 'pred(*previous, *i)'
Assertion failed on expression: 'pred(*previous, *i)'
Assertion failed on expression: 'pred(*previous, *i)'
Assertion failed on expression: 'pred(*previous, *i)'
Assertion failed on expression: 'pred(*previous, *i)'
Assertion failed on expression: 'pred(*previous, *i)'
Assertion failed on expression: 'pred(*previous, *i)'
Assertion failed on expression: 'pred(*previous, *i)'
Assertion failed on expression: 'pred(*previous, *i)'
Assertion failed on expression: 'pred(*previous, *i)'
Assertion failed on expression: 'pred(*previous, *i)'
Assertion failed on expression: 'pred(*previous, *i)'
Assertion failed on expression: 'pred(*previous, *i)'
Assertion failed on expression: 'pred(*previous, *i)'
Assertion failed on expression: 'pred(*previous, *i)'
Assertion failed on expression: 'pred(*previous, *i)'
Assertion failed on expression: 'pred(*previous, *i)'
Assertion failed on expression: 'pred(*previous, *i)'
Assertion failed on expression: 'pred(*previous, *i)'
Assertion failed on expression: 'pred(*previous, *i)'
Assertion failed on expression: 'pred(*previous, *i)'
Assertion failed on expression: 'pred(*previous, *i)'
Assertion failed on expression: 'pred(*previous, *i)'
Assertion failed on expression: 'pred(*previous, *i)'
Assertion failed on expression: 'pred(*previous, *i)'
Assertion failed on expression: 'pred(*previous, *i)'
Assertion failed on expression: 'pred(*previous, *i)'
Assertion failed on expression: 'pred(*previous, *i)'
Assertion failed on expression: 'pred(*previous, *i)'
Assertion failed on expression: 'pred(*previous, *i)'
Assertion failed on expression: 'pred(*previous, *i)'
Assertion failed on expression: 'pred(*previous, *i)'
Assertion failed on expression: 'pred(*previous, *i)'
Assertion failed on expression: 'pred(*previous, *i)'
Assertion failed on expression: 'pred(*previous, *i)'
Assertion failed on expression: 'pred(*previous, *i)'
Assertion failed on expression: 'pred(*previous, *i)'
Assertion failed on expression: 'pred(*previous, *i)'
Assertion failed on expression: 'pred(*previous, *i)'
Assertion failed on expression: 'pred(*previous, *i)'
Assertion failed on expression: 'pred(*previous, *i)'
Assertion failed on expression: 'pred(*previous, *i)'
Assertion failed on expression: 'pred(*previous, *i)'
Assertion failed on expression: 'pred(*previous, *i)'
Assertion failed on expression: 'pred(*previous, *i)'
Assertion failed on expression: 'pred(*previous, *i)'
Assertion failed on expression: 'pred(*previous, *i)'
Assertion failed on expression: 'pred(*previous, *i)'
Assertion failed on expression: 'pred(*previous, *i)'
Assertion failed on expression: 'pred(*previous, *i)'
Assertion failed on expression: 'pred(*previous, *i)'
Assertion failed on expression: 'pred(*previous, *i)'
Assertion failed on expression: 'pred(*previous, *i)'
Assertion failed on expression: 'pred(*previous, *i)'
Assertion failed on expression: 'pred(*previous, *i)'
Assertion failed on expression: 'pred(*previous, *i)'
Assertion failed on expression: 'pred(*previous, *i)'
Assertion failed on expression: 'pred(*previous, *i)'
Assertion failed on expression: 'pred(*previous, *i)'
Assertion failed on expression: 'pred(*previous, *i)'
Assertion failed on expression: 'pred(*previous, *i)'
Assertion failed on expression: 'pred(*previous, *i)'
Assertion failed on expression: 'pred(*previous, *i)'
Assertion failed on expression: 'pred(*previous, *i)'
Assertion failed on expression: 'pred(*previous, *i)'
Assertion failed on expression: 'pred(*previous, *i)'
Assertion failed on expression: 'pred(*previous, *i)'
Assertion failed on expression: 'pred(*previous, *i)'
Assertion failed on expression: 'pred(*previous, *i)'
Assertion failed on expression: 'pred(*previous, *i)'
Assertion failed on expression: 'pred(*previous, *i)'
Assertion failed on expression: 'pred(*previous, *i)'
Assertion failed on expression: 'pred(*previous, *i)'
Assertion failed on expression: 'pred(*previous, *i)'
Assertion failed on expression: 'pred(*previous, *i)'
Assertion failed on expression: 'pred(*previous, *i)'
Assertion failed on expression: 'pred(*previous, *i)'
Assertion failed on expression: 'pred(*previous, *i)'
Assertion failed on expression: 'pred(*previous, *i)'
Assertion failed on expression: 'pred(*previous, *i)'
Assertion failed on expression: 'pred(*previous, *i)'
Assertion failed on expression: 'pred(*previous, *i)'
Assertion failed on expression: 'pred(*previous, *i)'
Assertion failed on expression: 'pred(*previous, *i)'
Assertion failed on expression: 'pred(*previous, *i)'
Assertion failed on expression: 'pred(*previous, *i)'
Assertion failed on expression: 'pred(*previous, *i)'
Assertion failed on expression: 'pred(*previous, *i)'
Assertion failed on expression: 'pred(*previous, *i)'
Assertion failed on expression: 'pred(*previous, *i)'
Assertion failed on expression: 'pred(*previous, *i)'
Assertion failed on expression: 'pred(*previous, *i)'
Assertion failed on expression: 'pred(*previous, *i)'
Assertion failed on expression: 'pred(*previous, *i)'
Assertion failed on expression: 'pred(*previous, *i)'
Assertion failed on expression: 'pred(*previous, *i)'
Assertion failed on expression: 'pred(*previous, *i)'
Assertion failed on expression: 'pred(*previous, *i)'
Assertion failed on expression: 'pred(*previous, *i)'
Assertion failed on expression: 'pred(*previous, *i)'
Assertion failed on expression: 'pred(*previous, *i)'
Assertion failed on expression: 'pred(*previous, *i)'
Assertion failed on expression: 'pred(*previous, *i)'
Assertion failed on expression: 'pred(*previous, *i)'
Assertion failed on expression: 'pred(*previous, *i)'
Assertion failed on expression: 'pred(*previous, *i)'
Assertion failed on expression: 'pred(*previous, *i)'
Assertion failed on expression: 'pred(*previous, *i)'
Assertion failed on expression: 'pred(*previous, *i)'
Assertion failed on expression: 'pred(*previous, *i)'
Assertion failed on expression: 'pred(*previous, *i)'
Assertion failed on expression: 'pred(*previous, *i)'
Assertion failed on expression: 'pred(*previous, *i)'
Assertion failed on expression: 'pred(*previous, *i)'
Assertion failed on expression: 'pred(*previous, *i)'
Assertion failed on expression: 'pred(*previous, *i)'
Assertion failed on expression: 'pred(*previous, *i)'
Assertion failed on expression: 'pred(*previous, *i)'
Assertion failed on expression: 'pred(*previous, *i)'
Assertion failed on expression: 'pred(*previous, *i)'
Assertion failed on expression: 'pred(*previous, *i)'
Assertion failed on expression: 'pred(*previous, *i)'
Assertion failed on expression: 'pred(*previous, *i)'
Assertion failed on expression: 'pred(*previous, *i)'
Assertion failed on expression: 'pred(*previous, *i)'
Assertion failed on expression: 'pred(*previous, *i)'
Assertion failed on expression: 'pred(*previous, *i)'
Assertion failed on expression: 'pred(*previous, *i)'
Assertion failed on expression: 'pred(*previous, *i)'
Assertion failed on expression: 'pred(*previous, *i)'
Assertion failed on expression: 'pred(*previous, *i)'
Assertion failed on expression: 'pred(*previous, *i)'
Assertion failed on expression: 'pred(*previous, *i)'
Assertion failed on expression: 'pred(*previous, *i)'
Assertion failed on expression: 'pred(*previous, *i)'
Assertion failed on expression: 'pred(*previous, *i)'
Assertion failed on expression: 'pred(*previous, *i)'
Assertion failed on expression: 'pred(*previous, *i)'
Assertion failed on expression: 'pred(*previous, *i)'
Assertion failed on expression: 'pred(*previous, *i)'
Assertion failed on expression: 'pred(*previous, *i)'
Assertion failed on expression: 'pred(*previous, *i)'
Assertion failed on expression: 'pred(*previous, *i)'
Assertion failed on expression: 'pred(*previous, *i)'
Assertion failed on expression: 'pred(*previous, *i)'
Assertion failed on expression: 'pred(*previous, *i)'
Assertion failed on expression: 'pred(*previous, *i)'
Assertion failed on expression: 'pred(*previous, *i)'
Assertion failed on expression: 'pred(*previous, *i)'
Assertion failed on expression: 'pred(*previous, *i)'
Assertion failed on expression: 'pred(*previous, *i)'
Assertion failed on expression: 'pred(*previous, *i)'
Assertion failed on expression: 'pred(*previous, *i)'
Assertion failed on expression: 'pred(*previous, *i)'
Assertion failed on expression: 'pred(*previous, *i)'
Assertion failed on expression: 'pred(*previous, *i)'
Assertion failed on expression: 'pred(*previous, *i)'
Assertion failed on expression: 'pred(*previous, *i)'
Assertion failed on expression: 'pred(*previous, *i)'
Assertion failed on expression: 'pred(*previous, *i)'
Assertion failed on expression: 'pred(*previous, *i)'
Assertion failed on expression: 'pred(*previous, *i)'
Assertion failed on expression: 'pred(*previous, *i)'
Assertion failed on expression: 'pred(*previous, *i)'
Assertion failed on expression: 'pred(*previous, *i)'
Assertion failed on expression: 'pred(*previous, *i)'
Assertion failed on expression: 'pred(*previous, *i)'
Assertion failed on expression: 'pred(*previous, *i)'
Assertion failed on expression: 'pred(*previous, *i)'
Assertion failed on expression: 'pred(*previous, *i)'
Assertion failed on expression: 'pred(*previous, *i)'
Assertion failed on expression: 'pred(*previous, *i)'
Assertion failed on expression: 'pred(*previous, *i)'
Assertion failed on expression: 'pred(*previous, *i)'
Assertion failed on expression: 'pred(*previous, *i)'
Assertion failed on expression: 'pred(*previous, *i)'
Assertion failed on expression: 'pred(*previous, *i)'
Assertion failed on expression: 'pred(*previous, *i)'
Assertion failed on expression: 'pred(*previous, *i)'
Assertion failed on expression: 'pred(*previous, *i)'
Assertion failed on expression: 'pred(*previous, *i)'
Assertion failed on expression: 'pred(*previous, *i)'
Assertion failed on expression: 'pred(*previous, *i)'
Assertion failed on expression: 'pred(*previous, *i)'
Assertion failed on expression: 'pred(*previous, *i)'
Assertion failed on expression: 'pred(*previous, *i)'
Assertion failed on expression: 'pred(*previous, *i)'
Assertion failed on expression: 'pred(*previous, *i)'
Assertion failed on expression: 'pred(*previous, *i)'
Assertion failed on expression: 'pred(*previous, *i)'
Assertion failed on expression: 'pred(*previous, *i)'
Assertion failed on expression: 'pred(*previous, *i)'
Assertion failed on expression: 'pred(*previous, *i)'
Assertion failed on expression: 'pred(*previous, *i)'
Assertion failed on expression: 'pred(*previous, *i)'
Assertion failed on expression: 'pred(*previous, *i)'
Assertion failed on expression: 'pred(*previous, *i)'
Assertion failed on expression: 'pred(*previous, *i)'
Assertion failed on expression: 'pred(*previous, *i)'
Assertion failed on expression: 'pred(*previous, *i)'
Assertion failed on expression: 'pred(*previous, *i)'
Assertion failed on expression: 'pred(*previous, *i)'
Assertion failed on expression: 'pred(*previous, *i)'
Assertion failed on expression: 'pred(*previous, *i)'
Assertion failed on expression: 'pred(*previous, *i)'
Assertion failed on expression: 'pred(*previous, *i)'
Assertion failed on expression: 'pred(*previous, *i)'
Assertion failed on expression: 'pred(*previous, *i)'
Assertion failed on expression: 'pred(*previous, *i)'
Assertion failed on expression: 'pred(*previous, *i)'
Assertion failed on expression: 'pred(*previous, *i)'
Assertion failed on expression: 'pred(*previous, *i)'
Assertion failed on expression: 'pred(*previous, *i)'
Assertion failed on expression: 'pred(*previous, *i)'
Assertion failed on expression: 'pred(*previous, *i)'
Assertion failed on expression: 'pred(*previous, *i)'
Assertion failed on expression: 'pred(*previous, *i)'
Assertion failed on expression: 'pred(*previous, *i)'
Assertion failed on expression: 'pred(*previous, *i)'
Assertion failed on expression: 'pred(*previous, *i)'
Assertion failed on expression: 'pred(*previous, *i)'
Assertion failed on expression: 'pred(*previous, *i)'
Assertion failed on expression: 'pred(*previous, *i)'
Assertion failed on expression: 'pred(*previous, *i)'
Assertion failed on expression: 'pred(*previous, *i)'
Assertion failed on expression: 'pred(*previous, *i)'
Assertion failed on expression: 'pred(*previous, *i)'
Assertion failed on expression: 'pred(*previous, *i)'
Assertion failed on expression: 'pred(*previous, *i)'
Assertion failed on expression: 'pred(*previous, *i)'
Assertion failed on expression: 'pred(*previous, *i)'
Assertion failed on expression: 'pred(*previous, *i)'
Assertion failed on expression: 'pred(*previous, *i)'
Assertion failed on expression: 'pred(*previous, *i)'
Assertion failed on expression: 'pred(*previous, *i)'
Assertion failed on expression: 'pred(*previous, *i)'
Assertion failed on expression: 'pred(*previous, *i)'
Assertion failed on expression: 'pred(*previous, *i)'
Assertion failed on expression: 'pred(*previous, *i)'
Assertion failed on expression: 'pred(*previous, *i)'
Assertion failed on expression: 'pred(*previous, *i)'
Assertion failed on expression: 'pred(*previous, *i)'
Assertion failed on expression: 'pred(*previous, *i)'
Assertion failed on expression: 'pred(*previous, *i)'
Assertion failed on expression: 'pred(*previous, *i)'
Assertion failed on expression: 'pred(*previous, *i)'
Assertion failed on expression: 'pred(*previous, *i)'
Assertion failed on expression: 'pred(*previous, *i)'
Assertion failed on expression: 'pred(*previous, *i)'
Assertion failed on expression: 'pred(*previous, *i)'
Assertion failed on expression: 'pred(*previous, *i)'
Assertion failed on expression: 'pred(*previous, *i)'
Assertion failed on expression: 'pred(*previous, *i)'
Assertion failed on expression: 'pred(*previous, *i)'
Assertion failed on expression: 'pred(*previous, *i)'
Assertion failed on expression: 'pred(*previous, *i)'
Assertion failed on expression: 'pred(*previous, *i)'
Assertion failed on expression: 'pred(*previous, *i)'
Assertion failed on expression: 'pred(*previous, *i)'
Assertion failed on expression: 'pred(*previous, *i)'
Assertion failed on expression: 'pred(*previous, *i)'
Assertion failed on expression: 'pred(*previous, *i)'
Assertion failed on expression: 'pred(*previous, *i)'
Assertion failed on expression: 'pred(*previous, *i)'
Assertion failed on expression: 'pred(*previous, *i)'
Assertion failed on expression: 'pred(*previous, *i)'
Assertion failed on expression: 'pred(*previous, *i)'
Assertion failed on expression: 'pred(*previous, *i)'
Assertion failed on expression: 'pred(*previous, *i)'
Assertion failed on expression: 'pred(*previous, *i)'
Assertion failed on expression: 'pred(*previous, *i)'
Assertion failed on expression: 'pred(*previous, *i)'
Assertion failed on expression: 'pred(*previous, *i)'
Assertion failed on expression: 'pred(*previous, *i)'
Assertion failed on expression: 'pred(*previous, *i)'
Assertion failed on expression: 'pred(*previous, *i)'
Assertion failed on expression: 'pred(*previous, *i)'
Assertion failed on expression: 'pred(*previous, *i)'
Assertion failed on expression: 'pred(*previous, *i)'
Assertion failed on expression: 'pred(*previous, *i)'
Assertion failed on expression: 'pred(*previous, *i)'
Assertion failed on expression: 'pred(*previous, *i)'
Assertion failed on expression: 'pred(*previous, *i)'
Assertion failed on expression: 'pred(*previous, *i)'
Assertion failed on expression: 'pred(*previous, *i)'
Assertion failed on expression: 'pred(*previous, *i)'
Assertion failed on expression: 'pred(*previous, *i)'
Assertion failed on expression: 'pred(*previous, *i)'
Assertion failed on expression: 'pred(*previous, *i)'
Assertion failed on expression: 'pred(*previous, *i)'
Assertion failed on expression: 'pred(*previous, *i)'
Assertion failed on expression: 'pred(*previous, *i)'
Assertion failed on expression: 'pred(*previous, *i)'
Assertion failed on expression: 'pred(*previous, *i)'
Assertion failed on expression: 'pred(*previous, *i)'
Assertion failed on expression: 'pred(*previous, *i)'
Assertion failed on expression: 'pred(*previous, *i)'
Assertion failed on expression: 'pred(*previous, *i)'
Assertion failed on expression: 'pred(*previous, *i)'
Assertion failed on expression: 'pred(*previous, *i)'
Assertion failed on expression: 'pred(*previous, *i)'
Assertion failed on expression: 'pred(*previous, *i)'
Assertion failed on expression: 'pred(*previous, *i)'
Assertion failed on expression: 'pred(*previous, *i)'
Assertion failed on expression: 'pred(*previous, *i)'
Assertion failed on expression: 'pred(*previous, *i)'
Assertion failed on expression: 'pred(*previous, *i)'
Assertion failed on expression: 'pred(*previous, *i)'
Assertion failed on expression: 'pred(*previous, *i)'
Assertion failed on expression: 'pred(*previous, *i)'
Assertion failed on expression: 'pred(*previous, *i)'
Assertion failed on expression: 'pred(*previous, *i)'
Assertion failed on expression: 'pred(*previous, *i)'
Assertion failed on expression: 'pred(*previous, *i)'
Assertion failed on expression: 'pred(*previous, *i)'
Assertion failed on expression: 'pred(*previous, *i)'
Assertion failed on expression: 'pred(*previous, *i)'
Assertion failed on expression: 'pred(*previous, *i)'
Assertion failed on expression: 'pred(*previous, *i)'
Assertion failed on expression: 'pred(*previous, *i)'
Assertion failed on expression: 'pred(*previous, *i)'
Assertion failed on expression: 'pred(*previous, *i)'
Assertion failed on expression: 'pred(*previous, *i)'
Assertion failed on expression: 'pred(*previous, *i)'
Assertion failed on expression: 'pred(*previous, *i)'
Assertion failed on expression: 'pred(*previous, *i)'
Assertion failed on expression: 'pred(*previous, *i)'
Assertion failed on expression: 'pred(*previous, *i)'
Assertion failed on expression: 'pred(*previous, *i)'
Assertion failed on expression: 'pred(*previous, *i)'
Assertion failed on expression: 'pred(*previous, *i)'
Assertion failed on expression: 'pred(*previous, *i)'
Assertion failed on expression: 'pred(*previous, *i)'
Assertion failed on expression: 'pred(*previous, *i)'
Assertion failed on expression: 'pred(*previous, *i)'
Assertion failed on expression: 'pred(*previous, *i)'
Assertion failed on expression: 'pred(*previous, *i)'
Assertion failed on expression: 'pred(*previous, *i)'
Assertion failed on expression: 'pred(*previous, *i)'
Assertion failed on expression: 'pred(*previous, *i)'
Assertion failed on expression: 'pred(*previous, *i)'
Assertion failed on expression: 'pred(*previous, *i)'
Assertion failed on expression: 'pred(*previous, *i)'
Assertion failed on expression: 'pred(*previous, *i)'
Assertion failed on expression: 'pred(*previous, *i)'
Assertion failed on expression: 'pred(*previous, *i)'
Assertion failed on expression: 'pred(*previous, *i)'
Assertion failed on expression: 'pred(*previous, *i)'
Assertion failed on expression: 'pred(*previous, *i)'
Assertion failed on expression: 'pred(*previous, *i)'
Assertion failed on expression: 'pred(*previous, *i)'
Assertion failed on expression: 'pred(*previous, *i)'
Assertion failed on expression: 'pred(*previous, *i)'
Assertion failed on expression: 'pred(*previous, *i)'
Assertion failed on expression: 'pred(*previous, *i)'
Assertion failed on expression: 'pred(*previous, *i)'
Assertion failed on expression: 'pred(*previous, *i)'
Assertion failed on expression: 'pred(*previous, *i)'
Assertion failed on expression: 'pred(*previous, *i)'
Assertion failed on expression: 'pred(*previous, *i)'
Assertion failed on expression: 'pred(*previous, *i)'
Assertion failed on expression: 'pred(*previous, *i)'
Assertion failed on expression: 'pred(*previous, *i)'
Assertion failed on expression: 'pred(*previous, *i)'
Assertion failed on expression: 'pred(*previous, *i)'
Assertion failed on expression: 'pred(*previous, *i)'
Assertion failed on expression: 'pred(*previous, *i)'
Assertion failed on expression: 'pred(*previous, *i)'
Assertion failed on expression: 'pred(*previous, *i)'
Assertion failed on expression: 'pred(*previous, *i)'
Assertion failed on expression: 'pred(*previous, *i)'
Assertion failed on expression: 'pred(*previous, *i)'
Assertion failed on expression: 'pred(*previous, *i)'
Assertion failed on expression: 'pred(*previous, *i)'
Assertion failed on expression: 'pred(*previous, *i)'
Assertion failed on expression: 'pred(*previous, *i)'
Assertion failed on expression: 'pred(*previous, *i)'
Assertion failed on expression: 'pred(*previous, *i)'
Assertion failed on expression: 'pred(*previous, *i)'
Assertion failed on expression: 'pred(*previous, *i)'
Assertion failed on expression: 'pred(*previous, *i)'
Assertion failed on expression: 'pred(*previous, *i)'
Assertion failed on expression: 'pred(*previous, *i)'
Assertion failed on expression: 'pred(*previous, *i)'
Assertion failed on expression: 'pred(*previous, *i)'
Assertion failed on expression: 'pred(*previous, *i)'
Assertion failed on expression: 'pred(*previous, *i)'
Assertion failed on expression: 'pred(*previous, *i)'
Assertion failed on expression: 'pred(*previous, *i)'
Assertion failed on expression: 'pred(*previous, *i)'
Assertion failed on expression: 'pred(*previous, *i)'
Assertion failed on expression: 'pred(*previous, *i)'
Assertion failed on expression: 'pred(*previous, *i)'
Assertion failed on expression: 'pred(*previous, *i)'
Assertion failed on expression: 'pred(*previous, *i)'
Assertion failed on expression: 'pred(*previous, *i)'
Assertion failed on expression: 'pred(*previous, *i)'
Assertion failed on expression: 'pred(*previous, *i)'
Assertion failed on expression: 'pred(*previous, *i)'
Assertion failed on expression: 'pred(*previous, *i)'
Assertion failed on expression: 'pred(*previous, *i)'
Assertion failed on expression: 'pred(*previous, *i)'
Assertion failed on expression: 'pred(*previous, *i)'
Assertion failed on expression: 'pred(*previous, *i)'
Assertion failed on expression: 'pred(*previous, *i)'
Assertion failed on expression: 'pred(*previous, *i)'
Assertion failed on expression: 'pred(*previous, *i)'
Assertion failed on expression: 'pred(*previous, *i)'
Assertion failed on expression: 'pred(*previous, *i)'
Assertion failed on expression: 'pred(*previous, *i)'
Assertion failed on expression: 'pred(*previous, *i)'
Assertion failed on expression: 'pred(*previous, *i)'
Assertion failed on expression: 'pred(*previous, *i)'
Assertion failed on expression: 'pred(*previous, *i)'
Assertion failed on expression: 'pred(*previous, *i)'
Assertion failed on expression: 'pred(*previous, *i)'
Assertion failed on expression: 'pred(*previous, *i)'
Assertion failed on expression: 'pred(*previous, *i)'
Assertion failed on expression: 'pred(*previous, *i)'
Assertion failed on expression: 'pred(*previous, *i)'
Assertion failed on expression: 'pred(*previous, *i)'
Assertion failed on expression: 'pred(*previous, *i)'
Assertion failed on expression: 'pred(*previous, *i)'
Assertion failed on expression: 'pred(*previous, *i)'
Assertion failed on expression: 'pred(*previous, *i)'
Assertion failed on expression: 'pred(*previous, *i)'
Assertion failed on expression: 'pred(*previous, *i)'
Assertion failed on expression: 'pred(*previous, *i)'
Assertion failed on expression: 'pred(*previous, *i)'
Assertion failed on expression: 'pred(*previous, *i)'
Assertion failed on expression: 'pred(*previous, *i)'
Assertion failed on expression: 'pred(*previous, *i)'
Assertion failed on expression: 'pred(*previous, *i)'
Assertion failed on expression: 'pred(*previous, *i)'
Assertion failed on expression: 'pred(*previous, *i)'
Assertion failed on expression: 'pred(*previous, *i)'
Assertion failed on expression: 'pred(*previous, *i)'
Assertion failed on expression: 'pred(*previous, *i)'
Assertion failed on expression: 'pred(*previous, *i)'
Assertion failed on expression: 'pred(*previous, *i)'
Assertion failed on expression: 'pred(*previous, *i)'
Assertion failed on expression: 'pred(*previous, *i)'
Assertion failed on expression: 'pred(*previous, *i)'
Assertion failed on expression: 'pred(*previous, *i)'
Assertion failed on expression: 'pred(*previous, *i)'
Assertion failed on expression: 'pred(*previous, *i)'
Assertion failed on expression: 'pred(*previous, *i)'
Assertion failed on expression: 'pred(*previous, *i)'
Assertion failed on expression: 'pred(*previous, *i)'
Assertion failed on expression: 'pred(*previous, *i)'
Assertion failed on expression: 'pred(*previous, *i)'
Assertion failed on expression: 'pred(*previous, *i)'
Assertion failed on expression: 'pred(*previous, *i)'
Assertion failed on expression: 'pred(*previous, *i)'
Assertion failed on expression: 'pred(*previous, *i)'
Assertion failed on expression: 'pred(*previous, *i)'
Assertion failed on expression: 'pred(*previous, *i)'
Assertion failed on expression: 'pred(*previous, *i)'
Assertion failed on expression: 'pred(*previous, *i)'
Assertion failed on expression: 'pred(*previous, *i)'
Assertion failed on expression: 'pred(*previous, *i)'
Assertion failed on expression: 'pred(*previous, *i)'
Assertion failed on expression: 'pred(*previous, *i)'
Assertion failed on expression: 'pred(*previous, *i)'
Assertion failed on expression: 'pred(*previous, *i)'
Assertion failed on expression: 'pred(*previous, *i)'
Assertion failed on expression: 'pred(*previous, *i)'
Assertion failed on expression: 'pred(*previous, *i)'
Assertion failed on expression: 'pred(*previous, *i)'
Assertion failed on expression: 'pred(*previous, *i)'
Assertion failed on expression: 'pred(*previous, *i)'
Assertion failed on expression: 'pred(*previous, *i)'
Assertion failed on expression: 'pred(*previous, *i)'
Assertion failed on expression: 'pred(*previous, *i)'
Assertion failed on expression: 'pred(*previous, *i)'
Assertion failed on expression: 'pred(*previous, *i)'
Assertion failed on expression: 'pred(*previous, *i)'
Assertion failed on expression: 'pred(*previous, *i)'
Assertion failed on expression: 'pred(*previous, *i)'
Assertion failed on expression: 'pred(*previous, *i)'
Assertion failed on expression: 'pred(*previous, *i)'
Assertion failed on expression: 'pred(*previous, *i)'
Assertion failed on expression: 'pred(*previous, *i)'
Assertion failed on expression: 'pred(*previous, *i)'
Assertion failed on expression: 'pred(*previous, *i)'
Assertion failed on expression: 'pred(*previous, *i)'
Assertion failed on expression: 'pred(*previous, *i)'
Assertion failed on expression: 'pred(*previous, *i)'
Assertion failed on expression: 'pred(*previous, *i)'
Assertion failed on expression: 'pred(*previous, *i)'
Assertion failed on expression: 'pred(*previous, *i)'
Assertion failed on expression: 'pred(*previous, *i)'
Assertion failed on expression: 'pred(*previous, *i)'
Assertion failed on expression: 'pred(*previous, *i)'
Assertion failed on expression: 'pred(*previous, *i)'
Assertion failed on expression: 'pred(*previous, *i)'
Assertion failed on expression: 'pred(*previous, *i)'
Assertion failed on expression: 'pred(*previous, *i)'
Assertion failed on expression: 'pred(*previous, *i)'
Assertion failed on expression: 'pred(*previous, *i)'
Assertion failed on expression: 'pred(*previous, *i)'
Assertion failed on expression: 'pred(*previous, *i)'
Assertion failed on expression: 'pred(*previous, *i)'
Assertion failed on expression: 'pred(*previous, *i)'
Assertion failed on expression: 'pred(*previous, *i)'
Assertion failed on expression: 'pred(*previous, *i)'
Assertion failed on expression: 'pred(*previous, *i)'
Assertion failed on expression: 'pred(*previous, *i)'
Assertion failed on expression: 'pred(*previous, *i)'
Assertion failed on expression: 'pred(*previous, *i)'
Assertion failed on expression: 'pred(*previous, *i)'
Assertion failed on expression: 'pred(*previous, *i)'
Assertion failed on expression: 'pred(*previous, *i)'
Assertion failed on expression: 'pred(*previous, *i)'
Assertion failed on expression: 'pred(*previous, *i)'
Assertion failed on expression: 'pred(*previous, *i)'
Assertion failed on expression: 'pred(*previous, *i)'
Assertion failed on expression: 'pred(*previous, *i)'
Assertion failed on expression: 'pred(*previous, *i)'
Assertion failed on expression: 'pred(*previous, *i)'
Assertion failed on expression: 'pred(*previous, *i)'
Assertion failed on expression: 'pred(*previous, *i)'
Assertion failed on expression: 'pred(*previous, *i)'
Assertion failed on expression: 'pred(*previous, *i)'
Assertion failed on expression: 'pred(*previous, *i)'
Assertion failed on expression: 'pred(*previous, *i)'
Assertion failed on expression: 'pred(*previous, *i)'
Assertion failed on expression: 'pred(*previous, *i)'
Assertion failed on expression: 'pred(*previous, *i)'
Assertion failed on expression: 'pred(*previous, *i)'
Assertion failed on expression: 'pred(*previous, *i)'
Assertion failed on expression: 'pred(*previous, *i)'
Assertion failed on expression: 'pred(*previous, *i)'
Assertion failed on expression: 'pred(*previous, *i)'
Assertion failed on expression: 'pred(*previous, *i)'
Assertion failed on expression: 'pred(*previous, *i)'
Assertion failed on expression: 'pred(*previous, *i)'
Assertion failed on expression: 'pred(*previous, *i)'
Assertion failed on expression: 'pred(*previous, *i)'
Assertion failed on expression: 'pred(*previous, *i)'
Assertion failed on expression: 'pred(*previous, *i)'
Assertion failed on expression: 'pred(*previous, *i)'
Assertion failed on expression: 'pred(*previous, *i)'
Assertion failed on expression: 'pred(*previous, *i)'
Assertion failed on expression: 'pred(*previous, *i)'
Assertion failed on expression: 'pred(*previous, *i)'
Assertion failed on expression: 'pred(*previous, *i)'
Assertion failed on expression: 'pred(*previous, *i)'
Assertion failed on expression: 'pred(*previous, *i)'
Assertion failed on expression: 'pred(*previous, *i)'
Assertion failed on expression: 'pred(*previous, *i)'
Assertion failed on expression: 'pred(*previous, *i)'
Assertion failed on expression: 'pred(*previous, *i)'
Assertion failed on expression: 'pred(*previous, *i)'
Assertion failed on expression: 'pred(*previous, *i)'
Assertion failed on expression: 'pred(*previous, *i)'
Assertion failed on expression: 'pred(*previous, *i)'
Assertion failed on expression: 'pred(*previous, *i)'
Assertion failed on expression: 'pred(*previous, *i)'
Assertion failed on expression: 'pred(*previous, *i)'
Assertion failed on expression: 'pred(*previous, *i)'
Assertion failed on expression: 'pred(*previous, *i)'
Assertion failed on expression: 'pred(*previous, *i)'
Assertion failed on expression: 'pred(*previous, *i)'
Assertion failed on expression: 'pred(*previous, *i)'
Assertion failed on expression: 'pred(*previous, *i)'
Assertion failed on expression: 'pred(*previous, *i)'
Assertion failed on expression: 'pred(*previous, *i)'
Assertion failed on expression: 'pred(*previous, *i)'
Assertion failed on expression: 'pred(*previous, *i)'
Assertion failed on expression: 'pred(*previous, *i)'
Assertion failed on expression: 'pred(*previous, *i)'
Assertion failed on expression: 'pred(*previous, *i)'
Assertion failed on expression: 'pred(*previous, *i)'
Assertion failed on expression: 'pred(*previous, *i)'
Assertion failed on expression: 'pred(*previous, *i)'
Assertion failed on expression: 'pred(*previous, *i)'
Assertion failed on expression: 'pred(*previous, *i)'
Assertion failed on expression: 'pred(*previous, *i)'
Assertion failed on expression: 'pred(*previous, *i)'
Assertion failed on expression: 'pred(*previous, *i)'
Assertion failed on expression: 'pred(*previous, *i)'
Assertion failed on expression: 'pred(*previous, *i)'
Assertion failed on expression: 'pred(*previous, *i)'
Assertion failed on expression: 'pred(*previous, *i)'
Assertion failed on expression: 'pred(*previous, *i)'
Assertion failed on expression: 'pred(*previous, *i)'
Assertion failed on expression: 'pred(*previous, *i)'
Assertion failed on expression: 'pred(*previous, *i)'
Assertion failed on expression: 'pred(*previous, *i)'
Assertion failed on expression: 'pred(*previous, *i)'
Assertion failed on expression: 'pred(*previous, *i)'
Assertion failed on expression: 'pred(*previous, *i)'
Assertion failed on expression: 'pred(*previous, *i)'
Assertion failed on expression: 'pred(*previous, *i)'
Assertion failed on expression: 'pred(*previous, *i)'
Assertion failed on expression: 'pred(*previous, *i)'
Assertion failed on expression: 'pred(*previous, *i)'
Assertion failed on expression: 'pred(*previous, *i)'
Assertion failed on expression: 'pred(*previous, *i)'
Assertion failed on expression: 'pred(*previous, *i)'
Assertion failed on expression: 'pred(*previous, *i)'
Assertion failed on expression: 'pred(*previous, *i)'
Assertion failed on expression: 'pred(*previous, *i)'
Assertion failed on expression: 'pred(*previous, *i)'
Assertion failed on expression: 'pred(*previous, *i)'
Assertion failed on expression: 'pred(*previous, *i)'
Assertion failed on expression: 'pred(*previous, *i)'
Assertion failed on expression: 'pred(*previous, *i)'
Assertion failed on expression: 'pred(*previous, *i)'
Assertion failed on expression: 'pred(*previous, *i)'
Assertion failed on expression: 'pred(*previous, *i)'
Assertion failed on expression: 'pred(*previous, *i)'
Assertion failed on expression: 'pred(*previous, *i)'
Assertion failed on expression: 'pred(*previous, *i)'
Assertion failed on expression: 'pred(*previous, *i)'
Assertion failed on expression: 'pred(*previous, *i)'
Assertion failed on expression: 'pred(*previous, *i)'
Assertion failed on expression: 'pred(*previous, *i)'
Assertion failed on expression: 'pred(*previous, *i)'
Assertion failed on expression: 'pred(*previous, *i)'
Assertion failed on expression: 'pred(*previous, *i)'
Assertion failed on expression: 'pred(*previous, *i)'
Assertion failed on expression: 'pred(*previous, *i)'
Assertion failed on expression: 'pred(*previous, *i)'
Assertion failed on expression: 'pred(*previous, *i)'
Assertion failed on expression: 'pred(*previous, *i)'
Assertion failed on expression: 'pred(*previous, *i)'
Assertion failed on expression: 'pred(*previous, *i)'
Assertion failed on expression: 'pred(*previous, *i)'
Assertion failed on expression: 'pred(*previous, *i)'
Assertion failed on expression: 'pred(*previous, *i)'
Assertion failed on expression: 'pred(*previous, *i)'
Assertion failed on expression: 'pred(*previous, *i)'
Assertion failed on expression: 'pred(*previous, *i)'
Assertion failed on expression: 'pred(*previous, *i)'
Assertion failed on expression: 'pred(*previous, *i)'
Assertion failed on expression: 'pred(*previous, *i)'
Assertion failed on expression: 'pred(*previous, *i)'
Assertion failed on expression: 'pred(*previous, *i)'
Assertion failed on expression: 'pred(*previous, *i)'
Assertion failed on expression: 'pred(*previous, *i)'
Assertion failed on expression: 'pred(*previous, *i)'
Assertion failed on expression: 'pred(*previous, *i)'
Assertion failed on expression: 'pred(*previous, *i)'
Assertion failed on expression: 'pred(*previous, *i)'
Assertion failed on expression: 'pred(*previous, *i)'
Assertion failed on expression: 'pred(*previous, *i)'
Assertion failed on expression: 'pred(*previous, *i)'
Assertion failed on expression: 'pred(*previous, *i)'
Assertion failed on expression: 'pred(*previous, *i)'
Assertion failed on expression: 'pred(*previous, *i)'
Assertion failed on expression: 'pred(*previous, *i)'
Assertion failed on expression: 'pred(*previous, *i)'
Assertion failed on expression: 'pred(*previous, *i)'
Assertion failed on expression: 'pred(*previous, *i)'
Assertion failed on expression: 'pred(*previous, *i)'
Assertion failed on expression: 'pred(*previous, *i)'
Assertion failed on expression: 'pred(*previous, *i)'
Assertion failed on expression: 'pred(*previous, *i)'
Assertion failed on expression: 'pred(*previous, *i)'
Assertion failed on expression: 'pred(*previous, *i)'
Assertion failed on expression: 'pred(*previous, *i)'
Assertion failed on expression: 'pred(*previous, *i)'
Assertion failed on expression: 'pred(*previous, *i)'
Assertion failed on expression: 'pred(*previous, *i)'
Assertion failed on expression: 'pred(*previous, *i)'
Assertion failed on expression: 'pred(*previous, *i)'
Assertion failed on expression: 'pred(*previous, *i)'
Assertion failed on expression: 'pred(*previous, *i)'
Assertion failed on expression: 'pred(*previous, *i)'
Assertion failed on expression: 'pred(*previous, *i)'
Assertion failed on expression: 'pred(*previous, *i)'
Assertion failed on expression: 'pred(*previous, *i)'
Assertion failed on expression: 'pred(*previous, *i)'
Assertion failed on expression: 'pred(*previous, *i)'
Assertion failed on expression: 'pred(*previous, *i)'
Assertion failed on expression: 'pred(*previous, *i)'
Assertion failed on expression: 'pred(*previous, *i)'
Assertion failed on expression: 'pred(*previous, *i)'
Assertion failed on expression: 'pred(*previous, *i)'
Assertion failed on expression: 'pred(*previous, *i)'
Assertion failed on expression: 'pred(*previous, *i)'
Assertion failed on expression: 'pred(*previous, *i)'
Assertion failed on expression: 'pred(*previous, *i)'
Assertion failed on expression: 'pred(*previous, *i)'
Assertion failed on expression: 'pred(*previous, *i)'
Assertion failed on expression: 'pred(*previous, *i)'
Assertion failed on expression: 'pred(*previous, *i)'
Assertion failed on expression: 'pred(*previous, *i)'
Assertion failed on expression: 'pred(*previous, *i)'
Assertion failed on expression: 'pred(*previous, *i)'
Assertion failed on expression: 'pred(*previous, *i)'
Assertion failed on expression: 'pred(*previous, *i)'
Assertion failed on expression: 'pred(*previous, *i)'
Assertion failed on expression: 'pred(*previous, *i)'
Assertion failed on expression: 'pred(*previous, *i)'
Assertion failed on expression: 'pred(*previous, *i)'
Assertion failed on expression: 'pred(*previous, *i)'
Assertion failed on expression: 'pred(*previous, *i)'
Assertion failed on expression: 'pred(*previous, *i)'
Assertion failed on expression: 'pred(*previous, *i)'
Assertion failed on expression: 'pred(*previous, *i)'
Assertion failed on expression: 'pred(*previous, *i)'
Assertion failed on expression: 'pred(*previous, *i)'
Assertion failed on expression: 'pred(*previous, *i)'
Assertion failed on expression: 'pred(*previous, *i)'
Assertion failed on expression: 'pred(*previous, *i)'
Assertion failed on expression: 'pred(*previous, *i)'
Assertion failed on expression: 'pred(*previous, *i)'
Assertion failed on expression: 'pred(*previous, *i)'
Assertion failed on expression: 'pred(*previous, *i)'
Assertion failed on expression: 'pred(*previous, *i)'
Assertion failed on expression: 'pred(*previous, *i)'
Assertion failed on expression: 'pred(*previous, *i)'
Assertion failed on expression: 'pred(*previous, *i)'
Assertion failed on expression: 'pred(*previous, *i)'
Assertion failed on expression: 'pred(*previous, *i)'
Assertion failed on expression: 'pred(*previous, *i)'
Assertion failed on expression: 'pred(*previous, *i)'
Assertion failed on expression: 'pred(*previous, *i)'
Assertion failed on expression: 'pred(*previous, *i)'
Assertion failed on expression: 'pred(*previous, *i)'
Assertion failed on expression: 'pred(*previous, *i)'
Assertion failed on expression: 'pred(*previous, *i)'
Assertion failed on expression: 'pred(*previous, *i)'
Assertion failed on expression: 'pred(*previous, *i)'
Assertion failed on expression: 'pred(*previous, *i)'
Assertion failed on expression: 'pred(*previous, *i)'
Assertion failed on expression: 'pred(*previous, *i)'
Assertion failed on expression: 'pred(*previous, *i)'
Assertion failed on expression: 'pred(*previous, *i)'
Assertion failed on expression: 'pred(*previous, *i)'
Assertion failed on expression: 'pred(*previous, *i)'
Assertion failed on expression: 'pred(*previous, *i)'
Assertion failed on expression: 'pred(*previous, *i)'
Assertion failed on expression: 'pred(*previous, *i)'
Assertion failed on expression: 'pred(*previous, *i)'
Assertion failed on expression: 'pred(*previous, *i)'
Assertion failed on expression: 'pred(*previous, *i)'
Assertion failed on expression: 'pred(*previous, *i)'
Assertion failed on expression: 'pred(*previous, *i)'
Assertion failed on expression: 'pred(*previous, *i)'
Assertion failed on expression: 'pred(*previous, *i)'
Assertion failed on expression: 'pred(*previous, *i)'
Assertion failed on expression: 'pred(*previous, *i)'
Assertion failed on expression: 'pred(*previous, *i)'
Assertion failed on expression: 'pred(*previous, *i)'
Assertion failed on expression: 'pred(*previous, *i)'
Assertion failed on expression: 'pred(*previous, *i)'
Assertion failed on expression: 'pred(*previous, *i)'
Assertion failed on expression: 'pred(*previous, *i)'
Assertion failed on expression: 'pred(*previous, *i)'
Assertion failed on expression: 'pred(*previous, *i)'
Assertion failed on expression: 'pred(*previous, *i)'
Assertion failed on expression: 'pred(*previous, *i)'
Assertion failed on expression: 'pred(*previous, *i)'
Assertion failed on expression: 'pred(*previous, *i)'
Assertion failed on expression: 'pred(*previous, *i)'
Assertion failed on expression: 'pred(*previous, *i)'
Assertion failed on expression: 'pred(*previous, *i)'
Assertion failed on expression: 'pred(*previous, *i)'
Assertion failed on expression: 'pred(*previous, *i)'
Assertion failed on expression: 'pred(*previous, *i)'
Assertion failed on expression: 'pred(*previous, *i)'
Assertion failed on expression: 'pred(*previous, *i)'
Assertion failed on expression: 'pred(*previous, *i)'
Assertion failed on expression: 'pred(*previous, *i)'
Assertion failed on expression: 'pred(*previous, *i)'
Assertion failed on expression: 'pred(*previous, *i)'
Assertion failed on expression: 'pred(*previous, *i)'
Assertion failed on expression: 'pred(*previous, *i)'
Assertion failed on expression: 'pred(*previous, *i)'
Assertion failed on expression: 'pred(*previous, *i)'
Assertion failed on expression: 'pred(*previous, *i)'
Assertion failed on expression: 'pred(*previous, *i)'
Assertion failed on expression: 'pred(*previous, *i)'
Assertion failed on expression: 'pred(*previous, *i)'
Assertion failed on expression: 'pred(*previous, *i)'
Assertion failed on expression: 'pred(*previous, *i)'
Assertion failed on expression: 'pred(*previous, *i)'
Assertion failed on expression: 'pred(*previous, *i)'
Assertion failed on expression: 'pred(*previous, *i)'
Assertion failed on expression: 'pred(*previous, *i)'
Assertion failed on expression: 'pred(*previous, *i)'
Assertion failed on expression: 'pred(*previous, *i)'
Assertion failed on expression: 'pred(*previous, *i)'
Assertion failed on expression: 'pred(*previous, *i)'
Assertion failed on expression: 'pred(*previous, *i)'
Assertion failed on expression: 'pred(*previous, *i)'
Assertion failed on expression: 'pred(*previous, *i)'
Assertion failed on expression: 'pred(*previous, *i)'
Assertion failed on expression: 'pred(*previous, *i)'
Assertion failed on expression: 'pred(*previous, *i)'
Assertion failed on expression: 'pred(*previous, *i)'
Assertion failed on expression: 'pred(*previous, *i)'
Assertion failed on expression: 'pred(*previous, *i)'
Assertion failed on expression: 'pred(*previous, *i)'
Assertion failed on expression: 'pred(*previous, *i)'
Assertion failed on expression: 'pred(*previous, *i)'
Assertion failed on expression: 'pred(*previous, *i)'
Assertion failed on expression: 'pred(*previous, *i)'
Assertion failed on expression: 'pred(*previous, *i)'
Assertion failed on expression: 'pred(*previous, *i)'
Assertion failed on expression: 'pred(*previous, *i)'
Assertion failed on expression: 'pred(*previous, *i)'
Assertion failed on expression: 'pred(*previous, *i)'
Assertion failed on expression: 'pred(*previous, *i)'
Assertion failed on expression: 'pred(*previous, *i)'
Assertion failed on expression: 'pred(*previous, *i)'
Assertion failed on expression: 'pred(*previous, *i)'
Assertion failed on expression: 'pred(*previous, *i)'
Assertion failed on expression: 'pred(*previous, *i)'
Assertion failed on expression: 'pred(*previous, *i)'
Assertion failed on expression: 'pred(*previous, *i)'
Assertion failed on expression: 'pred(*previous, *i)'
Assertion failed on expression: 'pred(*previous, *i)'
Assertion failed on expression: 'pred(*previous, *i)'
Assertion failed on expression: 'pred(*previous, *i)'
Assertion failed on expression: 'pred(*previous, *i)'
Assertion failed on expression: 'pred(*previous, *i)'
Assertion failed on expression: 'pred(*previous, *i)'
Assertion failed on expression: 'pred(*previous, *i)'
Assertion failed on expression: 'pred(*previous, *i)'
Assertion failed on expression: 'pred(*previous, *i)'
Assertion failed on expression: 'pred(*previous, *i)'
Assertion failed on expression: 'pred(*previous, *i)'
Assertion failed on expression: 'pred(*previous, *i)'
Assertion failed on expression: 'pred(*previous, *i)'
Assertion failed on expression: 'pred(*previous, *i)'
Assertion failed on expression: 'pred(*previous, *i)'
Assertion failed on expression: 'pred(*previous, *i)'
Assertion failed on expression: 'pred(*previous, *i)'
Assertion failed on expression: 'pred(*previous, *i)'
Assertion failed on expression: 'pred(*previous, *i)'
Assertion failed on expression: 'pred(*previous, *i)'
Assertion failed on expression: 'pred(*previous, *i)'
Assertion failed on expression: 'pred(*previous, *i)'
Assertion failed on expression: 'pred(*previous, *i)'
Assertion failed on expression: 'pred(*previous, *i)'
Assertion failed on expression: 'pred(*previous, *i)'
Assertion failed on expression: 'pred(*previous, *i)'
Assertion failed on expression: 'pred(*previous, *i)'
Assertion failed on expression: 'pred(*previous, *i)'
Assertion failed on expression: 'pred(*previous, *i)'
Assertion failed on expression: 'pred(*previous, *i)'
Assertion failed on expression: 'pred(*previous, *i)'
Assertion failed on expression: 'pred(*previous, *i)'
Assertion failed on expression: 'pred(*previous, *i)'
Assertion failed on expression: 'pred(*previous, *i)'
Assertion failed on expression: 'pred(*previous, *i)'
Assertion failed on expression: 'pred(*previous, *i)'
Assertion failed on expression: 'pred(*previous, *i)'
Assertion failed on expression: 'pred(*previous, *i)'
Assertion failed on expression: 'pred(*previous, *i)'
Assertion failed on expression: 'pred(*previous, *i)'
Assertion failed on expression: 'pred(*previous, *i)'
Assertion failed on expression: 'pred(*previous, *i)'
Assertion failed on expression: 'pred(*previous, *i)'
Assertion failed on expression: 'pred(*previous, *i)'
Assertion failed on expression: 'pred(*previous, *i)'
Assertion failed on expression: 'pred(*previous, *i)'
Assertion failed on expression: 'pred(*previous, *i)'
Assertion failed on expression: 'pred(*previous, *i)'
Assertion failed on expression: 'pred(*previous, *i)'
Assertion failed on expression: 'pred(*previous, *i)'
Assertion failed on expression: 'pred(*previous, *i)'
Assertion failed on expression: 'pred(*previous, *i)'
Assertion failed on expression: 'pred(*previous, *i)'
Assertion failed on expression: 'pred(*previous, *i)'
Assertion failed on expression: 'pred(*previous, *i)'
Assertion failed on expression: 'pred(*previous, *i)'
Assertion failed on expression: 'pred(*previous, *i)'
Assertion failed on expression: 'pred(*previous, *i)'
Assertion failed on expression: 'pred(*previous, *i)'
Assertion failed on expression: 'pred(*previous, *i)'
Assertion failed on expression: 'pred(*previous, *i)'
Assertion failed on expression: 'pred(*previous, *i)'
Assertion failed on expression: 'pred(*previous, *i)'
Assertion failed on expression: 'pred(*previous, *i)'
Assertion failed on expression: 'pred(*previous, *i)'
Assertion failed on expression: 'pred(*previous, *i)'
Assertion failed on expression: 'pred(*previous, *i)'
Assertion failed on expression: 'pred(*previous, *i)'
Assertion failed on expression: 'pred(*previous, *i)'
Assertion failed on expression: 'pred(*previous, *i)'
Assertion failed on expression: 'pred(*previous, *i)'
Assertion failed on expression: 'pred(*previous, *i)'
Assertion failed on expression: 'pred(*previous, *i)'
Assertion failed on expression: 'pred(*previous, *i)'
Assertion failed on expression: 'pred(*previous, *i)'
Assertion failed on expression: 'pred(*previous, *i)'
Assertion failed on expression: 'pred(*previous, *i)'
Assertion failed on expression: 'pred(*previous, *i)'
Assertion failed on expression: 'pred(*previous, *i)'
Assertion failed on expression: 'pred(*previous, *i)'
Assertion failed on expression: 'pred(*previous, *i)'
Assertion failed on expression: 'pred(*previous, *i)'
Assertion failed on expression: 'pred(*previous, *i)'
Assertion failed on expression: 'pred(*previous, *i)'
Assertion failed on expression: 'pred(*previous, *i)'
Assertion failed on expression: 'pred(*previous, *i)'
Assertion failed on expression: 'pred(*previous, *i)'
Assertion failed on expression: 'pred(*previous, *i)'
Assertion failed on expression: 'pred(*previous, *i)'
Assertion failed on expression: 'pred(*previous, *i)'
Assertion failed on expression: 'pred(*previous, *i)'
Assertion failed on expression: 'pred(*previous, *i)'
Assertion failed on expression: 'pred(*previous, *i)'
Assertion failed on expression: 'pred(*previous, *i)'
Assertion failed on expression: 'pred(*previous, *i)'
Assertion failed on expression: 'pred(*previous, *i)'
Assertion failed on expression: 'pred(*previous, *i)'
Assertion failed on expression: 'pred(*previous, *i)'
Assertion failed on expression: 'pred(*previous, *i)'
Assertion failed on expression: 'pred(*previous, *i)'
Assertion failed on expression: 'pred(*previous, *i)'
Assertion failed on expression: 'pred(*previous, *i)'
Assertion failed on expression: 'pred(*previous, *i)'
Assertion failed on expression: 'pred(*previous, *i)'
Assertion failed on expression: 'pred(*previous, *i)'
Assertion failed on expression: 'pred(*previous, *i)'
Assertion failed on expression: 'pred(*previous, *i)'
Assertion failed on expression: 'pred(*previous, *i)'
Assertion failed on expression: 'pred(*previous, *i)'
Assertion failed on expression: 'pred(*previous, *i)'
Assertion failed on expression: 'pred(*previous, *i)'
Assertion failed on expression: 'pred(*previous, *i)'
Assertion failed on expression: 'pred(*previous, *i)'
Assertion failed on expression: 'pred(*previous, *i)'
Assertion failed on expression: 'pred(*previous, *i)'
Assertion failed on expression: 'pred(*previous, *i)'
Assertion failed on expression: 'pred(*previous, *i)'
Assertion failed on expression: 'pred(*previous, *i)'
Assertion failed on expression: 'pred(*previous, *i)'
Assertion failed on expression: 'pred(*previous, *i)'
Assertion failed on expression: 'pred(*previous, *i)'
Assertion failed on expression: 'pred(*previous, *i)'
Assertion failed on expression: 'pred(*previous, *i)'
Assertion failed on expression: 'pred(*previous, *i)'
Assertion failed on expression: 'pred(*previous, *i)'
Assertion failed on expression: 'pred(*previous, *i)'
Assertion failed on expression: 'pred(*previous, *i)'
Assertion failed on expression: 'pred(*previous, *i)'
Assertion failed on expression: 'pred(*previous, *i)'
Assertion failed on expression: 'pred(*previous, *i)'
Assertion failed on expression: 'pred(*previous, *i)'
Assertion failed on expression: 'pred(*previous, *i)'
Assertion failed on expression: 'pred(*previous, *i)'
Assertion failed on expression: 'pred(*previous, *i)'
Assertion failed on expression: 'pred(*previous, *i)'
Assertion failed on expression: 'pred(*previous, *i)'
Assertion failed on expression: 'pred(*previous, *i)'
Assertion failed on expression: 'pred(*previous, *i)'
Assertion failed on expression: 'pred(*previous, *i)'
Assertion failed on expression: 'pred(*previous, *i)'
Assertion failed on expression: 'pred(*previous, *i)'
Assertion failed on expression: 'pred(*previous, *i)'
Assertion failed on expression: 'pred(*previous, *i)'
Assertion failed on expression: 'pred(*previous, *i)'
Assertion failed on expression: 'pred(*previous, *i)'
Assertion failed on expression: 'pred(*previous, *i)'
Assertion failed on expression: 'pred(*previous, *i)'
Assertion failed on expression: 'pred(*previous, *i)'
Assertion failed on expression: 'pred(*previous, *i)'
Assertion failed on expression: 'pred(*previous, *i)'
Assertion failed on expression: 'pred(*previous, *i)'
Assertion failed on expression: 'pred(*previous, *i)'
Assertion failed on expression: 'pred(*previous, *i)'
Assertion failed on expression: 'pred(*previous, *i)'
Assertion failed on expression: 'pred(*previous, *i)'
Assertion failed on expression: 'pred(*previous, *i)'
Assertion failed on expression: 'pred(*previous, *i)'
Assertion failed on expression: 'pred(*previous, *i)'
Assertion failed on expression: 'pred(*previous, *i)'
Assertion failed on expression: 'pred(*previous, *i)'
Assertion failed on expression: 'pred(*previous, *i)'
Assertion failed on expression: 'pred(*previous, *i)'
Assertion failed on expression: 'pred(*previous, *i)'
Assertion failed on expression: 'pred(*previous, *i)'
Assertion failed on expression: 'pred(*previous, *i)'
Assertion failed on expression: 'pred(*previous, *i)'
Assertion failed on expression: 'pred(*previous, *i)'
Assertion failed on expression: 'pred(*previous, *i)'
Assertion failed on expression: 'pred(*previous, *i)'
Assertion failed on expression: 'pred(*previous, *i)'
Assertion failed on expression: 'pred(*previous, *i)'
Assertion failed on expression: 'pred(*previous, *i)'
Assertion failed on expression: 'pred(*previous, *i)'
Assertion failed on expression: 'pred(*previous, *i)'
Assertion failed on expression: 'pred(*previous, *i)'
Assertion failed on expression: 'pred(*previous, *i)'
Assertion failed on expression: 'pred(*previous, *i)'
Assertion failed on expression: 'pred(*previous, *i)'
Assertion failed on expression: 'pred(*previous, *i)'
Assertion failed on expression: 'pred(*previous, *i)'
Assertion failed on expression: 'pred(*previous, *i)'
Assertion failed on expression: 'pred(*previous, *i)'
Assertion failed on expression: 'pred(*previous, *i)'
Assertion failed on expression: 'pred(*previous, *i)'
Assertion failed on expression: 'pred(*previous, *i)'
Assertion failed on expression: 'pred(*previous, *i)'
Assertion failed on expression: 'pred(*previous, *i)'
Assertion failed on expression: 'pred(*previous, *i)'
Assertion failed on expression: 'pred(*previous, *i)'
Assertion failed on expression: 'pred(*previous, *i)'
Assertion failed on expression: 'pred(*previous, *i)'
Assertion failed on expression: 'pred(*previous, *i)'
Assertion failed on expression: 'pred(*previous, *i)'
Assertion failed on expression: 'pred(*previous, *i)'
Assertion failed on expression: 'pred(*previous, *i)'
Assertion failed on expression: 'pred(*previous, *i)'
Assertion failed on expression: 'pred(*previous, *i)'
Assertion failed on expression: 'pred(*previous, *i)'
Assertion failed on expression: 'pred(*previous, *i)'
Assertion failed on expression: 'pred(*previous, *i)'
Assertion failed on expression: 'pred(*previous, *i)'
Assertion failed on expression: 'pred(*previous, *i)'
Assertion failed on expression: 'pred(*previous, *i)'
Assertion failed on expression: 'pred(*previous, *i)'
Assertion failed on expression: 'pred(*previous, *i)'
Assertion failed on expression: 'pred(*previous, *i)'
Assertion failed on expression: 'pred(*previous, *i)'
Assertion failed on expression: 'pred(*previous, *i)'
Assertion failed on expression: 'pred(*previous, *i)'
Assertion failed on expression: 'pred(*previous, *i)'
Assertion failed on expression: 'pred(*previous, *i)'
Assertion failed on expression: 'pred(*previous, *i)'
Assertion failed on expression: 'pred(*previous, *i)'
Assertion failed on expression: 'pred(*previous, *i)'
Assertion failed on expression: 'pred(*previous, *i)'
Assertion failed on expression: 'pred(*previous, *i)'
Assertion failed on expression: 'pred(*previous, *i)'
Assertion failed on expression: 'pred(*previous, *i)'
Assertion failed on expression: 'pred(*previous, *i)'
Assertion failed on expression: 'pred(*previous, *i)'
Assertion failed on expression: 'pred(*previous, *i)'
Assertion failed on expression: 'pred(*previous, *i)'
Assertion failed on expression: 'pred(*previous, *i)'
Assertion failed on expression: 'pred(*previous, *i)'
Assertion failed on expression: 'pred(*previous, *i)'
Assertion failed on expression: 'pred(*previous, *i)'
Assertion failed on expression: 'pred(*previous, *i)'
Assertion failed on expression: 'pred(*previous, *i)'
Assertion failed on expression: 'pred(*previous, *i)'
Assertion failed on expression: 'pred(*previous, *i)'
Assertion failed on expression: 'pred(*previous, *i)'
Assertion failed on expression: 'pred(*previous, *i)'
Assertion failed on expression: 'pred(*previous, *i)'
Assertion failed on expression: 'pred(*previous, *i)'
Assertion failed on expression: 'pred(*previous, *i)'
Assertion failed on expression: 'pred(*previous, *i)'
Assertion failed on expression: 'pred(*previous, *i)'
Assertion failed on expression: 'pred(*previous, *i)'
Assertion failed on expression: 'pred(*previous, *i)'
Assertion failed on expression: 'pred(*previous, *i)'
Assertion failed on expression: 'pred(*previous, *i)'
Assertion failed on expression: 'pred(*previous, *i)'
Assertion failed on expression: 'pred(*previous, *i)'
Assertion failed on expression: 'pred(*previous, *i)'
Assertion failed on expression: 'pred(*previous, *i)'
Assertion failed on expression: 'pred(*previous, *i)'
Assertion failed on expression: 'pred(*previous, *i)'
Assertion failed on expression: 'pred(*previous, *i)'
Assertion failed on expression: 'pred(*previous, *i)'
Assertion failed on expression: 'pred(*previous, *i)'
Assertion failed on expression: 'pred(*previous, *i)'
Assertion failed on expression: 'pred(*previous, *i)'
Assertion failed on expression: 'pred(*previous, *i)'
Assertion failed on expression: 'pred(*previous, *i)'
Assertion failed on expression: 'pred(*previous, *i)'
Assertion failed on expression: 'pred(*previous, *i)'
Assertion failed on expression: 'pred(*previous, *i)'
Assertion failed on expression: 'pred(*previous, *i)'
Assertion failed on expression: 'pred(*previous, *i)'
Assertion failed on expression: 'pred(*previous, *i)'
Assertion failed on expression: 'pred(*previous, *i)'
Assertion failed on expression: 'pred(*previous, *i)'
Assertion failed on expression: 'pred(*previous, *i)'
Assertion failed on expression: 'pred(*previous, *i)'
Assertion failed on expression: 'pred(*previous, *i)'
Assertion failed on expression: 'pred(*previous, *i)'
Assertion failed on expression: 'pred(*previous, *i)'
Assertion failed on expression: 'pred(*previous, *i)'
Assertion failed on expression: 'pred(*previous, *i)'
Assertion failed on expression: 'pred(*previous, *i)'
Assertion failed on expression: 'pred(*previous, *i)'
Assertion failed on expression: 'pred(*previous, *i)'
Assertion failed on expression: 'pred(*previous, *i)'
Assertion failed on expression: 'pred(*previous, *i)'
Assertion failed on expression: 'pred(*previous, *i)'
Assertion failed on expression: 'pred(*previous, *i)'
Assertion failed on expression: 'pred(*previous, *i)'
Assertion failed on expression: 'pred(*previous, *i)'
Assertion failed on expression: 'pred(*previous, *i)'
Assertion failed on expression: 'pred(*previous, *i)'
Assertion failed on expression: 'pred(*previous, *i)'
Assertion failed on expression: 'pred(*previous, *i)'
Assertion failed on expression: 'pred(*previous, *i)'
Assertion failed on expression: 'pred(*previous, *i)'
Assertion failed on expression: 'pred(*previous, *i)'
Assertion failed on expression: 'pred(*previous, *i)'
Assertion failed on expression: 'pred(*previous, *i)'
Assertion failed on expression: 'pred(*previous, *i)'
Assertion failed on expression: 'pred(*previous, *i)'
Assertion failed on expression: 'pred(*previous, *i)'
Assertion failed on expression: 'pred(*previous, *i)'
Assertion failed on expression: 'pred(*previous, *i)'
Assertion failed on expression: 'pred(*previous, *i)'
Assertion failed on expression: 'pred(*previous, *i)'
Assertion failed on expression: 'pred(*previous, *i)'
Assertion failed on expression: 'pred(*previous, *i)'
Assertion failed on expression: 'pred(*previous, *i)'
Assertion failed on expression: 'pred(*previous, *i)'
Assertion failed on expression: 'pred(*previous, *i)'
Assertion failed on expression: 'pred(*previous, *i)'
Assertion failed on expression: 'pred(*previous, *i)'
Assertion failed on expression: 'pred(*previous, *i)'
Assertion failed on expression: 'pred(*previous, *i)'
Assertion failed on expression: 'pred(*previous, *i)'
Assertion failed on expression: 'pred(*previous, *i)'
Assertion failed on expression: 'pred(*previous, *i)'
Assertion failed on expression: 'pred(*previous, *i)'
Assertion failed on expression: 'pred(*previous, *i)'
Assertion failed on expression: 'pred(*previous, *i)'
Assertion failed on expression: 'pred(*previous, *i)'
Assertion failed on expression: 'pred(*previous, *i)'
Assertion failed on expression: 'pred(*previous, *i)'
Assertion failed on expression: 'pred(*previous, *i)'
Assertion failed on expression: 'pred(*previous, *i)'
Assertion failed on expression: 'pred(*previous, *i)'
Assertion failed on expression: 'pred(*previous, *i)'
Assertion failed on expression: 'pred(*previous, *i)'
Assertion failed on expression: 'pred(*previous, *i)'
Assertion failed on expression: 'pred(*previous, *i)'
Assertion failed on expression: 'pred(*previous, *i)'
Assertion failed on expression: 'pred(*previous, *i)'
Assertion failed on expression: 'pred(*previous, *i)'
Assertion failed on expression: 'pred(*previous, *i)'
Assertion failed on expression: 'pred(*previous, *i)'
Assertion failed on expression: 'pred(*previous, *i)'
Assertion failed on expression: 'pred(*previous, *i)'
Assertion failed on expression: 'pred(*previous, *i)'
Assertion failed on expression: 'pred(*previous, *i)'
Assertion failed on expression: 'pred(*previous, *i)'
Assertion failed on expression: 'pred(*previous, *i)'
Assertion failed on expression: 'pred(*previous, *i)'
Assertion failed on expression: 'pred(*previous, *i)'
Assertion failed on expression: 'pred(*previous, *i)'
Assertion failed on expression: 'pred(*previous, *i)'
Assertion failed on expression: 'pred(*previous, *i)'
Assertion failed on expression: 'pred(*previous, *i)'
Assertion failed on expression: 'pred(*previous, *i)'
Assertion failed on expression: 'pred(*previous, *i)'
Assertion failed on expression: 'pred(*previous, *i)'
Assertion failed on expression: 'pred(*previous, *i)'
Assertion failed on expression: 'pred(*previous, *i)'
Assertion failed on expression: 'pred(*previous, *i)'
Assertion failed on expression: 'pred(*previous, *i)'
Assertion failed on expression: 'pred(*previous, *i)'
Assertion failed on expression: 'pred(*previous, *i)'
Assertion failed on expression: 'pred(*previous, *i)'
Assertion failed on expression: 'pred(*previous, *i)'
Assertion failed on expression: 'pred(*previous, *i)'
Assertion failed on expression: 'pred(*previous, *i)'
Assertion failed on expression: 'pred(*previous, *i)'
Assertion failed on expression: 'pred(*previous, *i)'
Assertion failed on expression: 'pred(*previous, *i)'
Assertion failed on expression: 'pred(*previous, *i)'
Assertion failed on expression: 'pred(*previous, *i)'
Assertion failed on expression: 'pred(*previous, *i)'
Assertion failed on expression: 'pred(*previous, *i)'
Assertion failed on expression: 'pred(*previous, *i)'
Assertion failed on expression: 'pred(*previous, *i)'
Assertion failed on expression: 'pred(*previous, *i)'
Assertion failed on expression: 'pred(*previous, *i)'
Assertion failed on expression: 'pred(*previous, *i)'
Assertion failed on expression: 'pred(*previous, *i)'
Assertion failed on expression: 'pred(*previous, *i)'
Assertion failed on expression: 'pred(*previous, *i)'
Assertion failed on expression: 'pred(*previous, *i)'
Assertion failed on expression: 'pred(*previous, *i)'
Assertion failed on expression: 'pred(*previous, *i)'
Assertion failed on expression: 'pred(*previous, *i)'
Assertion failed on expression: 'pred(*previous, *i)'
Assertion failed on expression: 'pred(*previous, *i)'
Assertion failed on expression: 'pred(*previous, *i)'
Assertion failed on expression: 'pred(*previous, *i)'
Assertion failed on expression: 'pred(*previous, *i)'
Assertion failed on expression: 'pred(*previous, *i)'
Assertion failed on expression: 'pred(*previous, *i)'
Assertion failed on expression: 'pred(*previous, *i)'
Assertion failed on expression: 'pred(*previous, *i)'
Assertion failed on expression: 'pred(*previous, *i)'
Assertion failed on expression: 'pred(*previous, *i)'
Assertion failed on expression: 'pred(*previous, *i)'
Assertion failed on expression: 'pred(*previous, *i)'
Assertion failed on expression: 'pred(*previous, *i)'
Assertion failed on expression: 'pred(*previous, *i)'
Assertion failed on expression: 'pred(*previous, *i)'
Assertion failed on expression: 'pred(*previous, *i)'
Assertion failed on expression: 'pred(*previous, *i)'
Assertion failed on expression: 'pred(*previous, *i)'
Assertion failed on expression: 'pred(*previous, *i)'
Assertion failed on expression: 'pred(*previous, *i)'
Assertion failed on expression: 'pred(*previous, *i)'
Assertion failed on expression: 'pred(*previous, *i)'
Assertion failed on expression: 'pred(*previous, *i)'
Assertion failed on expression: 'pred(*previous, *i)'
Assertion failed on expression: 'pred(*previous, *i)'
Assertion failed on expression: 'pred(*previous, *i)'
Assertion failed on expression: 'pred(*previous, *i)'
Assertion failed on expression: 'pred(*previous, *i)'
Assertion failed on expression: 'pred(*previous, *i)'
Assertion failed on expression: 'pred(*previous, *i)'
Assertion failed on expression: 'pred(*previous, *i)'
Assertion failed on expression: 'pred(*previous, *i)'
Assertion failed on expression: 'pred(*previous, *i)'
Assertion failed on expression: 'pred(*previous, *i)'
Assertion failed on expression: 'pred(*previous, *i)'
Assertion failed on expression: 'pred(*previous, *i)'
Assertion failed on expression: 'pred(*previous, *i)'
Assertion failed on expression: 'pred(*previous, *i)'
Assertion failed on expression: 'pred(*previous, *i)'
Assertion failed on expression: 'pred(*previous, *i)'
Assertion failed on expression: 'pred(*previous, *i)'
Assertion failed on expression: 'pred(*previous, *i)'
Assertion failed on expression: 'pred(*previous, *i)'
Assertion failed on expression: 'pred(*previous, *i)'
Assertion failed on expression: 'pred(*previous, *i)'
Assertion failed on expression: 'pred(*previous, *i)'
Assertion failed on expression: 'pred(*previous, *i)'
Assertion failed on expression: 'pred(*previous, *i)'
Assertion failed on expression: 'pred(*previous, *i)'
Assertion failed on expression: 'pred(*previous, *i)'
Assertion failed on expression: 'pred(*previous, *i)'
Assertion failed on expression: 'pred(*previous, *i)'
Assertion failed on expression: 'pred(*previous, *i)'
Assertion failed on expression: 'pred(*previous, *i)'
Assertion failed on expression: 'pred(*previous, *i)'
Assertion failed on expression: 'pred(*previous, *i)'
Assertion failed on expression: 'pred(*previous, *i)'
Assertion failed on expression: 'pred(*previous, *i)'
Assertion failed on expression: 'pred(*previous, *i)'
Assertion failed on expression: 'pred(*previous, *i)'
Assertion failed on expression: 'pred(*previous, *i)'
Assertion failed on expression: 'pred(*previous, *i)'
Assertion failed on expression: 'pred(*previous, *i)'
Assertion failed on expression: 'pred(*previous, *i)'
Assertion failed on expression: 'pred(*previous, *i)'
Assertion failed on expression: 'pred(*previous, *i)'
Assertion failed on expression: 'pred(*previous, *i)'
Assertion failed on expression: 'pred(*previous, *i)'
Assertion failed on expression: 'pred(*previous, *i)'
Assertion failed on expression: 'pred(*previous, *i)'
Assertion failed on expression: 'pred(*previous, *i)'
Assertion failed on expression: 'pred(*previous, *i)'
Assertion failed on expression: 'pred(*previous, *i)'
Assertion failed on expression: 'pred(*previous, *i)'
Assertion failed on expression: 'pred(*previous, *i)'
Assertion failed on expression: 'pred(*previous, *i)'
Assertion failed on expression: 'pred(*previous, *i)'
Assertion failed on expression: 'pred(*previous, *i)'
Assertion failed on expression: 'pred(*previous, *i)'
Assertion failed on expression: 'pred(*previous, *i)'
Assertion failed on expression: 'pred(*previous, *i)'
Assertion failed on expression: 'pred(*previous, *i)'
Assertion failed on expression: 'pred(*previous, *i)'
Assertion failed on expression: 'pred(*previous, *i)'
Assertion failed on expression: 'pred(*previous, *i)'
Assertion failed on expression: 'pred(*previous, *i)'
Assertion failed on expression: 'pred(*previous, *i)'
Assertion failed on expression: 'pred(*previous, *i)'
Assertion failed on expression: 'pred(*previous, *i)'
Assertion failed on expression: 'pred(*previous, *i)'
Assertion failed on expression: 'pred(*previous, *i)'
Assertion failed on expression: 'pred(*previous, *i)'
Assertion failed on expression: 'pred(*previous, *i)'
Assertion failed on expression: 'pred(*previous, *i)'
Assertion failed on expression: 'pred(*previous, *i)'
Assertion failed on expression: 'pred(*previous, *i)'
Assertion failed on expression: 'pred(*previous, *i)'
Assertion failed on expression: 'pred(*previous, *i)'
Assertion failed on expression: 'pred(*previous, *i)'
Assertion failed on expression: 'pred(*previous, *i)'
Assertion failed on expression: 'pred(*previous, *i)'
Assertion failed on expression: 'pred(*previous, *i)'
Assertion failed on expression: 'pred(*previous, *i)'
Assertion failed on expression: 'pred(*previous, *i)'
Assertion failed on expression: 'pred(*previous, *i)'
Assertion failed on expression: 'pred(*previous, *i)'
Assertion failed on expression: 'pred(*previous, *i)'
Assertion failed on expression: 'pred(*previous, *i)'
Assertion failed on expression: 'pred(*previous, *i)'
Assertion failed on expression: 'pred(*previous, *i)'
Assertion failed on expression: 'pred(*previous, *i)'
Assertion failed on expression: 'pred(*previous, *i)'
Assertion failed on expression: 'pred(*previous, *i)'
Assertion failed on expression: 'pred(*previous, *i)'
Assertion failed on expression: 'pred(*previous, *i)'
Assertion failed on expression: 'pred(*previous, *i)'
Assertion failed on expression: 'pred(*previous, *i)'
Assertion failed on expression: 'pred(*previous, *i)'
Assertion failed on expression: 'pred(*previous, *i)'
Assertion failed on expression: 'pred(*previous, *i)'
Assertion failed on expression: 'pred(*previous, *i)'
Assertion failed on expression: 'pred(*previous, *i)'
Assertion failed on expression: 'pred(*previous, *i)'
Assertion failed on expression: 'pred(*previous, *i)'
Assertion failed on expression: 'pred(*previous, *i)'
Assertion failed on expression: 'pred(*previous, *i)'
Assertion failed on expression: 'pred(*previous, *i)'
Assertion failed on expression: 'pred(*previous, *i)'
Assertion failed on expression: 'pred(*previous, *i)'
Assertion failed on expression: 'pred(*previous, *i)'
Assertion failed on expression: 'pred(*previous, *i)'
Assertion failed on expression: 'pred(*previous, *i)'
Assertion failed on expression: 'pred(*previous, *i)'
Assertion failed on expression: 'pred(*previous, *i)'
Assertion failed on expression: 'pred(*previous, *i)'
Assertion failed on expression: 'pred(*previous, *i)'
Assertion failed on expression: 'pred(*previous, *i)'
Assertion failed on expression: 'pred(*previous, *i)'
Assertion failed on expression: 'pred(*previous, *i)'
Assertion failed on expression: 'pred(*previous, *i)'
Assertion failed on expression: 'pred(*previous, *i)'
Assertion failed on expression: 'pred(*previous, *i)'
Assertion failed on expression: 'pred(*previous, *i)'
Assertion failed on expression: 'pred(*previous, *i)'
Assertion failed on expression: 'pred(*previous, *i)'
Assertion failed on expression: 'pred(*previous, *i)'
Assertion failed on expression: 'pred(*previous, *i)'
Assertion failed on expression: 'pred(*previous, *i)'
Assertion failed on expression: 'pred(*previous, *i)'
Assertion failed on expression: 'pred(*previous, *i)'
Assertion failed on expression: 'pred(*previous, *i)'
Assertion failed on expression: 'pred(*previous, *i)'
Assertion failed on expression: 'pred(*previous, *i)'
Assertion failed on expression: 'pred(*previous, *i)'
Assertion failed on expression: 'pred(*previous, *i)'
Assertion failed on expression: 'pred(*previous, *i)'
Assertion failed on expression: 'pred(*previous, *i)'
Assertion failed on expression: 'pred(*previous, *i)'
Assertion failed on expression: 'pred(*previous, *i)'
Assertion failed on expression: 'pred(*previous, *i)'
Assertion failed on expression: 'pred(*previous, *i)'
Assertion failed on expression: 'pred(*previous, *i)'
Assertion failed on expression: 'pred(*previous, *i)'
Assertion failed on expression: 'pred(*previous, *i)'
Assertion failed on expression: 'pred(*previous, *i)'
Assertion failed on expression: 'pred(*previous, *i)'
Assertion failed on expression: 'pred(*previous, *i)'
Assertion failed on expression: 'pred(*previous, *i)'
Assertion failed on expression: 'pred(*previous, *i)'
Assertion failed on expression: 'pred(*previous, *i)'
Assertion failed on expression: 'pred(*previous, *i)'
Assertion failed on expression: 'pred(*previous, *i)'
Assertion failed on expression: 'pred(*previous, *i)'
Assertion failed on expression: 'pred(*previous, *i)'
Assertion failed on expression: 'pred(*previous, *i)'
Assertion failed on expression: 'pred(*previous, *i)'
Assertion failed on expression: 'pred(*previous, *i)'
Assertion failed on expression: 'pred(*previous, *i)'
Assertion failed on expression: 'pred(*previous, *i)'
Assertion failed on expression: 'pred(*previous, *i)'
Assertion failed on expression: 'pred(*previous, *i)'
Assertion failed on expression: 'pred(*previous, *i)'
Assertion failed on expression: 'pred(*previous, *i)'
Assertion failed on expression: 'pred(*previous, *i)'
Assertion failed on expression: 'pred(*previous, *i)'
Assertion failed on expression: 'pred(*previous, *i)'
Assertion failed on expression: 'pred(*previous, *i)'
Assertion failed on expression: 'pred(*previous, *i)'
Assertion failed on expression: 'pred(*previous, *i)'
Assertion failed on expression: 'pred(*previous, *i)'
Assertion failed on expression: 'pred(*previous, *i)'
Assertion failed on expression: 'pred(*previous, *i)'
Assertion failed on expression: 'pred(*previous, *i)'
Assertion failed on expression: 'pred(*previous, *i)'
Assertion failed on expression: 'pred(*previous, *i)'
Assertion failed on expression: 'pred(*previous, *i)'
Assertion failed on expression: 'pred(*previous, *i)'
Assertion failed on expression: 'pred(*previous, *i)'
Assertion failed on expression: 'pred(*previous, *i)'
Assertion failed on expression: 'pred(*previous, *i)'
Assertion failed on expression: 'pred(*previous, *i)'
Assertion failed on expression: 'pred(*previous, *i)'
Assertion failed on expression: 'pred(*previous, *i)'
Assertion failed on expression: 'pred(*previous, *i)'
Assertion failed on expression: 'pred(*previous, *i)'
Assertion failed on expression: 'pred(*previous, *i)'
Assertion failed on expression: 'pred(*previous, *i)'
Assertion failed on expression: 'pred(*previous, *i)'
Assertion failed on expression: 'pred(*previous, *i)'
Assertion failed on expression: 'pred(*previous, *i)'
Assertion failed on expression: 'pred(*previous, *i)'
Assertion failed on expression: 'pred(*previous, *i)'
Assertion failed on expression: 'pred(*previous, *i)'
Assertion failed on expression: 'pred(*previous, *i)'
Assertion failed on expression: 'pred(*previous, *i)'
Assertion failed on expression: 'pred(*previous, *i)'
Assertion failed on expression: 'pred(*previous, *i)'
Assertion failed on expression: 'pred(*previous, *i)'
Assertion failed on expression: 'pred(*previous, *i)'
Assertion failed on expression: 'pred(*previous, *i)'
Assertion failed on expression: 'pred(*previous, *i)'
Assertion failed on expression: 'pred(*previous, *i)'
Assertion failed on expression: 'pred(*previous, *i)'
Assertion failed on expression: 'pred(*previous, *i)'
Assertion failed on expression: 'pred(*previous, *i)'
Assertion failed on expression: 'pred(*previous, *i)'
Assertion failed on expression: 'pred(*previous, *i)'
Assertion failed on expression: 'pred(*previous, *i)'
Assertion failed on expression: 'pred(*previous, *i)'
Assertion failed on expression: 'pred(*previous, *i)'
Assertion failed on expression: 'pred(*previous, *i)'
Assertion failed on expression: 'pred(*previous, *i)'
Assertion failed on expression: 'pred(*previous, *i)'
Assertion failed on expression: 'pred(*previous, *i)'
Assertion failed on expression: 'pred(*previous, *i)'
Assertion failed on expression: 'pred(*previous, *i)'
Assertion failed on expression: 'pred(*previous, *i)'
Assertion failed on expression: 'pred(*previous, *i)'
Assertion failed on expression: 'pred(*previous, *i)'
Assertion failed on expression: 'pred(*previous, *i)'
Assertion failed on expression: 'pred(*previous, *i)'
Assertion failed on expression: 'pred(*previous, *i)'
Assertion failed on expression: 'pred(*previous, *i)'
Assertion failed on expression: 'pred(*previous, *i)'
Assertion failed on expression: 'pred(*previous, *i)'
Assertion failed on expression: 'pred(*previous, *i)'
Assertion failed on expression: 'pred(*previous, *i)'
Assertion failed on expression: 'pred(*previous, *i)'
Assertion failed on expression: 'pred(*previous, *i)'
Assertion failed on expression: 'pred(*previous, *i)'
Assertion failed on expression: 'pred(*previous, *i)'
Assertion failed on expression: 'pred(*previous, *i)'
Assertion failed on expression: 'pred(*previous, *i)'
Assertion failed on expression: 'pred(*previous, *i)'
Assertion failed on expression: 'pred(*previous, *i)'
Assertion failed on expression: 'pred(*previous, *i)'
Assertion failed on expression: 'pred(*previous, *i)'
Assertion failed on expression: 'pred(*previous, *i)'
Assertion failed on expression: 'pred(*previous, *i)'
Assertion failed on expression: 'pred(*previous, *i)'
Assertion failed on expression: 'pred(*previous, *i)'
Assertion failed on expression: 'pred(*previous, *i)'
Assertion failed on expression: 'pred(*previous, *i)'
Assertion failed on expression: 'pred(*previous, *i)'
Assertion failed on expression: 'pred(*previous, *i)'
Assertion failed on expression: 'pred(*previous, *i)'
Assertion failed on expression: 'pred(*previous, *i)'
Assertion failed on expression: 'pred(*previous, *i)'
Assertion failed on expression: 'pred(*previous, *i)'
Assertion failed on expression: 'pred(*previous, *i)'
Assertion failed on expression: 'pred(*previous, *i)'
Assertion failed on expression: 'pred(*previous, *i)'
Assertion failed on expression: 'pred(*previous, *i)'
Assertion failed on expression: 'pred(*previous, *i)'
Assertion failed on expression: 'pred(*previous, *i)'
Assertion failed on expression: 'pred(*previous, *i)'
Assertion failed on expression: 'pred(*previous, *i)'
Assertion failed on expression: 'pred(*previous, *i)'
Assertion failed on expression: 'pred(*previous, *i)'
Assertion failed on expression: 'pred(*previous, *i)'
Assertion failed on expression: 'pred(*previous, *i)'
Assertion failed on expression: 'pred(*previous, *i)'
Assertion failed on expression: 'pred(*previous, *i)'
Assertion failed on expression: 'pred(*previous, *i)'
Assertion failed on expression: 'pred(*previous, *i)'
Assertion failed on expression: 'pred(*previous, *i)'
Assertion failed on expression: 'pred(*previous, *i)'
Assertion failed on expression: 'pred(*previous, *i)'
Assertion failed on expression: 'pred(*previous, *i)'
Assertion failed on expression: 'pred(*previous, *i)'
Assertion failed on expression: 'pred(*previous, *i)'
Assertion failed on expression: 'pred(*previous, *i)'
Assertion failed on expression: 'pred(*previous, *i)'
Assertion failed on expression: 'pred(*previous, *i)'
Assertion failed on expression: 'pred(*previous, *i)'
Assertion failed on expression: 'pred(*previous, *i)'
Assertion failed on expression: 'pred(*previous, *i)'
Assertion failed on expression: 'pred(*previous, *i)'
Assertion failed on expression: 'pred(*previous, *i)'
Assertion failed on expression: 'pred(*previous, *i)'
Assertion failed on expression: 'pred(*previous, *i)'
Assertion failed on expression: 'pred(*previous, *i)'
Assertion failed on expression: 'pred(*previous, *i)'
Assertion failed on expression: 'pred(*previous, *i)'
Assertion failed on expression: 'pred(*previous, *i)'
Assertion failed on expression: 'pred(*previous, *i)'
Assertion failed on expression: 'pred(*previous, *i)'
Assertion failed on expression: 'pred(*previous, *i)'
Assertion failed on expression: 'pred(*previous, *i)'
Assertion failed on expression: 'pred(*previous, *i)'
Assertion failed on expression: 'pred(*previous, *i)'
Assertion failed on expression: 'pred(*previous, *i)'
Assertion failed on expression: 'pred(*previous, *i)'
Assertion failed on expression: 'pred(*previous, *i)'
Assertion failed on expression: 'pred(*previous, *i)'
Assertion failed on expression: 'pred(*previous, *i)'
Assertion failed on expression: 'pred(*previous, *i)'
Assertion failed on expression: 'pred(*previous, *i)'
Assertion failed on expression: 'pred(*previous, *i)'
Assertion failed on expression: 'pred(*previous, *i)'
Assertion failed on expression: 'pred(*previous, *i)'
Assertion failed on expression: 'pred(*previous, *i)'
Assertion failed on expression: 'pred(*previous, *i)'
Assertion failed on expression: 'pred(*previous, *i)'
Assertion failed on expression: 'pred(*previous, *i)'
Assertion failed on expression: 'pred(*previous, *i)'
Assertion failed on expression: 'pred(*previous, *i)'
Assertion failed on expression: 'pred(*previous, *i)'
Assertion failed on expression: 'pred(*previous, *i)'
Assertion failed on expression: 'pred(*previous, *i)'
Assertion failed on expression: 'pred(*previous, *i)'
Assertion failed on expression: 'pred(*previous, *i)'
Assertion failed on expression: 'pred(*previous, *i)'
Assertion failed on expression: 'pred(*previous, *i)'
Assertion failed on expression: 'pred(*previous, *i)'
Assertion failed on expression: 'pred(*previous, *i)'
Assertion failed on expression: 'pred(*previous, *i)'
Assertion failed on expression: 'pred(*previous, *i)'
Assertion failed on expression: 'pred(*previous, *i)'
Assertion failed on expression: 'pred(*previous, *i)'
Assertion failed on expression: 'pred(*previous, *i)'
Assertion failed on expression: 'pred(*previous, *i)'
Assertion failed on expression: 'pred(*previous, *i)'
Assertion failed on expression: 'pred(*previous, *i)'
Assertion failed on expression: 'pred(*previous, *i)'
Assertion failed on expression: 'pred(*previous, *i)'
Assertion failed on expression: 'pred(*previous, *i)'
Assertion failed on expression: 'pred(*previous, *i)'
Assertion failed on expression: 'pred(*previous, *i)'
Assertion failed on expression: 'pred(*previous, *i)'
Assertion failed on expression: 'pred(*previous, *i)'
Assertion failed on expression: 'pred(*previous, *i)'
Assertion failed on expression: 'pred(*previous, *i)'
Assertion failed on expression: 'pred(*previous, *i)'
Assertion failed on expression: 'pred(*previous, *i)'
Assertion failed on expression: 'pred(*previous, *i)'
Assertion failed on expression: 'pred(*previous, *i)'
Assertion failed on expression: 'pred(*previous, *i)'
Assertion failed on expression: 'pred(*previous, *i)'
Assertion failed on expression: 'pred(*previous, *i)'
Assertion failed on expression: 'pred(*previous, *i)'
Assertion failed on expression: 'pred(*previous, *i)'
Assertion failed on expression: 'pred(*previous, *i)'
Assertion failed on expression: 'pred(*previous, *i)'
Assertion failed on expression: 'pred(*previous, *i)'
Assertion failed on expression: 'pred(*previous, *i)'
Assertion failed on expression: 'pred(*previous, *i)'
Assertion failed on expression: 'pred(*previous, *i)'
Assertion failed on expression: 'pred(*previous, *i)'
Assertion failed on expression: 'pred(*previous, *i)'
Assertion failed on expression: 'pred(*previous, *i)'
Assertion failed on expression: 'pred(*previous, *i)'
Assertion failed on expression: 'pred(*previous, *i)'
Assertion failed on expression: 'pred(*previous, *i)'
Assertion failed on expression: 'pred(*previous, *i)'
Assertion failed on expression: 'pred(*previous, *i)'
Assertion failed on expression: 'pred(*previous, *i)'
Assertion failed on expression: 'pred(*previous, *i)'
Assertion failed on expression: 'pred(*previous, *i)'
Assertion failed on expression: 'pred(*previous, *i)'
Assertion failed on expression: 'pred(*previous, *i)'
Assertion failed on expression: 'pred(*previous, *i)'
Assertion failed on expression: 'pred(*previous, *i)'
Assertion failed on expression: 'pred(*previous, *i)'
Assertion failed on expression: 'pred(*previous, *i)'
Assertion failed on expression: 'pred(*previous, *i)'
Assertion failed on expression: 'pred(*previous, *i)'
Assertion failed on expression: 'pred(*previous, *i)'
Assertion failed on expression: 'pred(*previous, *i)'
Assertion failed on expression: 'pred(*previous, *i)'
Assertion failed on expression: 'pred(*previous, *i)'
Assertion failed on expression: 'pred(*previous, *i)'
Assertion failed on expression: 'pred(*previous, *i)'
Assertion failed on expression: 'pred(*previous, *i)'
Assertion failed on expression: 'pred(*previous, *i)'
Assertion failed on expression: 'pred(*previous, *i)'
Assertion failed on expression: 'pred(*previous, *i)'
Assertion failed on expression: 'pred(*previous, *i)'
Assertion failed on expression: 'pred(*previous, *i)'
Assertion failed on expression: 'pred(*previous, *i)'
Assertion failed on expression: 'pred(*previous, *i)'
Assertion failed on expression: 'pred(*previous, *i)'
Assertion failed on expression: 'pred(*previous, *i)'
Assertion failed on expression: 'pred(*previous, *i)'
Assertion failed on expression: 'pred(*previous, *i)'
Assertion failed on expression: 'pred(*previous, *i)'
Assertion failed on expression: 'pred(*previous, *i)'
Assertion failed on expression: 'pred(*previous, *i)'
Assertion failed on expression: 'pred(*previous, *i)'
Assertion failed on expression: 'pred(*previous, *i)'
Assertion failed on expression: 'pred(*previous, *i)'
Assertion failed on expression: 'pred(*previous, *i)'
Assertion failed on expression: 'pred(*previous, *i)'
Assertion failed on expression: 'pred(*previous, *i)'
Assertion failed on expression: 'pred(*previous, *i)'
Assertion failed on expression: 'pred(*previous, *i)'
Assertion failed on expression: 'pred(*previous, *i)'
Assertion failed on expression: 'pred(*previous, *i)'
Assertion failed on expression: 'pred(*previous, *i)'
Assertion failed on expression: 'pred(*previous, *i)'
Assertion failed on expression: 'pred(*previous, *i)'
Assertion failed on expression: 'pred(*previous, *i)'
Assertion failed on expression: 'pred(*previous, *i)'
Assertion failed on expression: 'pred(*previous, *i)'
Assertion failed on expression: 'pred(*previous, *i)'
Assertion failed on expression: 'pred(*previous, *i)'
Assertion failed on expression: 'pred(*previous, *i)'
Assertion failed on expression: 'pred(*previous, *i)'
Assertion failed on expression: 'pred(*previous, *i)'
Assertion failed on expression: 'pred(*previous, *i)'
Assertion failed on expression: 'pred(*previous, *i)'
Assertion failed on expression: 'pred(*previous, *i)'
Assertion failed on expression: 'pred(*previous, *i)'
Assertion failed on expression: 'pred(*previous, *i)'
Assertion failed on expression: 'pred(*previous, *i)'
Assertion failed on expression: 'pred(*previous, *i)'
Assertion failed on expression: 'pred(*previous, *i)'
Assertion failed on expression: 'pred(*previous, *i)'
Assertion failed on expression: 'pred(*previous, *i)'
Assertion failed on expression: 'pred(*previous, *i)'
Assertion failed on expression: 'pred(*previous, *i)'
Assertion failed on expression: 'pred(*previous, *i)'
Assertion failed on expression: 'pred(*previous, *i)'
Assertion failed on expression: 'pred(*previous, *i)'
Assertion failed on expression: 'pred(*previous, *i)'
Assertion failed on expression: 'pred(*previous, *i)'
Assertion failed on expression: 'pred(*previous, *i)'
Assertion failed on expression: 'pred(*previous, *i)'
Assertion failed on expression: 'pred(*previous, *i)'
Assertion failed on expression: 'pred(*previous, *i)'
Assertion failed on expression: 'pred(*previous, *i)'
Assertion failed on expression: 'pred(*previous, *i)'
Assertion failed on expression: 'pred(*previous, *i)'
Assertion failed on expression: 'pred(*previous, *i)'
Assertion failed on expression: 'pred(*previous, *i)'
Assertion failed on expression: 'pred(*previous, *i)'
Assertion failed on expression: 'pred(*previous, *i)'
Assertion failed on expression: 'pred(*previous, *i)'
Assertion failed on expression: 'pred(*previous, *i)'
Assertion failed on expression: 'pred(*previous, *i)'
Assertion failed on expression: 'pred(*previous, *i)'
Assertion failed on expression: 'pred(*previous, *i)'
Assertion failed on expression: 'pred(*previous, *i)'
Assertion failed on expression: 'pred(*previous, *i)'
Assertion failed on expression: 'pred(*previous, *i)'
Assertion failed on expression: 'pred(*previous, *i)'
Assertion failed on expression: 'pred(*previous, *i)'
Assertion failed on expression: 'pred(*previous, *i)'
Assertion failed on expression: 'pred(*previous, *i)'
Assertion failed on expression: 'pred(*previous, *i)'
Assertion failed on expression: 'pred(*previous, *i)'
Assertion failed on expression: 'pred(*previous, *i)'
Assertion failed on expression: 'pred(*previous, *i)'
Assertion failed on expression: 'pred(*previous, *i)'
Assertion failed on expression: 'pred(*previous, *i)'
Assertion failed on expression: 'pred(*previous, *i)'
Assertion failed on expression: 'pred(*previous, *i)'
Assertion failed on expression: 'pred(*previous, *i)'
Assertion failed on expression: 'pred(*previous, *i)'
Assertion failed on expression: 'pred(*previous, *i)'
Assertion failed on expression: 'pred(*previous, *i)'
Assertion failed on expression: 'pred(*previous, *i)'
Assertion failed on expression: 'pred(*previous, *i)'
Assertion failed on expression: 'pred(*previous, *i)'
Assertion failed on expression: 'pred(*previous, *i)'
Assertion failed on expression: 'pred(*previous, *i)'
Assertion failed on expression: 'pred(*previous, *i)'
Assertion failed on expression: 'pred(*previous, *i)'
Assertion failed on expression: 'pred(*previous, *i)'
Assertion failed on expression: 'pred(*previous, *i)'
Assertion failed on expression: 'pred(*previous, *i)'
Assertion failed on expression: 'pred(*previous, *i)'
Assertion failed on expression: 'pred(*previous, *i)'
Assertion failed on expression: 'pred(*previous, *i)'
Assertion failed on expression: 'pred(*previous, *i)'
Assertion failed on expression: 'pred(*previous, *i)'
Assertion failed on expression: 'pred(*previous, *i)'
Assertion failed on expression: 'pred(*previous, *i)'
Assertion failed on expression: 'pred(*previous, *i)'
Assertion failed on expression: 'pred(*previous, *i)'
Assertion failed on expression: 'pred(*previous, *i)'
Assertion failed on expression: 'pred(*previous, *i)'
Assertion failed on expression: 'pred(*previous, *i)'
Assertion failed on expression: 'pred(*previous, *i)'
Assertion failed on expression: 'pred(*previous, *i)'
Assertion failed on expression: 'pred(*previous, *i)'
Assertion failed on expression: 'pred(*previous, *i)'
Assertion failed on expression: 'pred(*previous, *i)'
Assertion failed on expression: 'pred(*previous, *i)'
Assertion failed on expression: 'pred(*previous, *i)'
Assertion failed on expression: 'pred(*previous, *i)'
Assertion failed on expression: 'pred(*previous, *i)'
Assertion failed on expression: 'pred(*previous, *i)'
Assertion failed on expression: 'pred(*previous, *i)'
Assertion failed on expression: 'pred(*previous, *i)'
Assertion failed on expression: 'pred(*previous, *i)'
Assertion failed on expression: 'pred(*previous, *i)'
Assertion failed on expression: 'pred(*previous, *i)'
Assertion failed on expression: 'pred(*previous, *i)'
Assertion failed on expression: 'pred(*previous, *i)'
Assertion failed on expression: 'pred(*previous, *i)'
Assertion failed on expression: 'pred(*previous, *i)'
Assertion failed on expression: 'pred(*previous, *i)'
Assertion failed on expression: 'pred(*previous, *i)'
Assertion failed on expression: 'pred(*previous, *i)'
Assertion failed on expression: 'pred(*previous, *i)'
Assertion failed on expression: 'pred(*previous, *i)'
Assertion failed on expression: 'pred(*previous, *i)'
Assertion failed on expression: 'pred(*previous, *i)'
Assertion failed on expression: 'pred(*previous, *i)'
Assertion failed on expression: 'pred(*previous, *i)'
Assertion failed on expression: 'pred(*previous, *i)'
Assertion failed on expression: 'pred(*previous, *i)'
Assertion failed on expression: 'pred(*previous, *i)'
Assertion failed on expression: 'pred(*previous, *i)'
Assertion failed on expression: 'pred(*previous, *i)'
Assertion failed on expression: 'pred(*previous, *i)'
Assertion failed on expression: 'pred(*previous, *i)'
Assertion failed on expression: 'pred(*previous, *i)'
Assertion failed on expression: 'pred(*previous, *i)'
Assertion failed on expression: 'pred(*previous, *i)'
Assertion failed on expression: 'pred(*previous, *i)'
Assertion failed on expression: 'pred(*previous, *i)'
Assertion failed on expression: 'pred(*previous, *i)'
Assertion failed on expression: 'pred(*previous, *i)'
Assertion failed on expression: 'pred(*previous, *i)'
Assertion failed on expression: 'pred(*previous, *i)'
Assertion failed on expression: 'pred(*previous, *i)'
Assertion failed on expression: 'pred(*previous, *i)'
Assertion failed on expression: 'pred(*previous, *i)'
Assertion failed on expression: 'pred(*previous, *i)'
Assertion failed on expression: 'pred(*previous, *i)'
Assertion failed on expression: 'pred(*previous, *i)'
Assertion failed on expression: 'pred(*previous, *i)'
Assertion failed on expression: 'pred(*previous, *i)'
Assertion failed on expression: 'pred(*previous, *i)'
Assertion failed on expression: 'pred(*previous, *i)'
Assertion failed on expression: 'pred(*previous, *i)'
Assertion failed on expression: 'pred(*previous, *i)'
Assertion failed on expression: 'pred(*previous, *i)'
Assertion failed on expression: 'pred(*previous, *i)'
Assertion failed on expression: 'pred(*previous, *i)'
Assertion failed on expression: 'pred(*previous, *i)'
Assertion failed on expression: 'pred(*previous, *i)'
Assertion failed on expression: 'pred(*previous, *i)'
Assertion failed on expression: 'pred(*previous, *i)'
Assertion failed on expression: 'pred(*previous, *i)'
Assertion failed on expression: 'pred(*previous, *i)'
Assertion failed on expression: 'pred(*previous, *i)'
Assertion failed on expression: 'pred(*previous, *i)'
Assertion failed on expression: 'pred(*previous, *i)'
Assertion failed on expression: 'pred(*previous, *i)'
Assertion failed on expression: 'pred(*previous, *i)'
Assertion failed on expression: 'pred(*previous, *i)'
Assertion failed on expression: 'pred(*previous, *i)'
Assertion failed on expression: 'pred(*previous, *i)'
Assertion failed on expression: 'pred(*previous, *i)'
Assertion failed on expression: 'pred(*previous, *i)'
Assertion failed on expression: 'pred(*previous, *i)'
Assertion failed on expression: 'pred(*previous, *i)'
Assertion failed on expression: 'pred(*previous, *i)'
Assertion failed on expression: 'pred(*previous, *i)'
Assertion failed on expression: 'pred(*previous, *i)'
Assertion failed on expression: 'pred(*previous, *i)'
Assertion failed on expression: 'pred(*previous, *i)'
Assertion failed on expression: 'pred(*previous, *i)'
Assertion failed on expression: 'pred(*previous, *i)'
Assertion failed on expression: 'pred(*previous, *i)'
Assertion failed on expression: 'pred(*previous, *i)'
Assertion failed on expression: 'pred(*previous, *i)'
Assertion failed on expression: 'pred(*previous, *i)'
Assertion failed on expression: 'pred(*previous, *i)'
Assertion failed on expression: 'pred(*previous, *i)'
Assertion failed on expression: 'pred(*previous, *i)'
Assertion failed on expression: 'pred(*previous, *i)'
Assertion failed on expression: 'pred(*previous, *i)'
Assertion failed on expression: 'pred(*previous, *i)'
Assertion failed on expression: 'pred(*previous, *i)'
Assertion failed on expression: 'pred(*previous, *i)'
Assertion failed on expression: 'pred(*previous, *i)'
Assertion failed on expression: 'pred(*previous, *i)'
Assertion failed on expression: 'pred(*previous, *i)'
Assertion failed on expression: 'pred(*previous, *i)'
Assertion failed on expression: 'pred(*previous, *i)'
Assertion failed on expression: 'pred(*previous, *i)'
Assertion failed on expression: 'pred(*previous, *i)'
Assertion failed on expression: 'pred(*previous, *i)'
Assertion failed on expression: 'pred(*previous, *i)'
Assertion failed on expression: 'pred(*previous, *i)'
Assertion failed on expression: 'pred(*previous, *i)'
Assertion failed on expression: 'pred(*previous, *i)'
Assertion failed on expression: 'pred(*previous, *i)'
Assertion failed on expression: 'pred(*previous, *i)'
Assertion failed on expression: 'pred(*previous, *i)'
Assertion failed on expression: 'pred(*previous, *i)'
Assertion failed on expression: 'pred(*previous, *i)'
Assertion failed on expression: 'pred(*previous, *i)'
Assertion failed on expression: 'pred(*previous, *i)'
Assertion failed on expression: 'pred(*previous, *i)'
Assertion failed on expression: 'pred(*previous, *i)'
Assertion failed on expression: 'pred(*previous, *i)'
Assertion failed on expression: 'pred(*previous, *i)'
Assertion failed on expression: 'pred(*previous, *i)'
Assertion failed on expression: 'pred(*previous, *i)'
Assertion failed on expression: 'pred(*previous, *i)'
Assertion failed on expression: 'pred(*previous, *i)'
Assertion failed on expression: 'pred(*previous, *i)'
Assertion failed on expression: 'pred(*previous, *i)'
Assertion failed on expression: 'pred(*previous, *i)'
Assertion failed on expression: 'pred(*previous, *i)'
Assertion failed on expression: 'pred(*previous, *i)'
Assertion failed on expression: 'pred(*previous, *i)'
Assertion failed on expression: 'pred(*previous, *i)'
Assertion failed on expression: 'pred(*previous, *i)'
Assertion failed on expression: 'pred(*previous, *i)'
Assertion failed on expression: 'pred(*previous, *i)'
Assertion failed on expression: 'pred(*previous, *i)'
Assertion failed on expression: 'pred(*previous, *i)'
Assertion failed on expression: 'pred(*previous, *i)'
Assertion failed on expression: 'pred(*previous, *i)'
Assertion failed on expression: 'pred(*previous, *i)'
Assertion failed on expression: 'pred(*previous, *i)'
Assertion failed on expression: 'pred(*previous, *i)'
Assertion failed on expression: 'pred(*previous, *i)'
Assertion failed on expression: 'pred(*previous, *i)'
Assertion failed on expression: 'pred(*previous, *i)'
Assertion failed on expression: 'pred(*previous, *i)'
Assertion failed on expression: 'pred(*previous, *i)'
Assertion failed on expression: 'pred(*previous, *i)'
Assertion failed on expression: 'pred(*previous, *i)'
Assertion failed on expression: 'pred(*previous, *i)'
Assertion failed on expression: 'pred(*previous, *i)'
Assertion failed on expression: 'pred(*previous, *i)'
Assertion failed on expression: 'pred(*previous, *i)'
Assertion failed on expression: 'pred(*previous, *i)'
Assertion failed on expression: 'pred(*previous, *i)'
Assertion failed on expression: 'pred(*previous, *i)'
Assertion failed on expression: 'pred(*previous, *i)'
Assertion failed on expression: 'pred(*previous, *i)'
Assertion failed on expression: 'pred(*previous, *i)'
Assertion failed on expression: 'pred(*previous, *i)'
Assertion failed on expression: 'pred(*previous, *i)'
Assertion failed on expression: 'pred(*previous, *i)'
Assertion failed on expression: 'pred(*previous, *i)'
Assertion failed on expression: 'pred(*previous, *i)'
Assertion failed on expression: 'pred(*previous, *i)'
Assertion failed on expression: 'pred(*previous, *i)'
Assertion failed on expression: 'pred(*previous, *i)'
Assertion failed on expression: 'pred(*previous, *i)'
Assertion failed on expression: 'pred(*previous, *i)'
Assertion failed on expression: 'pred(*previous, *i)'
Assertion failed on expression: 'pred(*previous, *i)'
Assertion failed on expression: 'pred(*previous, *i)'
Assertion failed on expression: 'pred(*previous, *i)'
Assertion failed on expression: 'pred(*previous, *i)'
Assertion failed on expression: 'pred(*previous, *i)'
Assertion failed on expression: 'pred(*previous, *i)'
Assertion failed on expression: 'pred(*previous, *i)'
Assertion failed on expression: 'pred(*previous, *i)'
Assertion failed on expression: 'pred(*previous, *i)'
Assertion failed on expression: 'pred(*previous, *i)'
Assertion failed on expression: 'pred(*previous, *i)'
Assertion failed on expression: 'pred(*previous, *i)'
Assertion failed on expression: 'pred(*previous, *i)'
Assertion failed on expression: 'pred(*previous, *i)'
Assertion failed on expression: 'pred(*previous, *i)'
Assertion failed on expression: 'pred(*previous, *i)'
Assertion failed on expression: 'pred(*previous, *i)'
Assertion failed on expression: 'pred(*previous, *i)'
Assertion failed on expression: 'pred(*previous, *i)'
Assertion failed on expression: 'pred(*previous, *i)'
Assertion failed on expression: 'pred(*previous, *i)'
Assertion failed on expression: 'pred(*previous, *i)'
Assertion failed on expression: 'pred(*previous, *i)'
Assertion failed on expression: 'pred(*previous, *i)'
Assertion failed on expression: 'pred(*previous, *i)'
Assertion failed on expression: 'pred(*previous, *i)'
Assertion failed on expression: 'pred(*previous, *i)'
Assertion failed on expression: 'pred(*previous, *i)'
Assertion failed on expression: 'pred(*previous, *i)'
Assertion failed on expression: 'pred(*previous, *i)'
Assertion failed on expression: 'pred(*previous, *i)'
Assertion failed on expression: 'pred(*previous, *i)'
Assertion failed on expression: 'pred(*previous, *i)'
Assertion failed on expression: 'pred(*previous, *i)'
Assertion failed on expression: 'pred(*previous, *i)'
Assertion failed on expression: 'pred(*previous, *i)'
Assertion failed on expression: 'pred(*previous, *i)'
Assertion failed on expression: 'pred(*previous, *i)'
Assertion failed on expression: 'pred(*previous, *i)'
Assertion failed on expression: 'pred(*previous, *i)'
Assertion failed on expression: 'pred(*previous, *i)'
Assertion failed on expression: 'pred(*previous, *i)'
Assertion failed on expression: 'pred(*previous, *i)'
Assertion failed on expression: 'pred(*previous, *i)'
Assertion failed on expression: 'pred(*previous, *i)'
Assertion failed on expression: 'pred(*previous, *i)'
Assertion failed on expression: 'pred(*previous, *i)'
Assertion failed on expression: 'pred(*previous, *i)'
Assertion failed on expression: 'pred(*previous, *i)'
Assertion failed on expression: 'pred(*previous, *i)'
Assertion failed on expression: 'pred(*previous, *i)'
Assertion failed on expression: 'pred(*previous, *i)'
Assertion failed on expression: 'pred(*previous, *i)'
Assertion failed on expression: 'pred(*previous, *i)'
Assertion failed on expression: 'pred(*previous, *i)'
Assertion failed on expression: 'pred(*previous, *i)'
Assertion failed on expression: 'pred(*previous, *i)'
Assertion failed on expression: 'pred(*previous, *i)'
Assertion failed on expression: 'pred(*previous, *i)'
Assertion failed on expression: 'pred(*previous, *i)'
Assertion failed on expression: 'pred(*previous, *i)'
Assertion failed on expression: 'pred(*previous, *i)'
Assertion failed on expression: 'pred(*previous, *i)'
Assertion failed on expression: 'pred(*previous, *i)'
Assertion failed on expression: 'pred(*previous, *i)'
Assertion failed on expression: 'pred(*previous, *i)'
Assertion failed on expression: 'pred(*previous, *i)'
Assertion failed on expression: 'pred(*previous, *i)'
Assertion failed on expression: 'pred(*previous, *i)'
Assertion failed on expression: 'pred(*previous, *i)'
Assertion failed on expression: 'pred(*previous, *i)'
Assertion failed on expression: 'pred(*previous, *i)'
Assertion failed on expression: 'pred(*previous, *i)'
Assertion failed on expression: 'pred(*previous, *i)'
Assertion failed on expression: 'pred(*previous, *i)'
Assertion failed on expression: 'pred(*previous, *i)'
Assertion failed on expression: 'pred(*previous, *i)'
Assertion failed on expression: 'pred(*previous, *i)'
Assertion failed on expression: 'pred(*previous, *i)'
Assertion failed on expression: 'pred(*previous, *i)'
Assertion failed on expression: 'pred(*previous, *i)'
Assertion failed on expression: 'pred(*previous, *i)'
Assertion failed on expression: 'pred(*previous, *i)'
Assertion failed on expression: 'pred(*previous, *i)'
Assertion failed on expression: 'pred(*previous, *i)'
Assertion failed on expression: 'pred(*previous, *i)'
Assertion failed on expression: 'pred(*previous, *i)'
Assertion failed on expression: 'pred(*previous, *i)'
Assertion failed on expression: 'pred(*previous, *i)'
Assertion failed on expression: 'pred(*previous, *i)'
Assertion failed on expression: 'pred(*previous, *i)'
Assertion failed on expression: 'pred(*previous, *i)'
Assertion failed on expression: 'pred(*previous, *i)'
Assertion failed on expression: 'pred(*previous, *i)'
Assertion failed on expression: 'pred(*previous, *i)'
Assertion failed on expression: 'pred(*previous, *i)'
Assertion failed on expression: 'pred(*previous, *i)'
Assertion failed on expression: 'pred(*previous, *i)'
Assertion failed on expression: 'pred(*previous, *i)'
Assertion failed on expression: 'pred(*previous, *i)'
Assertion failed on expression: 'pred(*previous, *i)'
Assertion failed on expression: 'pred(*previous, *i)'
Assertion failed on expression: 'pred(*previous, *i)'
Assertion failed on expression: 'pred(*previous, *i)'
Assertion failed on expression: 'pred(*previous, *i)'
Assertion failed on expression: 'pred(*previous, *i)'
Assertion failed on expression: 'pred(*previous, *i)'
Assertion failed on expression: 'pred(*previous, *i)'
Assertion failed on expression: 'pred(*previous, *i)'
Assertion failed on expression: 'pred(*previous, *i)'
Assertion failed on expression: 'pred(*previous, *i)'
Assertion failed on expression: 'pred(*previous, *i)'
Assertion failed on expression: 'pred(*previous, *i)'
Assertion failed on expression: 'pred(*previous, *i)'
Assertion failed on expression: 'pred(*previous, *i)'
Assertion failed on expression: 'pred(*previous, *i)'
Assertion failed on expression: 'pred(*previous, *i)'
Assertion failed on expression: 'pred(*previous, *i)'
Assertion failed on expression: 'pred(*previous, *i)'
Assertion failed on expression: 'pred(*previous, *i)'
Assertion failed on expression: 'pred(*previous, *i)'
Assertion failed on expression: 'pred(*previous, *i)'
Assertion failed on expression: 'pred(*previous, *i)'
Assertion failed on expression: 'pred(*previous, *i)'
Assertion failed on expression: 'pred(*previous, *i)'
Assertion failed on expression: 'pred(*previous, *i)'
Assertion failed on expression: 'pred(*previous, *i)'
Assertion failed on expression: 'pred(*previous, *i)'
Assertion failed on expression: 'pred(*previous, *i)'
Assertion failed on expression: 'pred(*previous, *i)'
Assertion failed on expression: 'pred(*previous, *i)'
Assertion failed on expression: 'pred(*previous, *i)'
Assertion failed on expression: 'pred(*previous, *i)'
Assertion failed on expression: 'pred(*previous, *i)'
Assertion failed on expression: 'pred(*previous, *i)'
Assertion failed on expression: 'pred(*previous, *i)'
Assertion failed on expression: 'pred(*previous, *i)'
Assertion failed on expression: 'pred(*previous, *i)'
Assertion failed on expression: 'pred(*previous, *i)'
Assertion failed on expression: 'pred(*previous, *i)'
Assertion failed on expression: 'pred(*previous, *i)'
Assertion failed on expression: 'pred(*previous, *i)'
Assertion failed on expression: 'pred(*previous, *i)'
Assertion failed on expression: 'pred(*previous, *i)'
Assertion failed on expression: 'pred(*previous, *i)'
Assertion failed on expression: 'pred(*previous, *i)'
Assertion failed on expression: 'pred(*previous, *i)'
Assertion failed on expression: 'pred(*previous, *i)'
Assertion failed on expression: 'pred(*previous, *i)'
Assertion failed on expression: 'pred(*previous, *i)'
Assertion failed on expression: 'pred(*previous, *i)'
Assertion failed on expression: 'pred(*previous, *i)'
Assertion failed on expression: 'pred(*previous, *i)'
Assertion failed on expression: 'pred(*previous, *i)'
Assertion failed on expression: 'pred(*previous, *i)'
Assertion failed on expression: 'pred(*previous, *i)'
Assertion failed on expression: 'pred(*previous, *i)'
Assertion failed on expression: 'pred(*previous, *i)'
Assertion failed on expression: 'pred(*previous, *i)'
Assertion failed on expression: 'pred(*previous, *i)'
Assertion failed on expression: 'pred(*previous, *i)'
Assertion failed on expression: 'pred(*previous, *i)'
Assertion failed on expression: 'pred(*previous, *i)'
Assertion failed on expression: 'pred(*previous, *i)'
Assertion failed on expression: 'pred(*previous, *i)'
Assertion failed on expression: 'pred(*previous, *i)'
Assertion failed on expression: 'pred(*previous, *i)'
Assertion failed on expression: 'pred(*previous, *i)'
Assertion failed on expression: 'pred(*previous, *i)'
Assertion failed on expression: 'pred(*previous, *i)'
Assertion failed on expression: 'pred(*previous, *i)'
Assertion failed on expression: 'pred(*previous, *i)'
Assertion failed on expression: 'pred(*previous, *i)'
Assertion failed on expression: 'pred(*previous, *i)'
Assertion failed on expression: 'pred(*previous, *i)'
Assertion failed on expression: 'pred(*previous, *i)'
Assertion failed on expression: 'pred(*previous, *i)'
Assertion failed on expression: 'pred(*previous, *i)'
Assertion failed on expression: 'pred(*previous, *i)'
Assertion failed on expression: 'pred(*previous, *i)'
Assertion failed on expression: 'pred(*previous, *i)'
Assertion failed on expression: 'pred(*previous, *i)'
Assertion failed on expression: 'pred(*previous, *i)'
Assertion failed on expression: 'pred(*previous, *i)'
Assertion failed on expression: 'pred(*previous, *i)'
Assertion failed on expression: 'pred(*previous, *i)'
Assertion failed on expression: 'pred(*previous, *i)'
Assertion failed on expression: 'pred(*previous, *i)'
Assertion failed on expression: 'pred(*previous, *i)'
Assertion failed on expression: 'pred(*previous, *i)'
Assertion failed on expression: 'pred(*previous, *i)'
Assertion failed on expression: 'pred(*previous, *i)'
Assertion failed on expression: 'pred(*previous, *i)'
Assertion failed on expression: 'pred(*previous, *i)'
Assertion failed on expression: 'pred(*previous, *i)'
Assertion failed on expression: 'pred(*previous, *i)'
Assertion failed on expression: 'pred(*previous, *i)'
Assertion failed on expression: 'pred(*previous, *i)'
Assertion failed on expression: 'pred(*previous, *i)'
Assertion failed on expression: 'pred(*previous, *i)'
Assertion failed on expression: 'pred(*previous, *i)'
Assertion failed on expression: 'pred(*previous, *i)'
Assertion failed on expression: 'pred(*previous, *i)'
Assertion failed on expression: 'pred(*previous, *i)'
Assertion failed on expression: 'pred(*previous, *i)'
Assertion failed on expression: 'pred(*previous, *i)'
Assertion failed on expression: 'pred(*previous, *i)'
Assertion failed on expression: 'pred(*previous, *i)'
Assertion failed on expression: 'pred(*previous, *i)'
Assertion failed on expression: 'pred(*previous, *i)'
Assertion failed on expression: 'pred(*previous, *i)'
Assertion failed on expression: 'pred(*previous, *i)'
Assertion failed on expression: 'pred(*previous, *i)'
Assertion failed on expression: 'pred(*previous, *i)'
Assertion failed on expression: 'pred(*previous, *i)'
Assertion failed on expression: 'pred(*previous, *i)'
Assertion failed on expression: 'pred(*previous, *i)'
Assertion failed on expression: 'pred(*previous, *i)'
Assertion failed on expression: 'pred(*previous, *i)'
Assertion failed on expression: 'pred(*previous, *i)'
Assertion failed on expression: 'pred(*previous, *i)'
Assertion failed on expression: 'pred(*previous, *i)'
Assertion failed on expression: 'pred(*previous, *i)'
Assertion failed on expression: 'pred(*previous, *i)'
Assertion failed on expression: 'pred(*previous, *i)'
Assertion failed on expression: 'pred(*previous, *i)'
Assertion failed on expression: 'pred(*previous, *i)'
Assertion failed on expression: 'pred(*previous, *i)'
Assertion failed on expression: 'pred(*previous, *i)'
Assertion failed on expression: 'pred(*previous, *i)'
Assertion failed on expression: 'pred(*previous, *i)'
Assertion failed on expression: 'pred(*previous, *i)'
Assertion failed on expression: 'pred(*previous, *i)'
Assertion failed on expression: 'pred(*previous, *i)'
Assertion failed on expression: 'pred(*previous, *i)'
Assertion failed on expression: 'pred(*previous, *i)'
Assertion failed on expression: 'pred(*previous, *i)'
Assertion failed on expression: 'pred(*previous, *i)'
Assertion failed on expression: 'pred(*previous, *i)'
Assertion failed on expression: 'pred(*previous, *i)'
Assertion failed on expression: 'pred(*previous, *i)'
Assertion failed on expression: 'pred(*previous, *i)'
Assertion failed on expression: 'pred(*previous, *i)'
Assertion failed on expression: 'pred(*previous, *i)'
Assertion failed on expression: 'pred(*previous, *i)'
Assertion failed on expression: 'pred(*previous, *i)'
Assertion failed on expression: 'pred(*previous, *i)'
Assertion failed on expression: 'pred(*previous, *i)'
Assertion failed on expression: 'pred(*previous, *i)'
Assertion failed on expression: 'pred(*previous, *i)'
Assertion failed on expression: 'pred(*previous, *i)'
Assertion failed on expression: 'pred(*previous, *i)'
Assertion failed on expression: 'pred(*previous, *i)'
Assertion failed on expression: 'pred(*previous, *i)'
Assertion failed on expression: 'pred(*previous, *i)'
Assertion failed on expression: 'pred(*previous, *i)'
Assertion failed on expression: 'pred(*previous, *i)'
Assertion failed on expression: 'pred(*previous, *i)'
Assertion failed on expression: 'pred(*previous, *i)'
Assertion failed on expression: 'pred(*previous, *i)'
Assertion failed on expression: 'pred(*previous, *i)'
Assertion failed on expression: 'pred(*previous, *i)'
Assertion failed on expression: 'pred(*previous, *i)'
Assertion failed on expression: 'pred(*previous, *i)'
Assertion failed on expression: 'pred(*previous, *i)'
Assertion failed on expression: 'pred(*previous, *i)'
Assertion failed on expression: 'pred(*previous, *i)'
Assertion failed on expression: 'pred(*previous, *i)'
Assertion failed on expression: 'pred(*previous, *i)'
Assertion failed on expression: 'pred(*previous, *i)'
Assertion failed on expression: 'pred(*previous, *i)'
Assertion failed on expression: 'pred(*previous, *i)'
Assertion failed on expression: 'pred(*previous, *i)'
Assertion failed on expression: 'pred(*previous, *i)'
Assertion failed on expression: 'pred(*previous, *i)'
Assertion failed on expression: 'pred(*previous, *i)'
Assertion failed on expression: 'pred(*previous, *i)'
Assertion failed on expression: 'pred(*previous, *i)'
Assertion failed on expression: 'pred(*previous, *i)'
Assertion failed on expression: 'pred(*previous, *i)'
Assertion failed on expression: 'pred(*previous, *i)'
Assertion failed on expression: 'pred(*previous, *i)'
Assertion failed on expression: 'pred(*previous, *i)'
Assertion failed on expression: 'pred(*previous, *i)'
Assertion failed on expression: 'pred(*previous, *i)'
Assertion failed on expression: 'pred(*previous, *i)'
Assertion failed on expression: 'pred(*previous, *i)'
Assertion failed on expression: 'pred(*previous, *i)'
Assertion failed on expression: 'pred(*previous, *i)'
Assertion failed on expression: 'pred(*previous, *i)'
Assertion failed on expression: 'pred(*previous, *i)'
Assertion failed on expression: 'pred(*previous, *i)'
Assertion failed on expression: 'pred(*previous, *i)'
Assertion failed on expression: 'pred(*previous, *i)'
Assertion failed on expression: 'pred(*previous, *i)'
Assertion failed on expression: 'pred(*previous, *i)'
Assertion failed on expression: 'pred(*previous, *i)'
Assertion failed on expression: 'pred(*previous, *i)'
Assertion failed on expression: 'pred(*previous, *i)'
Assertion failed on expression: 'pred(*previous, *i)'
Assertion failed on expression: 'pred(*previous, *i)'
Assertion failed on expression: 'pred(*previous, *i)'
Assertion failed on expression: 'pred(*previous, *i)'
Assertion failed on expression: 'pred(*previous, *i)'
Assertion failed on expression: 'pred(*previous, *i)'
Assertion failed on expression: 'pred(*previous, *i)'
Assertion failed on expression: 'pred(*previous, *i)'
Assertion failed on expression: 'pred(*previous, *i)'
Assertion failed on expression: 'pred(*previous, *i)'
Assertion failed on expression: 'pred(*previous, *i)'
Assertion failed on expression: 'pred(*previous, *i)'
Assertion failed on expression: 'pred(*previous, *i)'
Assertion failed on expression: 'pred(*previous, *i)'
Assertion failed on expression: 'pred(*previous, *i)'
Assertion failed on expression: 'pred(*previous, *i)'
Assertion failed on expression: 'pred(*previous, *i)'
Assertion failed on expression: 'pred(*previous, *i)'
Assertion failed on expression: 'pred(*previous, *i)'
Assertion failed on expression: 'pred(*previous, *i)'
Assertion failed on expression: 'pred(*previous, *i)'
Assertion failed on expression: 'pred(*previous, *i)'
Assertion failed on expression: 'pred(*previous, *i)'
Assertion failed on expression: 'pred(*previous, *i)'
Assertion failed on expression: 'pred(*previous, *i)'
Assertion failed on expression: 'pred(*previous, *i)'
Assertion failed on expression: 'pred(*previous, *i)'
Assertion failed on expression: 'pred(*previous, *i)'
Assertion failed on expression: 'pred(*previous, *i)'
Assertion failed on expression: 'pred(*previous, *i)'
Assertion failed on expression: 'pred(*previous, *i)'
Assertion failed on expression: 'pred(*previous, *i)'
Assertion failed on expression: 'pred(*previous, *i)'
Assertion failed on expression: 'pred(*previous, *i)'
Assertion failed on expression: 'pred(*previous, *i)'
Assertion failed on expression: 'pred(*previous, *i)'
Assertion failed on expression: 'pred(*previous, *i)'
Assertion failed on expression: 'pred(*previous, *i)'
Assertion failed on expression: 'pred(*previous, *i)'
Assertion failed on expression: 'pred(*previous, *i)'
Assertion failed on expression: 'pred(*previous, *i)'
Assertion failed on expression: 'pred(*previous, *i)'
Assertion failed on expression: 'pred(*previous, *i)'
Assertion failed on expression: 'pred(*previous, *i)'
Assertion failed on expression: 'pred(*previous, *i)'
Assertion failed on expression: 'pred(*previous, *i)'
Assertion failed on expression: 'pred(*previous, *i)'
Assertion failed on expression: 'pred(*previous, *i)'
Assertion failed on expression: 'pred(*previous, *i)'
Assertion failed on expression: 'pred(*previous, *i)'
Assertion failed on expression: 'pred(*previous, *i)'
Assertion failed on expression: 'pred(*previous, *i)'
Assertion failed on expression: 'pred(*previous, *i)'
Assertion failed on expression: 'pred(*previous, *i)'
Assertion failed on expression: 'pred(*previous, *i)'
Assertion failed on expression: 'pred(*previous, *i)'
Assertion failed on expression: 'pred(*previous, *i)'
Assertion failed on expression: 'pred(*previous, *i)'
Assertion failed on expression: 'pred(*previous, *i)'
Assertion failed on expression: 'pred(*previous, *i)'
Assertion failed on expression: 'pred(*previous, *i)'
Assertion failed on expression: 'pred(*previous, *i)'
Assertion failed on expression: 'pred(*previous, *i)'
Assertion failed on expression: 'pred(*previous, *i)'
Assertion failed on expression: 'pred(*previous, *i)'
Assertion failed on expression: 'pred(*previous, *i)'
Assertion failed on expression: 'pred(*previous, *i)'
Assertion failed on expression: 'pred(*previous, *i)'
Assertion failed on expression: 'pred(*previous, *i)'
Assertion failed on expression: 'pred(*previous, *i)'
Assertion failed on expression: 'pred(*previous, *i)'
Assertion failed on expression: 'pred(*previous, *i)'
Assertion failed on expression: 'pred(*previous, *i)'
Assertion failed on expression: 'pred(*previous, *i)'
Assertion failed on expression: 'pred(*previous, *i)'
Assertion failed on expression: 'pred(*previous, *i)'
Assertion failed on expression: 'pred(*previous, *i)'
Assertion failed on expression: 'pred(*previous, *i)'
Assertion failed on expression: 'pred(*previous, *i)'
Assertion failed on expression: 'pred(*previous, *i)'
Assertion failed on expression: 'pred(*previous, *i)'
Assertion failed on expression: 'pred(*previous, *i)'
Assertion failed on expression: 'pred(*previous, *i)'
Assertion failed on expression: 'pred(*previous, *i)'
Assertion failed on expression: 'pred(*previous, *i)'
Assertion failed on expression: 'pred(*previous, *i)'
Assertion failed on expression: 'pred(*previous, *i)'
Assertion failed on expression: 'pred(*previous, *i)'
Assertion failed on expression: 'pred(*previous, *i)'
Assertion failed on expression: 'pred(*previous, *i)'
Assertion failed on expression: 'pred(*previous, *i)'
Assertion failed on expression: 'pred(*previous, *i)'
Assertion failed on expression: 'pred(*previous, *i)'
Assertion failed on expression: 'pred(*previous, *i)'
Assertion failed on expression: 'pred(*previous, *i)'
Assertion failed on expression: 'pred(*previous, *i)'
Assertion failed on expression: 'pred(*previous, *i)'
Assertion failed on expression: 'pred(*previous, *i)'
Assertion failed on expression: 'pred(*previous, *i)'
Assertion failed on expression: 'pred(*previous, *i)'
Assertion failed on expression: 'pred(*previous, *i)'
Assertion failed on expression: 'pred(*previous, *i)'
Assertion failed on expression: 'pred(*previous, *i)'
Assertion failed on expression: 'pred(*previous, *i)'
Assertion failed on expression: 'pred(*previous, *i)'
Assertion failed on expression: 'pred(*previous, *i)'
Assertion failed on expression: 'pred(*previous, *i)'
Assertion failed on expression: 'pred(*previous, *i)'
Assertion failed on expression: 'pred(*previous, *i)'
Assertion failed on expression: 'pred(*previous, *i)'
Assertion failed on expression: 'pred(*previous, *i)'
Assertion failed on expression: 'pred(*previous, *i)'
Assertion failed on expression: 'pred(*previous, *i)'
Assertion failed on expression: 'pred(*previous, *i)'
Assertion failed on expression: 'pred(*previous, *i)'
Assertion failed on expression: 'pred(*previous, *i)'
Assertion failed on expression: 'pred(*previous, *i)'
Assertion failed on expression: 'pred(*previous, *i)'
Assertion failed on expression: 'pred(*previous, *i)'
Assertion failed on expression: 'pred(*previous, *i)'
Assertion failed on expression: 'pred(*previous, *i)'
Assertion failed on expression: 'pred(*previous, *i)'
Assertion failed on expression: 'pred(*previous, *i)'
Assertion failed on expression: 'pred(*previous, *i)'
Assertion failed on expression: 'pred(*previous, *i)'
Assertion failed on expression: 'pred(*previous, *i)'
Assertion failed on expression: 'pred(*previous, *i)'
Assertion failed on expression: 'pred(*previous, *i)'
Assertion failed on expression: 'pred(*previous, *i)'
Assertion failed on expression: 'pred(*previous, *i)'
Assertion failed on expression: 'pred(*previous, *i)'
Assertion failed on expression: 'pred(*previous, *i)'
Assertion failed on expression: 'pred(*previous, *i)'
Assertion failed on expression: 'pred(*previous, *i)'
Assertion failed on expression: 'pred(*previous, *i)'
Assertion failed on expression: 'pred(*previous, *i)'
Assertion failed on expression: 'pred(*previous, *i)'
Assertion failed on expression: 'pred(*previous, *i)'
Assertion failed on expression: 'pred(*previous, *i)'
Assertion failed on expression: 'pred(*previous, *i)'
Assertion failed on expression: 'pred(*previous, *i)'
Assertion failed on expression: 'pred(*previous, *i)'
Assertion failed on expression: 'pred(*previous, *i)'
Assertion failed on expression: 'pred(*previous, *i)'
Assertion failed on expression: 'pred(*previous, *i)'
Assertion failed on expression: 'pred(*previous, *i)'
Assertion failed on expression: 'pred(*previous, *i)'
Assertion failed on expression: 'pred(*previous, *i)'
Assertion failed on expression: 'pred(*previous, *i)'
Assertion failed on expression: 'pred(*previous, *i)'
Assertion failed on expression: 'pred(*previous, *i)'
Assertion failed on expression: 'pred(*previous, *i)'
Assertion failed on expression: 'pred(*previous, *i)'
Assertion failed on expression: 'pred(*previous, *i)'
Assertion failed on expression: 'pred(*previous, *i)'
Assertion failed on expression: 'pred(*previous, *i)'
Assertion failed on expression: 'pred(*previous, *i)'
Assertion failed on expression: 'pred(*previous, *i)'
Assertion failed on expression: 'pred(*previous, *i)'
Assertion failed on expression: 'pred(*previous, *i)'
Assertion failed on expression: 'pred(*previous, *i)'
Assertion failed on expression: 'pred(*previous, *i)'
Assertion failed on expression: 'pred(*previous, *i)'
Assertion failed on expression: 'pred(*previous, *i)'
Assertion failed on expression: 'pred(*previous, *i)'
Assertion failed on expression: 'pred(*previous, *i)'
Assertion failed on expression: 'pred(*previous, *i)'
Assertion failed on expression: 'pred(*previous, *i)'
Assertion failed on expression: 'pred(*previous, *i)'
Assertion failed on expression: 'pred(*previous, *i)'
Assertion failed on expression: 'pred(*previous, *i)'
Assertion failed on expression: 'pred(*previous, *i)'
Assertion failed on expression: 'pred(*previous, *i)'
Assertion failed on expression: 'pred(*previous, *i)'
Assertion failed on expression: 'pred(*previous, *i)'
Assertion failed on expression: 'pred(*previous, *i)'
Assertion failed on expression: 'pred(*previous, *i)'
Assertion failed on expression: 'pred(*previous, *i)'
Assertion failed on expression: 'pred(*previous, *i)'
Assertion failed on expression: 'pred(*previous, *i)'
Assertion failed on expression: 'pred(*previous, *i)'
Assertion failed on expression: 'pred(*previous, *i)'
Assertion failed on expression: 'pred(*previous, *i)'
Assertion failed on expression: 'pred(*previous, *i)'
Assertion failed on expression: 'pred(*previous, *i)'
Assertion failed on expression: 'pred(*previous, *i)'
Assertion failed on expression: 'pred(*previous, *i)'
Assertion failed on expression: 'pred(*previous, *i)'
Assertion failed on expression: 'pred(*previous, *i)'
Assertion failed on expression: 'pred(*previous, *i)'
Assertion failed on expression: 'pred(*previous, *i)'
Assertion failed on expression: 'pred(*previous, *i)'
Assertion failed on expression: 'pred(*previous, *i)'
Assertion failed on expression: 'pred(*previous, *i)'
Assertion failed on expression: 'pred(*previous, *i)'
Assertion failed on expression: 'pred(*previous, *i)'
Assertion failed on expression: 'pred(*previous, *i)'
Assertion failed on expression: 'pred(*previous, *i)'
Assertion failed on expression: 'pred(*previous, *i)'
Assertion failed on expression: 'pred(*previous, *i)'
Assertion failed on expression: 'pred(*previous, *i)'
Assertion failed on expression: 'pred(*previous, *i)'
Assertion failed on expression: 'pred(*previous, *i)'
Assertion failed on expression: 'pred(*previous, *i)'
Assertion failed on expression: 'pred(*previous, *i)'
Assertion failed on expression: 'pred(*previous, *i)'
Assertion failed on expression: 'pred(*previous, *i)'
Assertion failed on expression: 'pred(*previous, *i)'
Assertion failed on expression: 'pred(*previous, *i)'
Assertion failed on expression: 'pred(*previous, *i)'
Assertion failed on expression: 'pred(*previous, *i)'
Assertion failed on expression: 'pred(*previous, *i)'
Assertion failed on expression: 'pred(*previous, *i)'
Assertion failed on expression: 'pred(*previous, *i)'
Assertion failed on expression: 'pred(*previous, *i)'
Assertion failed on expression: 'pred(*previous, *i)'
Assertion failed on expression: 'pred(*previous, *i)'
Assertion failed on expression: 'pred(*previous, *i)'
Assertion failed on expression: 'pred(*previous, *i)'
Assertion failed on expression: 'pred(*previous, *i)'
Assertion failed on expression: 'pred(*previous, *i)'
Assertion failed on expression: 'pred(*previous, *i)'
Assertion failed on expression: 'pred(*previous, *i)'
Assertion failed on expression: 'pred(*previous, *i)'
Assertion failed on expression: 'pred(*previous, *i)'
Assertion failed on expression: 'pred(*previous, *i)'
Assertion failed on expression: 'pred(*previous, *i)'
Assertion failed on expression: 'pred(*previous, *i)'
Assertion failed on expression: 'pred(*previous, *i)'
Assertion failed on expression: 'pred(*previous, *i)'
Assertion failed on expression: 'pred(*previous, *i)'
Assertion failed on expression: 'pred(*previous, *i)'
Assertion failed on expression: 'pred(*previous, *i)'
Assertion failed on expression: 'pred(*previous, *i)'
Assertion failed on expression: 'pred(*previous, *i)'
Assertion failed on expression: 'pred(*previous, *i)'
Assertion failed on expression: 'pred(*previous, *i)'
Assertion failed on expression: 'pred(*previous, *i)'
Assertion failed on expression: 'pred(*previous, *i)'
Assertion failed on expression: 'pred(*previous, *i)'
Assertion failed on expression: 'pred(*previous, *i)'
Assertion failed on expression: 'pred(*previous, *i)'
Assertion failed on expression: 'pred(*previous, *i)'
Assertion failed on expression: 'pred(*previous, *i)'
Assertion failed on expression: 'pred(*previous, *i)'
Assertion failed on expression: 'pred(*previous, *i)'
Assertion failed on expression: 'pred(*previous, *i)'
Assertion failed on expression: 'pred(*previous, *i)'
Assertion failed on expression: 'pred(*previous, *i)'
Assertion failed on expression: 'pred(*previous, *i)'
Assertion failed on expression: 'pred(*previous, *i)'
Assertion failed on expression: 'pred(*previous, *i)'
Assertion failed on expression: 'pred(*previous, *i)'
Assertion failed on expression: 'pred(*previous, *i)'
Assertion failed on expression: 'pred(*previous, *i)'
Assertion failed on expression: 'pred(*previous, *i)'
Assertion failed on expression: 'pred(*previous, *i)'
Assertion failed on expression: 'pred(*previous, *i)'
Assertion failed on expression: 'pred(*previous, *i)'
Assertion failed on expression: 'pred(*previous, *i)'
Assertion failed on expression: 'pred(*previous, *i)'
Assertion failed on expression: 'pred(*previous, *i)'
Assertion failed on expression: 'pred(*previous, *i)'
Assertion failed on expression: 'pred(*previous, *i)'
Assertion failed on expression: 'pred(*previous, *i)'
Assertion failed on expression: 'pred(*previous, *i)'
Assertion failed on expression: 'pred(*previous, *i)'
Assertion failed on expression: 'pred(*previous, *i)'
Assertion failed on expression: 'pred(*previous, *i)'
Assertion failed on expression: 'pred(*previous, *i)'
Assertion failed on expression: 'pred(*previous, *i)'
Assertion failed on expression: 'pred(*previous, *i)'
Assertion failed on expression: 'pred(*previous, *i)'
Assertion failed on expression: 'pred(*previous, *i)'
Assertion failed on expression: 'pred(*previous, *i)'
Assertion failed on expression: 'pred(*previous, *i)'
Assertion failed on expression: 'pred(*previous, *i)'
Assertion failed on expression: 'pred(*previous, *i)'
Assertion failed on expression: 'pred(*previous, *i)'
Assertion failed on expression: 'pred(*previous, *i)'
Assertion failed on expression: 'pred(*previous, *i)'
Assertion failed on expression: 'pred(*previous, *i)'
Assertion failed on expression: 'pred(*previous, *i)'
Assertion failed on expression: 'pred(*previous, *i)'
Assertion failed on expression: 'pred(*previous, *i)'
Assertion failed on expression: 'pred(*previous, *i)'
Assertion failed on expression: 'pred(*previous, *i)'
Assertion failed on expression: 'pred(*previous, *i)'
Assertion failed on expression: 'pred(*previous, *i)'
Assertion failed on expression: 'pred(*previous, *i)'
Assertion failed on expression: 'pred(*previous, *i)'
Assertion failed on expression: 'pred(*previous, *i)'
Assertion failed on expression: 'pred(*previous, *i)'
Assertion failed on expression: 'pred(*previous, *i)'
Assertion failed on expression: 'pred(*previous, *i)'
Assertion failed on expression: 'pred(*previous, *i)'
Assertion failed on expression: 'pred(*previous, *i)'
Assertion failed on expression: 'pred(*previous, *i)'
Assertion failed on expression: 'pred(*previous, *i)'
Assertion failed on expression: 'pred(*previous, *i)'
Assertion failed on expression: 'pred(*previous, *i)'
Assertion failed on expression: 'pred(*previous, *i)'
Assertion failed on expression: 'pred(*previous, *i)'
Assertion failed on expression: 'pred(*previous, *i)'
Assertion failed on expression: 'pred(*previous, *i)'
Assertion failed on expression: 'pred(*previous, *i)'
Assertion failed on expression: 'pred(*previous, *i)'
Assertion failed on expression: 'pred(*previous, *i)'
Assertion failed on expression: 'pred(*previous, *i)'
Assertion failed on expression: 'pred(*previous, *i)'
Assertion failed on expression: 'pred(*previous, *i)'
Assertion failed on expression: 'pred(*previous, *i)'
Assertion failed on expression: 'pred(*previous, *i)'
Assertion failed on expression: 'pred(*previous, *i)'
Assertion failed on expression: 'pred(*previous, *i)'
Assertion failed on expression: 'pred(*previous, *i)'
Assertion failed on expression: 'pred(*previous, *i)'
Assertion failed on expression: 'pred(*previous, *i)'
Assertion failed on expression: 'pred(*previous, *i)'
Assertion failed on expression: 'pred(*previous, *i)'
Assertion failed on expression: 'pred(*previous, *i)'
Assertion failed on expression: 'pred(*previous, *i)'
Assertion failed on expression: 'pred(*previous, *i)'
Assertion failed on expression: 'pred(*previous, *i)'
Assertion failed on expression: 'pred(*previous, *i)'
Assertion failed on expression: 'pred(*previous, *i)'
Assertion failed on expression: 'pred(*previous, *i)'
Assertion failed on expression: 'pred(*previous, *i)'
Assertion failed on expression: 'pred(*previous, *i)'
Assertion failed on expression: 'pred(*previous, *i)'
Assertion failed on expression: 'pred(*previous, *i)'
Assertion failed on expression: 'pred(*previous, *i)'
Assertion failed on expression: 'pred(*previous, *i)'
Assertion failed on expression: 'pred(*previous, *i)'
Assertion failed on expression: 'pred(*previous, *i)'
Assertion failed on expression: 'pred(*previous, *i)'
Assertion failed on expression: 'pred(*previous, *i)'
Assertion failed on expression: 'pred(*previous, *i)'
Assertion failed on expression: 'pred(*previous, *i)'
Assertion failed on expression: 'pred(*previous, *i)'
Assertion failed on expression: 'pred(*previous, *i)'
Assertion failed on expression: 'pred(*previous, *i)'
Assertion failed on expression: 'pred(*previous, *i)'
Assertion failed on expression: 'pred(*previous, *i)'
Assertion failed on expression: 'pred(*previous, *i)'
Assertion failed on expression: 'pred(*previous, *i)'
Assertion failed on expression: 'pred(*previous, *i)'
Assertion failed on expression: 'pred(*previous, *i)'
Assertion failed on expression: 'pred(*previous, *i)'
Assertion failed on expression: 'pred(*previous, *i)'
Assertion failed on expression: 'pred(*previous, *i)'
Assertion failed on expression: 'pred(*previous, *i)'
Assertion failed on expression: 'pred(*previous, *i)'
Assertion failed on expression: 'pred(*previous, *i)'
Assertion failed on expression: 'pred(*previous, *i)'
Assertion failed on expression: 'pred(*previous, *i)'
Assertion failed on expression: 'pred(*previous, *i)'
Assertion failed on expression: 'pred(*previous, *i)'
Assertion failed on expression: 'pred(*previous, *i)'
Assertion failed on expression: 'pred(*previous, *i)'
Assertion failed on expression: 'pred(*previous, *i)'
Assertion failed on expression: 'pred(*previous, *i)'
Assertion failed on expression: 'pred(*previous, *i)'
Assertion failed on expression: 'pred(*previous, *i)'
Assertion failed on expression: 'pred(*previous, *i)'
Assertion failed on expression: 'pred(*previous, *i)'
Assertion failed on expression: 'pred(*previous, *i)'
Assertion failed on expression: 'pred(*previous, *i)'
Assertion failed on expression: 'pred(*previous, *i)'
Assertion failed on expression: 'pred(*previous, *i)'
Assertion failed on expression: 'pred(*previous, *i)'
Assertion failed on expression: 'pred(*previous, *i)'
Assertion failed on expression: 'pred(*previous, *i)'
Assertion failed on expression: 'pred(*previous, *i)'
Assertion failed on expression: 'pred(*previous, *i)'
Assertion failed on expression: 'pred(*previous, *i)'
Assertion failed on expression: 'pred(*previous, *i)'
Assertion failed on expression: 'pred(*previous, *i)'
Assertion failed on expression: 'pred(*previous, *i)'
Assertion failed on expression: 'pred(*previous, *i)'
Assertion failed on expression: 'pred(*previous, *i)'
Assertion failed on expression: 'pred(*previous, *i)'
Assertion failed on expression: 'pred(*previous, *i)'
Assertion failed on expression: 'pred(*previous, *i)'
Assertion failed on expression: 'pred(*previous, *i)'
Assertion failed on expression: 'pred(*previous, *i)'
Assertion failed on expression: 'pred(*previous, *i)'
Assertion failed on expression: 'pred(*previous, *i)'
Assertion failed on expression: 'pred(*previous, *i)'
Assertion failed on expression: 'pred(*previous, *i)'
Assertion failed on expression: 'pred(*previous, *i)'
Assertion failed on expression: 'pred(*previous, *i)'
Assertion failed on expression: 'pred(*previous, *i)'
Assertion failed on expression: 'pred(*previous, *i)'
Assertion failed on expression: 'pred(*previous, *i)'
Assertion failed on expression: 'pred(*previous, *i)'
Assertion failed on expression: 'pred(*previous, *i)'
Assertion failed on expression: 'pred(*previous, *i)'
Assertion failed on expression: 'pred(*previous, *i)'
Assertion failed on expression: 'pred(*previous, *i)'
Assertion failed on expression: 'pred(*previous, *i)'
Assertion failed on expression: 'pred(*previous, *i)'
Assertion failed on expression: 'pred(*previous, *i)'
Assertion failed on expression: 'pred(*previous, *i)'
Assertion failed on expression: 'pred(*previous, *i)'
Assertion failed on expression: 'pred(*previous, *i)'
Assertion failed on expression: 'pred(*previous, *i)'
Assertion failed on expression: 'pred(*previous, *i)'
Assertion failed on expression: 'pred(*previous, *i)'
Assertion failed on expression: 'pred(*previous, *i)'
Assertion failed on expression: 'pred(*previous, *i)'
Assertion failed on expression: 'pred(*previous, *i)'
Assertion failed on expression: 'pred(*previous, *i)'
Assertion failed on expression: 'pred(*previous, *i)'
Assertion failed on expression: 'pred(*previous, *i)'
Assertion failed on expression: 'pred(*previous, *i)'
Assertion failed on expression: 'pred(*previous, *i)'
Assertion failed on expression: 'pred(*previous, *i)'
Assertion failed on expression: 'pred(*previous, *i)'
Assertion failed on expression: 'pred(*previous, *i)'
Assertion failed on expression: 'pred(*previous, *i)'
Assertion failed on expression: 'pred(*previous, *i)'
Assertion failed on expression: 'pred(*previous, *i)'
Assertion failed on expression: 'pred(*previous, *i)'
Assertion failed on expression: 'pred(*previous, *i)'
Assertion failed on expression: 'pred(*previous, *i)'
Assertion failed on expression: 'pred(*previous, *i)'
Assertion failed on expression: 'pred(*previous, *i)'
Assertion failed on expression: 'pred(*previous, *i)'
Assertion failed on expression: 'pred(*previous, *i)'
Assertion failed on expression: 'pred(*previous, *i)'
Assertion failed on expression: 'pred(*previous, *i)'
Assertion failed on expression: 'pred(*previous, *i)'
Assertion failed on expression: 'pred(*previous, *i)'
Assertion failed on expression: 'pred(*previous, *i)'
Assertion failed on expression: 'pred(*previous, *i)'
Assertion failed on expression: 'pred(*previous, *i)'
Assertion failed on expression: 'pred(*previous, *i)'
Assertion failed on expression: 'pred(*previous, *i)'
Assertion failed on expression: 'pred(*previous, *i)'
Assertion failed on expression: 'pred(*previous, *i)'
Assertion failed on expression: 'pred(*previous, *i)'
Assertion failed on expression: 'pred(*previous, *i)'
Assertion failed on expression: 'pred(*previous, *i)'
Assertion failed on expression: 'pred(*previous, *i)'
Assertion failed on expression: 'pred(*previous, *i)'
Assertion failed on expression: 'pred(*previous, *i)'
Assertion failed on expression: 'pred(*previous, *i)'
Assertion failed on expression: 'pred(*previous, *i)'
Assertion failed on expression: 'pred(*previous, *i)'
Assertion failed on expression: 'pred(*previous, *i)'
Assertion failed on expression: 'pred(*previous, *i)'
Assertion failed on expression: 'pred(*previous, *i)'
Assertion failed on expression: 'pred(*previous, *i)'
Assertion failed on expression: 'pred(*previous, *i)'
Assertion failed on expression: 'pred(*previous, *i)'
Assertion failed on expression: 'pred(*previous, *i)'
Assertion failed on expression: 'pred(*previous, *i)'
Assertion failed on expression: 'pred(*previous, *i)'
Assertion failed on expression: 'pred(*previous, *i)'
Assertion failed on expression: 'pred(*previous, *i)'
Assertion failed on expression: 'pred(*previous, *i)'
Assertion failed on expression: 'pred(*previous, *i)'
Assertion failed on expression: 'pred(*previous, *i)'
Assertion failed on expression: 'pred(*previous, *i)'
Assertion failed on expression: 'pred(*previous, *i)'
Assertion failed on expression: 'pred(*previous, *i)'
Assertion failed on expression: 'pred(*previous, *i)'
Assertion failed on expression: 'pred(*previous, *i)'
Assertion failed on expression: 'pred(*previous, *i)'
Assertion failed on expression: 'pred(*previous, *i)'
Assertion failed on expression: 'pred(*previous, *i)'
Assertion failed on expression: 'pred(*previous, *i)'
Assertion failed on expression: 'pred(*previous, *i)'
Assertion failed on expression: 'pred(*previous, *i)'
Assertion failed on expression: 'pred(*previous, *i)'
Assertion failed on expression: 'pred(*previous, *i)'
Assertion failed on expression: 'pred(*previous, *i)'
Assertion failed on expression: 'pred(*previous, *i)'
Assertion failed on expression: 'pred(*previous, *i)'
Assertion failed on expression: 'pred(*previous, *i)'
Assertion failed on expression: 'pred(*previous, *i)'
Assertion failed on expression: 'pred(*previous, *i)'
Assertion failed on expression: 'pred(*previous, *i)'
Assertion failed on expression: 'pred(*previous, *i)'
Assertion failed on expression: 'pred(*previous, *i)'
Assertion failed on expression: 'pred(*previous, *i)'
Assertion failed on expression: 'pred(*previous, *i)'
Assertion failed on expression: 'pred(*previous, *i)'
Assertion failed on expression: 'pred(*previous, *i)'
Assertion failed on expression: 'pred(*previous, *i)'
Assertion failed on expression: 'pred(*previous, *i)'
Assertion failed on expression: 'pred(*previous, *i)'
Assertion failed on expression: 'pred(*previous, *i)'
Assertion failed on expression: 'pred(*previous, *i)'
Assertion failed on expression: 'pred(*previous, *i)'
Assertion failed on expression: 'pred(*previous, *i)'
Assertion failed on expression: 'pred(*previous, *i)'
Assertion failed on expression: 'pred(*previous, *i)'
Assertion failed on expression: 'pred(*previous, *i)'
Assertion failed on expression: 'pred(*previous, *i)'
Assertion failed on expression: 'pred(*previous, *i)'
Assertion failed on expression: 'pred(*previous, *i)'
Assertion failed on expression: 'pred(*previous, *i)'
Assertion failed on expression: 'pred(*previous, *i)'
Assertion failed on expression: 'pred(*previous, *i)'
Assertion failed on expression: 'pred(*previous, *i)'
Assertion failed on expression: 'pred(*previous, *i)'
Assertion failed on expression: 'pred(*previous, *i)'
Assertion failed on expression: 'pred(*previous, *i)'
Assertion failed on expression: 'pred(*previous, *i)'
Assertion failed on expression: 'pred(*previous, *i)'
Assertion failed on expression: 'pred(*previous, *i)'
Assertion failed on expression: 'pred(*previous, *i)'
Assertion failed on expression: 'pred(*previous, *i)'
Assertion failed on expression: 'pred(*previous, *i)'
Assertion failed on expression: 'pred(*previous, *i)'
Assertion failed on expression: 'pred(*previous, *i)'
Assertion failed on expression: 'pred(*previous, *i)'
Assertion failed on expression: 'pred(*previous, *i)'
Assertion failed on expression: 'pred(*previous, *i)'
Assertion failed on expression: 'pred(*previous, *i)'
Assertion failed on expression: 'pred(*previous, *i)'
Assertion failed on expression: 'pred(*previous, *i)'
Assertion failed on expression: 'pred(*previous, *i)'
Assertion failed on expression: 'pred(*previous, *i)'
Assertion failed on expression: 'pred(*previous, *i)'
Assertion failed on expression: 'pred(*previous, *i)'
Assertion failed on expression: 'pred(*previous, *i)'
Assertion failed on expression: 'pred(*previous, *i)'
Assertion failed on expression: 'pred(*previous, *i)'
Assertion failed on expression: 'pred(*previous, *i)'
Assertion failed on expression: 'pred(*previous, *i)'
Assertion failed on expression: 'pred(*previous, *i)'
Assertion failed on expression: 'pred(*previous, *i)'
Assertion failed on expression: 'pred(*previous, *i)'
Assertion failed on expression: 'pred(*previous, *i)'
Assertion failed on expression: 'pred(*previous, *i)'
Assertion failed on expression: 'pred(*previous, *i)'
Assertion failed on expression: 'pred(*previous, *i)'
Assertion failed on expression: 'pred(*previous, *i)'
Assertion failed on expression: 'pred(*previous, *i)'
Assertion failed on expression: 'pred(*previous, *i)'
Assertion failed on expression: 'pred(*previous, *i)'
Assertion failed on expression: 'pred(*previous, *i)'
Assertion failed on expression: 'pred(*previous, *i)'
Assertion failed on expression: 'pred(*previous, *i)'
Assertion failed on expression: 'pred(*previous, *i)'
Assertion failed on expression: 'pred(*previous, *i)'
Assertion failed on expression: 'pred(*previous, *i)'
Assertion failed on expression: 'pred(*previous, *i)'
Assertion failed on expression: 'pred(*previous, *i)'
Assertion failed on expression: 'pred(*previous, *i)'
Assertion failed on expression: 'pred(*previous, *i)'
Assertion failed on expression: 'pred(*previous, *i)'
Assertion failed on expression: 'pred(*previous, *i)'
Assertion failed on expression: 'pred(*previous, *i)'
Assertion failed on expression: 'pred(*previous, *i)'
Assertion failed on expression: 'pred(*previous, *i)'
Assertion failed on expression: 'pred(*previous, *i)'
Assertion failed on expression: 'pred(*previous, *i)'
Assertion failed on expression: 'pred(*previous, *i)'
Assertion failed on expression: 'pred(*previous, *i)'
Assertion failed on expression: 'pred(*previous, *i)'
Assertion failed on expression: 'pred(*previous, *i)'
Assertion failed on expression: 'pred(*previous, *i)'
Assertion failed on expression: 'pred(*previous, *i)'
Assertion failed on expression: 'pred(*previous, *i)'
Assertion failed on expression: 'pred(*previous, *i)'
Assertion failed on expression: 'pred(*previous, *i)'
Assertion failed on expression: 'pred(*previous, *i)'
Assertion failed on expression: 'pred(*previous, *i)'
Assertion failed on expression: 'pred(*previous, *i)'
Assertion failed on expression: 'pred(*previous, *i)'
Assertion failed on expression: 'pred(*previous, *i)'
Assertion failed on expression: 'pred(*previous, *i)'
Assertion failed on expression: 'pred(*previous, *i)'
Assertion failed on expression: 'pred(*previous, *i)'
Assertion failed on expression: 'pred(*previous, *i)'
Assertion failed on expression: 'pred(*previous, *i)'
Assertion failed on expression: 'pred(*previous, *i)'
Assertion failed on expression: 'pred(*previous, *i)'
Assertion failed on expression: 'pred(*previous, *i)'
Assertion failed on expression: 'pred(*previous, *i)'
Assertion failed on expression: 'pred(*previous, *i)'
Assertion failed on expression: 'pred(*previous, *i)'
Assertion failed on expression: 'pred(*previous, *i)'
Assertion failed on expression: 'pred(*previous, *i)'
Assertion failed on expression: 'pred(*previous, *i)'
Assertion failed on expression: 'pred(*previous, *i)'
Assertion failed on expression: 'pred(*previous, *i)'
Assertion failed on expression: 'pred(*previous, *i)'
Assertion failed on expression: 'pred(*previous, *i)'
Assertion failed on expression: 'pred(*previous, *i)'
Assertion failed on expression: 'pred(*previous, *i)'
Assertion failed on expression: 'pred(*previous, *i)'
Assertion failed on expression: 'pred(*previous, *i)'
Assertion failed on expression: 'pred(*previous, *i)'
Assertion failed on expression: 'pred(*previous, *i)'
Assertion failed on expression: 'pred(*previous, *i)'
Assertion failed on expression: 'pred(*previous, *i)'
Assertion failed on expression: 'pred(*previous, *i)'
Assertion failed on expression: 'pred(*previous, *i)'
Assertion failed on expression: 'pred(*previous, *i)'
Assertion failed on expression: 'pred(*previous, *i)'
Assertion failed on expression: 'pred(*previous, *i)'
Assertion failed on expression: 'pred(*previous, *i)'
Assertion failed on expression: 'pred(*previous, *i)'
Assertion failed on expression: 'pred(*previous, *i)'
Assertion failed on expression: 'pred(*previous, *i)'
Assertion failed on expression: 'pred(*previous, *i)'
Assertion failed on expression: 'pred(*previous, *i)'
Assertion failed on expression: 'pred(*previous, *i)'
Assertion failed on expression: 'pred(*previous, *i)'
Assertion failed on expression: 'pred(*previous, *i)'
Assertion failed on expression: 'pred(*previous, *i)'
Assertion failed on expression: 'pred(*previous, *i)'
Assertion failed on expression: 'pred(*previous, *i)'
Assertion failed on expression: 'pred(*previous, *i)'
Assertion failed on expression: 'pred(*previous, *i)'
Assertion failed on expression: 'pred(*previous, *i)'
Assertion failed on expression: 'pred(*previous, *i)'
Assertion failed on expression: 'pred(*previous, *i)'
Assertion failed on expression: 'pred(*previous, *i)'
Assertion failed on expression: 'pred(*previous, *i)'
Assertion failed on expression: 'pred(*previous, *i)'
Assertion failed on expression: 'pred(*previous, *i)'
Assertion failed on expression: 'pred(*previous, *i)'
Assertion failed on expression: 'pred(*previous, *i)'
Assertion failed on expression: 'pred(*previous, *i)'
Assertion failed on expression: 'pred(*previous, *i)'
Assertion failed on expression: 'pred(*previous, *i)'
Assertion failed on expression: 'pred(*previous, *i)'
Assertion failed on expression: 'pred(*previous, *i)'
Assertion failed on expression: 'pred(*previous, *i)'
Assertion failed on expression: 'pred(*previous, *i)'
Assertion failed on expression: 'pred(*previous, *i)'
Assertion failed on expression: 'pred(*previous, *i)'
Assertion failed on expression: 'pred(*previous, *i)'
Assertion failed on expression: 'pred(*previous, *i)'
Assertion failed on expression: 'pred(*previous, *i)'
Assertion failed on expression: 'pred(*previous, *i)'
Assertion failed on expression: 'pred(*previous, *i)'
Assertion failed on expression: 'pred(*previous, *i)'
Assertion failed on expression: 'pred(*previous, *i)'
Assertion failed on expression: 'pred(*previous, *i)'
Assertion failed on expression: 'pred(*previous, *i)'
Assertion failed on expression: 'pred(*previous, *i)'
Assertion failed on expression: 'pred(*previous, *i)'
Assertion failed on expression: 'pred(*previous, *i)'
Assertion failed on expression: 'pred(*previous, *i)'
Assertion failed on expression: 'pred(*previous, *i)'
Assertion failed on expression: 'pred(*previous, *i)'
Assertion failed on expression: 'pred(*previous, *i)'
Assertion failed on expression: 'pred(*previous, *i)'
Assertion failed on expression: 'pred(*previous, *i)'
Assertion failed on expression: 'pred(*previous, *i)'
Assertion failed on expression: 'pred(*previous, *i)'
Assertion failed on expression: 'pred(*previous, *i)'
Assertion failed on expression: 'pred(*previous, *i)'
Assertion failed on expression: 'pred(*previous, *i)'
Assertion failed on expression: 'pred(*previous, *i)'
Assertion failed on expression: 'pred(*previous, *i)'
Assertion failed on expression: 'pred(*previous, *i)'
Assertion failed on expression: 'pred(*previous, *i)'
Assertion failed on expression: 'pred(*previous, *i)'
Assertion failed on expression: 'pred(*previous, *i)'
Assertion failed on expression: 'pred(*previous, *i)'
Assertion failed on expression: 'pred(*previous, *i)'
Assertion failed on expression: 'pred(*previous, *i)'
Assertion failed on expression: 'pred(*previous, *i)'
Assertion failed on expression: 'pred(*previous, *i)'
Assertion failed on expression: 'pred(*previous, *i)'
Assertion failed on expression: 'pred(*previous, *i)'
Assertion failed on expression: 'pred(*previous, *i)'
Assertion failed on expression: 'pred(*previous, *i)'
Assertion failed on expression: 'pred(*previous, *i)'
Assertion failed on expression: 'pred(*previous, *i)'
Assertion failed on expression: 'pred(*previous, *i)'
Assertion failed on expression: 'pred(*previous, *i)'
Assertion failed on expression: 'pred(*previous, *i)'
Assertion failed on expression: 'pred(*previous, *i)'
Assertion failed on expression: 'pred(*previous, *i)'
Assertion failed on expression: 'pred(*previous, *i)'
Assertion failed on expression: 'pred(*previous, *i)'
Assertion failed on expression: 'pred(*previous, *i)'
Assertion failed on expression: 'pred(*previous, *i)'
Assertion failed on expression: 'pred(*previous, *i)'
Assertion failed on expression: 'pred(*previous, *i)'
Assertion failed on expression: 'pred(*previous, *i)'
Assertion failed on expression: 'pred(*previous, *i)'
Assertion failed on expression: 'pred(*previous, *i)'
Assertion failed on expression: 'pred(*previous, *i)'
Assertion failed on expression: 'pred(*previous, *i)'
Assertion failed on expression: 'pred(*previous, *i)'
Assertion failed on expression: 'pred(*previous, *i)'
Assertion failed on expression: 'pred(*previous, *i)'
Assertion failed on expression: 'pred(*previous, *i)'
Assertion failed on expression: 'pred(*previous, *i)'
Assertion failed on expression: 'pred(*previous, *i)'
Assertion failed on expression: 'pred(*previous, *i)'
Assertion failed on expression: 'pred(*previous, *i)'
Assertion failed on expression: 'pred(*previous, *i)'
Assertion failed on expression: 'pred(*previous, *i)'
Assertion failed on expression: 'pred(*previous, *i)'
Assertion failed on expression: 'pred(*previous, *i)'
Assertion failed on expression: 'pred(*previous, *i)'
Assertion failed on expression: 'pred(*previous, *i)'
Assertion failed on expression: 'pred(*previous, *i)'
Assertion failed on expression: 'pred(*previous, *i)'
Assertion failed on expression: 'pred(*previous, *i)'
Assertion failed on expression: 'pred(*previous, *i)'
Assertion failed on expression: 'pred(*previous, *i)'
Assertion failed on expression: 'pred(*previous, *i)'
Assertion failed on expression: 'pred(*previous, *i)'
Assertion failed on expression: 'pred(*previous, *i)'
Assertion failed on expression: 'pred(*previous, *i)'
Assertion failed on expression: 'pred(*previous, *i)'
Assertion failed on expression: 'pred(*previous, *i)'
Assertion failed on expression: 'pred(*previous, *i)'
Assertion failed on expression: 'pred(*previous, *i)'
Assertion failed on expression: 'pred(*previous, *i)'
Assertion failed on expression: 'pred(*previous, *i)'
Assertion failed on expression: 'pred(*previous, *i)'
Assertion failed on expression: 'pred(*previous, *i)'
Assertion failed on expression: 'pred(*previous, *i)'
Assertion failed on expression: 'pred(*previous, *i)'
Assertion failed on expression: 'pred(*previous, *i)'
Assertion failed on expression: 'pred(*previous, *i)'
Assertion failed on expression: 'pred(*previous, *i)'
Assertion failed on expression: 'pred(*previous, *i)'
Assertion failed on expression: 'pred(*previous, *i)'
Assertion failed on expression: 'pred(*previous, *i)'
Assertion failed on expression: 'pred(*previous, *i)'
Assertion failed on expression: 'pred(*previous, *i)'
Assertion failed on expression: 'pred(*previous, *i)'
Assertion failed on expression: 'pred(*previous, *i)'
Assertion failed on expression: 'pred(*previous, *i)'
Assertion failed on expression: 'pred(*previous, *i)'
Assertion failed on expression: 'pred(*previous, *i)'
Assertion failed on expression: 'pred(*previous, *i)'
Assertion failed on expression: 'pred(*previous, *i)'
Assertion failed on expression: 'pred(*previous, *i)'
Assertion failed on expression: 'pred(*previous, *i)'
Assertion failed on expression: 'pred(*previous, *i)'
Assertion failed on expression: 'pred(*previous, *i)'
Assertion failed on expression: 'pred(*previous, *i)'
Assertion failed on expression: 'pred(*previous, *i)'
Assertion failed on expression: 'pred(*previous, *i)'
Assertion failed on expression: 'pred(*previous, *i)'
Assertion failed on expression: 'pred(*previous, *i)'
Assertion failed on expression: 'pred(*previous, *i)'
Assertion failed on expression: 'pred(*previous, *i)'
Assertion failed on expression: 'pred(*previous, *i)'
Assertion failed on expression: 'pred(*previous, *i)'
Assertion failed on expression: 'pred(*previous, *i)'
Assertion failed on expression: 'pred(*previous, *i)'
Assertion failed on expression: 'pred(*previous, *i)'
Assertion failed on expression: 'pred(*previous, *i)'
Assertion failed on expression: 'pred(*previous, *i)'
Assertion failed on expression: 'pred(*previous, *i)'
Assertion failed on expression: 'pred(*previous, *i)'
Assertion failed on expression: 'pred(*previous, *i)'
Assertion failed on expression: 'pred(*previous, *i)'
Assertion failed on expression: 'pred(*previous, *i)'
Assertion failed on expression: 'pred(*previous, *i)'
Assertion failed on expression: 'pred(*previous, *i)'
Assertion failed on expression: 'pred(*previous, *i)'
Assertion failed on expression: 'pred(*previous, *i)'
Assertion failed on expression: 'pred(*previous, *i)'
Assertion failed on expression: 'pred(*previous, *i)'
Assertion failed on expression: 'pred(*previous, *i)'
Assertion failed on expression: 'pred(*previous, *i)'
Assertion failed on expression: 'pred(*previous, *i)'
Assertion failed on expression: 'pred(*previous, *i)'
Assertion failed on expression: 'pred(*previous, *i)'
Assertion failed on expression: 'pred(*previous, *i)'
Assertion failed on expression: 'pred(*previous, *i)'
Assertion failed on expression: 'pred(*previous, *i)'
Assertion failed on expression: 'pred(*previous, *i)'
Assertion failed on expression: 'pred(*previous, *i)'
Assertion failed on expression: 'pred(*previous, *i)'
Assertion failed on expression: 'pred(*previous, *i)'
Assertion failed on expression: 'pred(*previous, *i)'
Assertion failed on expression: 'pred(*previous, *i)'
Assertion failed on expression: 'pred(*previous, *i)'
Assertion failed on expression: 'pred(*previous, *i)'
Assertion failed on expression: 'pred(*previous, *i)'
Assertion failed on expression: 'pred(*previous, *i)'
Assertion failed on expression: 'pred(*previous, *i)'
Assertion failed on expression: 'pred(*previous, *i)'
Assertion failed on expression: 'pred(*previous, *i)'
Assertion failed on expression: 'pred(*previous, *i)'
Assertion failed on expression: 'pred(*previous, *i)'
Assertion failed on expression: 'pred(*previous, *i)'
Assertion failed on expression: 'pred(*previous, *i)'
Assertion failed on expression: 'pred(*previous, *i)'
Assertion failed on expression: 'pred(*previous, *i)'
Assertion failed on expression: 'pred(*previous, *i)'
Assertion failed on expression: 'pred(*previous, *i)'
Assertion failed on expression: 'pred(*previous, *i)'
Assertion failed on expression: 'pred(*previous, *i)'
Assertion failed on expression: 'pred(*previous, *i)'
Assertion failed on expression: 'pred(*previous, *i)'
Assertion failed on expression: 'pred(*previous, *i)'
Assertion failed on expression: 'pred(*previous, *i)'
Assertion failed on expression: 'pred(*previous, *i)'
Assertion failed on expression: 'pred(*previous, *i)'
Assertion failed on expression: 'pred(*previous, *i)'
Assertion failed on expression: 'pred(*previous, *i)'
Assertion failed on expression: 'pred(*previous, *i)'
Assertion failed on expression: 'pred(*previous, *i)'
Assertion failed on expression: 'pred(*previous, *i)'
Assertion failed on expression: 'pred(*previous, *i)'
Assertion failed on expression: 'pred(*previous, *i)'
Assertion failed on expression: 'pred(*previous, *i)'
Assertion failed on expression: 'pred(*previous, *i)'
Assertion failed on expression: 'pred(*previous, *i)'
Assertion failed on expression: 'pred(*previous, *i)'
Assertion failed on expression: 'pred(*previous, *i)'
Assertion failed on expression: 'pred(*previous, *i)'
Assertion failed on expression: 'pred(*previous, *i)'
Assertion failed on expression: 'pred(*previous, *i)'
Assertion failed on expression: 'pred(*previous, *i)'
Assertion failed on expression: 'pred(*previous, *i)'
Assertion failed on expression: 'pred(*previous, *i)'
Assertion failed on expression: 'pred(*previous, *i)'
Assertion failed on expression: 'pred(*previous, *i)'
Assertion failed on expression: 'pred(*previous, *i)'
Assertion failed on expression: 'pred(*previous, *i)'
Assertion failed on expression: 'pred(*previous, *i)'
Assertion failed on expression: 'pred(*previous, *i)'
Assertion failed on expression: 'pred(*previous, *i)'
Assertion failed on expression: 'pred(*previous, *i)'
Assertion failed on expression: 'pred(*previous, *i)'
Assertion failed on expression: 'pred(*previous, *i)'
Assertion failed on expression: 'pred(*previous, *i)'
Assertion failed on expression: 'pred(*previous, *i)'
Assertion failed on expression: 'pred(*previous, *i)'
Assertion failed on expression: 'pred(*previous, *i)'
Assertion failed on expression: 'pred(*previous, *i)'
Assertion failed on expression: 'pred(*previous, *i)'
Assertion failed on expression: 'pred(*previous, *i)'
Assertion failed on expression: 'pred(*previous, *i)'
Assertion failed on expression: 'pred(*previous, *i)'
Assertion failed on expression: 'pred(*previous, *i)'
Assertion failed on expression: 'pred(*previous, *i)'
Assertion failed on expression: 'pred(*previous, *i)'
Assertion failed on expression: 'pred(*previous, *i)'
Assertion failed on expression: 'pred(*previous, *i)'
Assertion failed on expression: 'pred(*previous, *i)'
Assertion failed on expression: 'pred(*previous, *i)'
Assertion failed on expression: 'pred(*previous, *i)'
Assertion failed on expression: 'pred(*previous, *i)'
Assertion failed on expression: 'pred(*previous, *i)'
Assertion failed on expression: 'pred(*previous, *i)'
Assertion failed on expression: 'pred(*previous, *i)'
Assertion failed on expression: 'pred(*previous, *i)'
Assertion failed on expression: 'pred(*previous, *i)'
Assertion failed on expression: 'pred(*previous, *i)'
Assertion failed on expression: 'pred(*previous, *i)'
Assertion failed on expression: 'pred(*previous, *i)'
Assertion failed on expression: 'pred(*previous, *i)'
Assertion failed on expression: 'pred(*previous, *i)'
Assertion failed on expression: 'pred(*previous, *i)'
Assertion failed on expression: 'pred(*previous, *i)'
Assertion failed on expression: 'pred(*previous, *i)'
Assertion failed on expression: 'pred(*previous, *i)'
Assertion failed on expression: 'pred(*previous, *i)'
Assertion failed on expression: 'pred(*previous, *i)'
Assertion failed on expression: 'pred(*previous, *i)'
Assertion failed on expression: 'pred(*previous, *i)'
Assertion failed on expression: 'pred(*previous, *i)'
Assertion failed on expression: 'pred(*previous, *i)'
Assertion failed on expression: 'pred(*previous, *i)'
Assertion failed on expression: 'pred(*previous, *i)'
Assertion failed on expression: 'pred(*previous, *i)'
Assertion failed on expression: 'pred(*previous, *i)'
Assertion failed on expression: 'pred(*previous, *i)'
Assertion failed on expression: 'pred(*previous, *i)'
Assertion failed on expression: 'pred(*previous, *i)'
Assertion failed on expression: 'pred(*previous, *i)'
Assertion failed on expression: 'pred(*previous, *i)'
Assertion failed on expression: 'pred(*previous, *i)'
Assertion failed on expression: 'pred(*previous, *i)'
Assertion failed on expression: 'pred(*previous, *i)'
Assertion failed on expression: 'pred(*previous, *i)'
Assertion failed on expression: 'pred(*previous, *i)'
Assertion failed on expression: 'pred(*previous, *i)'
Assertion failed on expression: 'pred(*previous, *i)'
Assertion failed on expression: 'pred(*previous, *i)'
Assertion failed on expression: 'pred(*previous, *i)'
Assertion failed on expression: 'pred(*previous, *i)'
Assertion failed on expression: 'pred(*previous, *i)'
Assertion failed on expression: 'pred(*previous, *i)'
Assertion failed on expression: 'pred(*previous, *i)'
Assertion failed on expression: 'pred(*previous, *i)'
Assertion failed on expression: 'pred(*previous, *i)'
Assertion failed on expression: 'pred(*previous, *i)'
Assertion failed on expression: 'pred(*previous, *i)'
Assertion failed on expression: 'pred(*previous, *i)'
Assertion failed on expression: 'pred(*previous, *i)'
Assertion failed on expression: 'pred(*previous, *i)'
Assertion failed on expression: 'pred(*previous, *i)'
Assertion failed on expression: 'pred(*previous, *i)'
Assertion failed on expression: 'pred(*previous, *i)'
Assertion failed on expression: 'pred(*previous, *i)'
Assertion failed on expression: 'pred(*previous, *i)'
Assertion failed on expression: 'pred(*previous, *i)'
Assertion failed on expression: 'pred(*previous, *i)'
Native extension for UWP target not found
Native extension for WindowsStandalone target not found
Native extension for WebGL target not found
[Package Manager] Failed to launch server process. Reason: Unity was launched with the -noUpm command-line argument
[Package Manager] Unable to send message (not connected to server process).
[Package Manager] Cannot connect to Unity Package Manager local server
Mono: successfully reloaded assembly
- Finished resetting the current domain, in  0.447 seconds
Domain Reload Profiling: 890ms
	BeginReloadAssembly (143ms)
		ExecutionOrderSort (0ms)
		DisableScriptedObjects (16ms)
		BackupInstance (0ms)
		ReleaseScriptingObjects (0ms)
		CreateAndSetChildDomain (34ms)
	RebuildCommonClasses (21ms)
	RebuildNativeTypeToScriptingClass (8ms)
	initialDomainReloadingComplete (15ms)
	LoadAllAssembliesAndSetupDomain (256ms)
		LoadAssemblies (191ms)
		RebuildTransferFunctionScriptingTraits (0ms)
		AnalyzeDomain (120ms)
			TypeCache.Refresh (5ms)
				TypeCache.ScanAssembly (0ms)
			BuildScriptInfoCaches (106ms)
			ResolveRequiredComponents (7ms)
	FinalizeReload (447ms)
		ReleaseScriptCaches (0ms)
		RebuildScriptCaches (0ms)
		SetupLoadedEditorAssemblies (336ms)
			LogAssemblyErrors (0ms)
			InitializePlatformSupportModulesInManaged (2ms)
			SetLoadedEditorAssemblies (4ms)
			BeforeProcessingInitializeOnLoad (71ms)
			ProcessInitializeOnLoadAttributes (225ms)
			ProcessInitializeOnLoadMethodAttributes (33ms)
			AfterProcessingInitializeOnLoad (1ms)
			EditorAssembliesLoaded (0ms)
		ExecutionOrderSort2 (0ms)
		AwakeInstancesAfterBackupRestoration (8ms)
Refreshing native plugins compatible for Editor in 1.27 ms, found 4 plugins.
Preloading 0 native plugins for Editor in 0.00 ms.
Unloading 34 Unused Serialized files (Serialized files now loaded: 0)
Unloading 6728 unused Assets / (6.4 MB). Loaded Objects now: 7463.
Memory consumption went from 162.6 MB to 156.2 MB.
Total: 5.445900 ms (FindLiveObjects: 0.373900 ms CreateObjectMapping: 0.228600 ms MarkObjects: 2.926200 ms  DeleteObjects: 1.916500 ms)

Prepare: number of updated asset objects reloaded= 0
========================================================================
Received Prepare
Begin MonoManager ReloadAssembly
- Loaded All Assemblies, in  0.416 seconds
Refreshing native plugins compatible for Editor in 0.63 ms, found 4 plugins.
Assertion failed on expression: 'pred(*previous, *i)'
Assertion failed on expression: 'pred(*previous, *i)'
Assertion failed on expression: 'pred(*previous, *i)'
Assertion failed on expression: 'pred(*previous, *i)'
Assertion failed on expression: 'pred(*previous, *i)'
Assertion failed on expression: 'pred(*previous, *i)'
Assertion failed on expression: 'pred(*previous, *i)'
Assertion failed on expression: 'pred(*previous, *i)'
Assertion failed on expression: 'pred(*previous, *i)'
Assertion failed on expression: 'pred(*previous, *i)'
Assertion failed on expression: 'pred(*previous, *i)'
Assertion failed on expression: 'pred(*previous, *i)'
Assertion failed on expression: 'pred(*previous, *i)'
Assertion failed on expression: 'pred(*previous, *i)'
Assertion failed on expression: 'pred(*previous, *i)'
Assertion failed on expression: 'pred(*previous, *i)'
Assertion failed on expression: 'pred(*previous, *i)'
Assertion failed on expression: 'pred(*previous, *i)'
Assertion failed on expression: 'pred(*previous, *i)'
Assertion failed on expression: 'pred(*previous, *i)'
Assertion failed on expression: 'pred(*previous, *i)'
Assertion failed on expression: 'pred(*previous, *i)'
Assertion failed on expression: 'pred(*previous, *i)'
Assertion failed on expression: 'pred(*previous, *i)'
Assertion failed on expression: 'pred(*previous, *i)'
Assertion failed on expression: 'pred(*previous, *i)'
Assertion failed on expression: 'pred(*previous, *i)'
Assertion failed on expression: 'pred(*previous, *i)'
Assertion failed on expression: 'pred(*previous, *i)'
Assertion failed on expression: 'pred(*previous, *i)'
Assertion failed on expression: 'pred(*previous, *i)'
Assertion failed on expression: 'pred(*previous, *i)'
Assertion failed on expression: 'pred(*previous, *i)'
Assertion failed on expression: 'pred(*previous, *i)'
Assertion failed on expression: 'pred(*previous, *i)'
Assertion failed on expression: 'pred(*previous, *i)'
Assertion failed on expression: 'pred(*previous, *i)'
Assertion failed on expression: 'pred(*previous, *i)'
Assertion failed on expression: 'pred(*previous, *i)'
Assertion failed on expression: 'pred(*previous, *i)'
Assertion failed on expression: 'pred(*previous, *i)'
Assertion failed on expression: 'pred(*previous, *i)'
Assertion failed on expression: 'pred(*previous, *i)'
Assertion failed on expression: 'pred(*previous, *i)'
Assertion failed on expression: 'pred(*previous, *i)'
Assertion failed on expression: 'pred(*previous, *i)'
Assertion failed on expression: 'pred(*previous, *i)'
Assertion failed on expression: 'pred(*previous, *i)'
Assertion failed on expression: 'pred(*previous, *i)'
Assertion failed on expression: 'pred(*previous, *i)'
Assertion failed on expression: 'pred(*previous, *i)'
Assertion failed on expression: 'pred(*previous, *i)'
Assertion failed on expression: 'pred(*previous, *i)'
Assertion failed on expression: 'pred(*previous, *i)'
Assertion failed on expression: 'pred(*previous, *i)'
Assertion failed on expression: 'pred(*previous, *i)'
Assertion failed on expression: 'pred(*previous, *i)'
Assertion failed on expression: 'pred(*previous, *i)'
Assertion failed on expression: 'pred(*previous, *i)'
Assertion failed on expression: 'pred(*previous, *i)'
Assertion failed on expression: 'pred(*previous, *i)'
Assertion failed on expression: 'pred(*previous, *i)'
Assertion failed on expression: 'pred(*previous, *i)'
Assertion failed on expression: 'pred(*previous, *i)'
Assertion failed on expression: 'pred(*previous, *i)'
Assertion failed on expression: 'pred(*previous, *i)'
Assertion failed on expression: 'pred(*previous, *i)'
Assertion failed on expression: 'pred(*previous, *i)'
Assertion failed on expression: 'pred(*previous, *i)'
Assertion failed on expression: 'pred(*previous, *i)'
Assertion failed on expression: 'pred(*previous, *i)'
Assertion failed on expression: 'pred(*previous, *i)'
Assertion failed on expression: 'pred(*previous, *i)'
Assertion failed on expression: 'pred(*previous, *i)'
Assertion failed on expression: 'pred(*previous, *i)'
Assertion failed on expression: 'pred(*previous, *i)'
Assertion failed on expression: 'pred(*previous, *i)'
Assertion failed on expression: 'pred(*previous, *i)'
Assertion failed on expression: 'pred(*previous, *i)'
Assertion failed on expression: 'pred(*previous, *i)'
Assertion failed on expression: 'pred(*previous, *i)'
Assertion failed on expression: 'pred(*previous, *i)'
Assertion failed on expression: 'pred(*previous, *i)'
Assertion failed on expression: 'pred(*previous, *i)'
Assertion failed on expression: 'pred(*previous, *i)'
Assertion failed on expression: 'pred(*previous, *i)'
Assertion failed on expression: 'pred(*previous, *i)'
Assertion failed on expression: 'pred(*previous, *i)'
Assertion failed on expression: 'pred(*previous, *i)'
Assertion failed on expression: 'pred(*previous, *i)'
Assertion failed on expression: 'pred(*previous, *i)'
Assertion failed on expression: 'pred(*previous, *i)'
Assertion failed on expression: 'pred(*previous, *i)'
Assertion failed on expression: 'pred(*previous, *i)'
Assertion failed on expression: 'pred(*previous, *i)'
Assertion failed on expression: 'pred(*previous, *i)'
Assertion failed on expression: 'pred(*previous, *i)'
Assertion failed on expression: 'pred(*previous, *i)'
Assertion failed on expression: 'pred(*previous, *i)'
Assertion failed on expression: 'pred(*previous, *i)'
Assertion failed on expression: 'pred(*previous, *i)'
Assertion failed on expression: 'pred(*previous, *i)'
Assertion failed on expression: 'pred(*previous, *i)'
Assertion failed on expression: 'pred(*previous, *i)'
Assertion failed on expression: 'pred(*previous, *i)'
Assertion failed on expression: 'pred(*previous, *i)'
Assertion failed on expression: 'pred(*previous, *i)'
Assertion failed on expression: 'pred(*previous, *i)'
Assertion failed on expression: 'pred(*previous, *i)'
Assertion failed on expression: 'pred(*previous, *i)'
Assertion failed on expression: 'pred(*previous, *i)'
Assertion failed on expression: 'pred(*previous, *i)'
Assertion failed on expression: 'pred(*previous, *i)'
Assertion failed on expression: 'pred(*previous, *i)'
Assertion failed on expression: 'pred(*previous, *i)'
Assertion failed on expression: 'pred(*previous, *i)'
Assertion failed on expression: 'pred(*previous, *i)'
Assertion failed on expression: 'pred(*previous, *i)'
Assertion failed on expression: 'pred(*previous, *i)'
Assertion failed on expression: 'pred(*previous, *i)'
Assertion failed on expression: 'pred(*previous, *i)'
Assertion failed on expression: 'pred(*previous, *i)'
Assertion failed on expression: 'pred(*previous, *i)'
Assertion failed on expression: 'pred(*previous, *i)'
Assertion failed on expression: 'pred(*previous, *i)'
Assertion failed on expression: 'pred(*previous, *i)'
Assertion failed on expression: 'pred(*previous, *i)'
Assertion failed on expression: 'pred(*previous, *i)'
Assertion failed on expression: 'pred(*previous, *i)'
Assertion failed on expression: 'pred(*previous, *i)'
Assertion failed on expression: 'pred(*previous, *i)'
Assertion failed on expression: 'pred(*previous, *i)'
Assertion failed on expression: 'pred(*previous, *i)'
Assertion failed on expression: 'pred(*previous, *i)'
Assertion failed on expression: 'pred(*previous, *i)'
Assertion failed on expression: 'pred(*previous, *i)'
Assertion failed on expression: 'pred(*previous, *i)'
Assertion failed on expression: 'pred(*previous, *i)'
Assertion failed on expression: 'pred(*previous, *i)'
Assertion failed on expression: 'pred(*previous, *i)'
Assertion failed on expression: 'pred(*previous, *i)'
Assertion failed on expression: 'pred(*previous, *i)'
Assertion failed on expression: 'pred(*previous, *i)'
Assertion failed on expression: 'pred(*previous, *i)'
Assertion failed on expression: 'pred(*previous, *i)'
Assertion failed on expression: 'pred(*previous, *i)'
Assertion failed on expression: 'pred(*previous, *i)'
Assertion failed on expression: 'pred(*previous, *i)'
Assertion failed on expression: 'pred(*previous, *i)'
Assertion failed on expression: 'pred(*previous, *i)'
Assertion failed on expression: 'pred(*previous, *i)'
Assertion failed on expression: 'pred(*previous, *i)'
Assertion failed on expression: 'pred(*previous, *i)'
Assertion failed on expression: 'pred(*previous, *i)'
Assertion failed on expression: 'pred(*previous, *i)'
Assertion failed on expression: 'pred(*previous, *i)'
Assertion failed on expression: 'pred(*previous, *i)'
Assertion failed on expression: 'pred(*previous, *i)'
Assertion failed on expression: 'pred(*previous, *i)'
Assertion failed on expression: 'pred(*previous, *i)'
Assertion failed on expression: 'pred(*previous, *i)'
Assertion failed on expression: 'pred(*previous, *i)'
Assertion failed on expression: 'pred(*previous, *i)'
Assertion failed on expression: 'pred(*previous, *i)'
Assertion failed on expression: 'pred(*previous, *i)'
Assertion failed on expression: 'pred(*previous, *i)'
Assertion failed on expression: 'pred(*previous, *i)'
Assertion failed on expression: 'pred(*previous, *i)'
Assertion failed on expression: 'pred(*previous, *i)'
Assertion failed on expression: 'pred(*previous, *i)'
Assertion failed on expression: 'pred(*previous, *i)'
Assertion failed on expression: 'pred(*previous, *i)'
Assertion failed on expression: 'pred(*previous, *i)'
Assertion failed on expression: 'pred(*previous, *i)'
Assertion failed on expression: 'pred(*previous, *i)'
Assertion failed on expression: 'pred(*previous, *i)'
Assertion failed on expression: 'pred(*previous, *i)'
Assertion failed on expression: 'pred(*previous, *i)'
Assertion failed on expression: 'pred(*previous, *i)'
Assertion failed on expression: 'pred(*previous, *i)'
Assertion failed on expression: 'pred(*previous, *i)'
Assertion failed on expression: 'pred(*previous, *i)'
Assertion failed on expression: 'pred(*previous, *i)'
Assertion failed on expression: 'pred(*previous, *i)'
Assertion failed on expression: 'pred(*previous, *i)'
Assertion failed on expression: 'pred(*previous, *i)'
Assertion failed on expression: 'pred(*previous, *i)'
Assertion failed on expression: 'pred(*previous, *i)'
Assertion failed on expression: 'pred(*previous, *i)'
Assertion failed on expression: 'pred(*previous, *i)'
Assertion failed on expression: 'pred(*previous, *i)'
Assertion failed on expression: 'pred(*previous, *i)'
Assertion failed on expression: 'pred(*previous, *i)'
Assertion failed on expression: 'pred(*previous, *i)'
Assertion failed on expression: 'pred(*previous, *i)'
Assertion failed on expression: 'pred(*previous, *i)'
Assertion failed on expression: 'pred(*previous, *i)'
Assertion failed on expression: 'pred(*previous, *i)'
Assertion failed on expression: 'pred(*previous, *i)'
Assertion failed on expression: 'pred(*previous, *i)'
Assertion failed on expression: 'pred(*previous, *i)'
Assertion failed on expression: 'pred(*previous, *i)'
Assertion failed on expression: 'pred(*previous, *i)'
Assertion failed on expression: 'pred(*previous, *i)'
Assertion failed on expression: 'pred(*previous, *i)'
Assertion failed on expression: 'pred(*previous, *i)'
Assertion failed on expression: 'pred(*previous, *i)'
Assertion failed on expression: 'pred(*previous, *i)'
Assertion failed on expression: 'pred(*previous, *i)'
Assertion failed on expression: 'pred(*previous, *i)'
Assertion failed on expression: 'pred(*previous, *i)'
Assertion failed on expression: 'pred(*previous, *i)'
Assertion failed on expression: 'pred(*previous, *i)'
Assertion failed on expression: 'pred(*previous, *i)'
Assertion failed on expression: 'pred(*previous, *i)'
Assertion failed on expression: 'pred(*previous, *i)'
Assertion failed on expression: 'pred(*previous, *i)'
Assertion failed on expression: 'pred(*previous, *i)'
Assertion failed on expression: 'pred(*previous, *i)'
Assertion failed on expression: 'pred(*previous, *i)'
Assertion failed on expression: 'pred(*previous, *i)'
Assertion failed on expression: 'pred(*previous, *i)'
Assertion failed on expression: 'pred(*previous, *i)'
Assertion failed on expression: 'pred(*previous, *i)'
Assertion failed on expression: 'pred(*previous, *i)'
Assertion failed on expression: 'pred(*previous, *i)'
Assertion failed on expression: 'pred(*previous, *i)'
Assertion failed on expression: 'pred(*previous, *i)'
Assertion failed on expression: 'pred(*previous, *i)'
Assertion failed on expression: 'pred(*previous, *i)'
Assertion failed on expression: 'pred(*previous, *i)'
Assertion failed on expression: 'pred(*previous, *i)'
Assertion failed on expression: 'pred(*previous, *i)'
Assertion failed on expression: 'pred(*previous, *i)'
Assertion failed on expression: 'pred(*previous, *i)'
Assertion failed on expression: 'pred(*previous, *i)'
Assertion failed on expression: 'pred(*previous, *i)'
Assertion failed on expression: 'pred(*previous, *i)'
Assertion failed on expression: 'pred(*previous, *i)'
Assertion failed on expression: 'pred(*previous, *i)'
Assertion failed on expression: 'pred(*previous, *i)'
Assertion failed on expression: 'pred(*previous, *i)'
Assertion failed on expression: 'pred(*previous, *i)'
Assertion failed on expression: 'pred(*previous, *i)'
Assertion failed on expression: 'pred(*previous, *i)'
Assertion failed on expression: 'pred(*previous, *i)'
Assertion failed on expression: 'pred(*previous, *i)'
Assertion failed on expression: 'pred(*previous, *i)'
Assertion failed on expression: 'pred(*previous, *i)'
Assertion failed on expression: 'pred(*previous, *i)'
Assertion failed on expression: 'pred(*previous, *i)'
Assertion failed on expression: 'pred(*previous, *i)'
Assertion failed on expression: 'pred(*previous, *i)'
Assertion failed on expression: 'pred(*previous, *i)'
Assertion failed on expression: 'pred(*previous, *i)'
Assertion failed on expression: 'pred(*previous, *i)'
Assertion failed on expression: 'pred(*previous, *i)'
Assertion failed on expression: 'pred(*previous, *i)'
Assertion failed on expression: 'pred(*previous, *i)'
Assertion failed on expression: 'pred(*previous, *i)'
Assertion failed on expression: 'pred(*previous, *i)'
Assertion failed on expression: 'pred(*previous, *i)'
Assertion failed on expression: 'pred(*previous, *i)'
Assertion failed on expression: 'pred(*previous, *i)'
Assertion failed on expression: 'pred(*previous, *i)'
Assertion failed on expression: 'pred(*previous, *i)'
Assertion failed on expression: 'pred(*previous, *i)'
Assertion failed on expression: 'pred(*previous, *i)'
Assertion failed on expression: 'pred(*previous, *i)'
Assertion failed on expression: 'pred(*previous, *i)'
Assertion failed on expression: 'pred(*previous, *i)'
Assertion failed on expression: 'pred(*previous, *i)'
Assertion failed on expression: 'pred(*previous, *i)'
Assertion failed on expression: 'pred(*previous, *i)'
Assertion failed on expression: 'pred(*previous, *i)'
Assertion failed on expression: 'pred(*previous, *i)'
Assertion failed on expression: 'pred(*previous, *i)'
Assertion failed on expression: 'pred(*previous, *i)'
Assertion failed on expression: 'pred(*previous, *i)'
Assertion failed on expression: 'pred(*previous, *i)'
Assertion failed on expression: 'pred(*previous, *i)'
Assertion failed on expression: 'pred(*previous, *i)'
Assertion failed on expression: 'pred(*previous, *i)'
Assertion failed on expression: 'pred(*previous, *i)'
Assertion failed on expression: 'pred(*previous, *i)'
Assertion failed on expression: 'pred(*previous, *i)'
Assertion failed on expression: 'pred(*previous, *i)'
Assertion failed on expression: 'pred(*previous, *i)'
Assertion failed on expression: 'pred(*previous, *i)'
Assertion failed on expression: 'pred(*previous, *i)'
Assertion failed on expression: 'pred(*previous, *i)'
Assertion failed on expression: 'pred(*previous, *i)'
Assertion failed on expression: 'pred(*previous, *i)'
Assertion failed on expression: 'pred(*previous, *i)'
Assertion failed on expression: 'pred(*previous, *i)'
Assertion failed on expression: 'pred(*previous, *i)'
Assertion failed on expression: 'pred(*previous, *i)'
Assertion failed on expression: 'pred(*previous, *i)'
Assertion failed on expression: 'pred(*previous, *i)'
Assertion failed on expression: 'pred(*previous, *i)'
Assertion failed on expression: 'pred(*previous, *i)'
Assertion failed on expression: 'pred(*previous, *i)'
Assertion failed on expression: 'pred(*previous, *i)'
Assertion failed on expression: 'pred(*previous, *i)'
Assertion failed on expression: 'pred(*previous, *i)'
Assertion failed on expression: 'pred(*previous, *i)'
Assertion failed on expression: 'pred(*previous, *i)'
Assertion failed on expression: 'pred(*previous, *i)'
Assertion failed on expression: 'pred(*previous, *i)'
Assertion failed on expression: 'pred(*previous, *i)'
Assertion failed on expression: 'pred(*previous, *i)'
Assertion failed on expression: 'pred(*previous, *i)'
Assertion failed on expression: 'pred(*previous, *i)'
Assertion failed on expression: 'pred(*previous, *i)'
Assertion failed on expression: 'pred(*previous, *i)'
Assertion failed on expression: 'pred(*previous, *i)'
Assertion failed on expression: 'pred(*previous, *i)'
Assertion failed on expression: 'pred(*previous, *i)'
Assertion failed on expression: 'pred(*previous, *i)'
Assertion failed on expression: 'pred(*previous, *i)'
Assertion failed on expression: 'pred(*previous, *i)'
Assertion failed on expression: 'pred(*previous, *i)'
Assertion failed on expression: 'pred(*previous, *i)'
Assertion failed on expression: 'pred(*previous, *i)'
Assertion failed on expression: 'pred(*previous, *i)'
Assertion failed on expression: 'pred(*previous, *i)'
Assertion failed on expression: 'pred(*previous, *i)'
Assertion failed on expression: 'pred(*previous, *i)'
Assertion failed on expression: 'pred(*previous, *i)'
Assertion failed on expression: 'pred(*previous, *i)'
Assertion failed on expression: 'pred(*previous, *i)'
Assertion failed on expression: 'pred(*previous, *i)'
Assertion failed on expression: 'pred(*previous, *i)'
Assertion failed on expression: 'pred(*previous, *i)'
Assertion failed on expression: 'pred(*previous, *i)'
Assertion failed on expression: 'pred(*previous, *i)'
Assertion failed on expression: 'pred(*previous, *i)'
Assertion failed on expression: 'pred(*previous, *i)'
Assertion failed on expression: 'pred(*previous, *i)'
Assertion failed on expression: 'pred(*previous, *i)'
Assertion failed on expression: 'pred(*previous, *i)'
Assertion failed on expression: 'pred(*previous, *i)'
Assertion failed on expression: 'pred(*previous, *i)'
Assertion failed on expression: 'pred(*previous, *i)'
Assertion failed on expression: 'pred(*previous, *i)'
Assertion failed on expression: 'pred(*previous, *i)'
Assertion failed on expression: 'pred(*previous, *i)'
Assertion failed on expression: 'pred(*previous, *i)'
Assertion failed on expression: 'pred(*previous, *i)'
Assertion failed on expression: 'pred(*previous, *i)'
Assertion failed on expression: 'pred(*previous, *i)'
Assertion failed on expression: 'pred(*previous, *i)'
Assertion failed on expression: 'pred(*previous, *i)'
Assertion failed on expression: 'pred(*previous, *i)'
Assertion failed on expression: 'pred(*previous, *i)'
Assertion failed on expression: 'pred(*previous, *i)'
Assertion failed on expression: 'pred(*previous, *i)'
Assertion failed on expression: 'pred(*previous, *i)'
Assertion failed on expression: 'pred(*previous, *i)'
Assertion failed on expression: 'pred(*previous, *i)'
Assertion failed on expression: 'pred(*previous, *i)'
Assertion failed on expression: 'pred(*previous, *i)'
Assertion failed on expression: 'pred(*previous, *i)'
Assertion failed on expression: 'pred(*previous, *i)'
Assertion failed on expression: 'pred(*previous, *i)'
Assertion failed on expression: 'pred(*previous, *i)'
Assertion failed on expression: 'pred(*previous, *i)'
Assertion failed on expression: 'pred(*previous, *i)'
Assertion failed on expression: 'pred(*previous, *i)'
Assertion failed on expression: 'pred(*previous, *i)'
Assertion failed on expression: 'pred(*previous, *i)'
Assertion failed on expression: 'pred(*previous, *i)'
Assertion failed on expression: 'pred(*previous, *i)'
Assertion failed on expression: 'pred(*previous, *i)'
Assertion failed on expression: 'pred(*previous, *i)'
Assertion failed on expression: 'pred(*previous, *i)'
Assertion failed on expression: 'pred(*previous, *i)'
Assertion failed on expression: 'pred(*previous, *i)'
Assertion failed on expression: 'pred(*previous, *i)'
Assertion failed on expression: 'pred(*previous, *i)'
Assertion failed on expression: 'pred(*previous, *i)'
Assertion failed on expression: 'pred(*previous, *i)'
Assertion failed on expression: 'pred(*previous, *i)'
Assertion failed on expression: 'pred(*previous, *i)'
Assertion failed on expression: 'pred(*previous, *i)'
Assertion failed on expression: 'pred(*previous, *i)'
Assertion failed on expression: 'pred(*previous, *i)'
Assertion failed on expression: 'pred(*previous, *i)'
Assertion failed on expression: 'pred(*previous, *i)'
Assertion failed on expression: 'pred(*previous, *i)'
Assertion failed on expression: 'pred(*previous, *i)'
Assertion failed on expression: 'pred(*previous, *i)'
Assertion failed on expression: 'pred(*previous, *i)'
Assertion failed on expression: 'pred(*previous, *i)'
Assertion failed on expression: 'pred(*previous, *i)'
Assertion failed on expression: 'pred(*previous, *i)'
Assertion failed on expression: 'pred(*previous, *i)'
Assertion failed on expression: 'pred(*previous, *i)'
Assertion failed on expression: 'pred(*previous, *i)'
Assertion failed on expression: 'pred(*previous, *i)'
Assertion failed on expression: 'pred(*previous, *i)'
Assertion failed on expression: 'pred(*previous, *i)'
Assertion failed on expression: 'pred(*previous, *i)'
Assertion failed on expression: 'pred(*previous, *i)'
Assertion failed on expression: 'pred(*previous, *i)'
Assertion failed on expression: 'pred(*previous, *i)'
Assertion failed on expression: 'pred(*previous, *i)'
Assertion failed on expression: 'pred(*previous, *i)'
Assertion failed on expression: 'pred(*previous, *i)'
Assertion failed on expression: 'pred(*previous, *i)'
Assertion failed on expression: 'pred(*previous, *i)'
Assertion failed on expression: 'pred(*previous, *i)'
Assertion failed on expression: 'pred(*previous, *i)'
Assertion failed on expression: 'pred(*previous, *i)'
Assertion failed on expression: 'pred(*previous, *i)'
Assertion failed on expression: 'pred(*previous, *i)'
Assertion failed on expression: 'pred(*previous, *i)'
Assertion failed on expression: 'pred(*previous, *i)'
Assertion failed on expression: 'pred(*previous, *i)'
Assertion failed on expression: 'pred(*previous, *i)'
Assertion failed on expression: 'pred(*previous, *i)'
Assertion failed on expression: 'pred(*previous, *i)'
Assertion failed on expression: 'pred(*previous, *i)'
Assertion failed on expression: 'pred(*previous, *i)'
Assertion failed on expression: 'pred(*previous, *i)'
Assertion failed on expression: 'pred(*previous, *i)'
Assertion failed on expression: 'pred(*previous, *i)'
Assertion failed on expression: 'pred(*previous, *i)'
Assertion failed on expression: 'pred(*previous, *i)'
Assertion failed on expression: 'pred(*previous, *i)'
Assertion failed on expression: 'pred(*previous, *i)'
Assertion failed on expression: 'pred(*previous, *i)'
Assertion failed on expression: 'pred(*previous, *i)'
Assertion failed on expression: 'pred(*previous, *i)'
Assertion failed on expression: 'pred(*previous, *i)'
Assertion failed on expression: 'pred(*previous, *i)'
Assertion failed on expression: 'pred(*previous, *i)'
Assertion failed on expression: 'pred(*previous, *i)'
Assertion failed on expression: 'pred(*previous, *i)'
Assertion failed on expression: 'pred(*previous, *i)'
Assertion failed on expression: 'pred(*previous, *i)'
Assertion failed on expression: 'pred(*previous, *i)'
Assertion failed on expression: 'pred(*previous, *i)'
Assertion failed on expression: 'pred(*previous, *i)'
Assertion failed on expression: 'pred(*previous, *i)'
Assertion failed on expression: 'pred(*previous, *i)'
Assertion failed on expression: 'pred(*previous, *i)'
Assertion failed on expression: 'pred(*previous, *i)'
Assertion failed on expression: 'pred(*previous, *i)'
Assertion failed on expression: 'pred(*previous, *i)'
Assertion failed on expression: 'pred(*previous, *i)'
Assertion failed on expression: 'pred(*previous, *i)'
Assertion failed on expression: 'pred(*previous, *i)'
Assertion failed on expression: 'pred(*previous, *i)'
Assertion failed on expression: 'pred(*previous, *i)'
Assertion failed on expression: 'pred(*previous, *i)'
Assertion failed on expression: 'pred(*previous, *i)'
Assertion failed on expression: 'pred(*previous, *i)'
Assertion failed on expression: 'pred(*previous, *i)'
Assertion failed on expression: 'pred(*previous, *i)'
Assertion failed on expression: 'pred(*previous, *i)'
Assertion failed on expression: 'pred(*previous, *i)'
Assertion failed on expression: 'pred(*previous, *i)'
Assertion failed on expression: 'pred(*previous, *i)'
Assertion failed on expression: 'pred(*previous, *i)'
Assertion failed on expression: 'pred(*previous, *i)'
Assertion failed on expression: 'pred(*previous, *i)'
Assertion failed on expression: 'pred(*previous, *i)'
Assertion failed on expression: 'pred(*previous, *i)'
Assertion failed on expression: 'pred(*previous, *i)'
Assertion failed on expression: 'pred(*previous, *i)'
Assertion failed on expression: 'pred(*previous, *i)'
Assertion failed on expression: 'pred(*previous, *i)'
Assertion failed on expression: 'pred(*previous, *i)'
Assertion failed on expression: 'pred(*previous, *i)'
Assertion failed on expression: 'pred(*previous, *i)'
Assertion failed on expression: 'pred(*previous, *i)'
Assertion failed on expression: 'pred(*previous, *i)'
Assertion failed on expression: 'pred(*previous, *i)'
Assertion failed on expression: 'pred(*previous, *i)'
Assertion failed on expression: 'pred(*previous, *i)'
Assertion failed on expression: 'pred(*previous, *i)'
Assertion failed on expression: 'pred(*previous, *i)'
Assertion failed on expression: 'pred(*previous, *i)'
Assertion failed on expression: 'pred(*previous, *i)'
Assertion failed on expression: 'pred(*previous, *i)'
Assertion failed on expression: 'pred(*previous, *i)'
Assertion failed on expression: 'pred(*previous, *i)'
Assertion failed on expression: 'pred(*previous, *i)'
Assertion failed on expression: 'pred(*previous, *i)'
Assertion failed on expression: 'pred(*previous, *i)'
Assertion failed on expression: 'pred(*previous, *i)'
Assertion failed on expression: 'pred(*previous, *i)'
Assertion failed on expression: 'pred(*previous, *i)'
Assertion failed on expression: 'pred(*previous, *i)'
Assertion failed on expression: 'pred(*previous, *i)'
Assertion failed on expression: 'pred(*previous, *i)'
Assertion failed on expression: 'pred(*previous, *i)'
Assertion failed on expression: 'pred(*previous, *i)'
Assertion failed on expression: 'pred(*previous, *i)'
Assertion failed on expression: 'pred(*previous, *i)'
Assertion failed on expression: 'pred(*previous, *i)'
Assertion failed on expression: 'pred(*previous, *i)'
Assertion failed on expression: 'pred(*previous, *i)'
Assertion failed on expression: 'pred(*previous, *i)'
Assertion failed on expression: 'pred(*previous, *i)'
Assertion failed on expression: 'pred(*previous, *i)'
Assertion failed on expression: 'pred(*previous, *i)'
Assertion failed on expression: 'pred(*previous, *i)'
Assertion failed on expression: 'pred(*previous, *i)'
Assertion failed on expression: 'pred(*previous, *i)'
Assertion failed on expression: 'pred(*previous, *i)'
Assertion failed on expression: 'pred(*previous, *i)'
Assertion failed on expression: 'pred(*previous, *i)'
Assertion failed on expression: 'pred(*previous, *i)'
Assertion failed on expression: 'pred(*previous, *i)'
Assertion failed on expression: 'pred(*previous, *i)'
Assertion failed on expression: 'pred(*previous, *i)'
Assertion failed on expression: 'pred(*previous, *i)'
Assertion failed on expression: 'pred(*previous, *i)'
Assertion failed on expression: 'pred(*previous, *i)'
Assertion failed on expression: 'pred(*previous, *i)'
Assertion failed on expression: 'pred(*previous, *i)'
Assertion failed on expression: 'pred(*previous, *i)'
Assertion failed on expression: 'pred(*previous, *i)'
Assertion failed on expression: 'pred(*previous, *i)'
Assertion failed on expression: 'pred(*previous, *i)'
Assertion failed on expression: 'pred(*previous, *i)'
Assertion failed on expression: 'pred(*previous, *i)'
Assertion failed on expression: 'pred(*previous, *i)'
Assertion failed on expression: 'pred(*previous, *i)'
Assertion failed on expression: 'pred(*previous, *i)'
Assertion failed on expression: 'pred(*previous, *i)'
Assertion failed on expression: 'pred(*previous, *i)'
Assertion failed on expression: 'pred(*previous, *i)'
Assertion failed on expression: 'pred(*previous, *i)'
Assertion failed on expression: 'pred(*previous, *i)'
Assertion failed on expression: 'pred(*previous, *i)'
Assertion failed on expression: 'pred(*previous, *i)'
Assertion failed on expression: 'pred(*previous, *i)'
Assertion failed on expression: 'pred(*previous, *i)'
Assertion failed on expression: 'pred(*previous, *i)'
Assertion failed on expression: 'pred(*previous, *i)'
Assertion failed on expression: 'pred(*previous, *i)'
Assertion failed on expression: 'pred(*previous, *i)'
Assertion failed on expression: 'pred(*previous, *i)'
Assertion failed on expression: 'pred(*previous, *i)'
Assertion failed on expression: 'pred(*previous, *i)'
Assertion failed on expression: 'pred(*previous, *i)'
Assertion failed on expression: 'pred(*previous, *i)'
Assertion failed on expression: 'pred(*previous, *i)'
Assertion failed on expression: 'pred(*previous, *i)'
Assertion failed on expression: 'pred(*previous, *i)'
Assertion failed on expression: 'pred(*previous, *i)'
Assertion failed on expression: 'pred(*previous, *i)'
Assertion failed on expression: 'pred(*previous, *i)'
Assertion failed on expression: 'pred(*previous, *i)'
Assertion failed on expression: 'pred(*previous, *i)'
Assertion failed on expression: 'pred(*previous, *i)'
Assertion failed on expression: 'pred(*previous, *i)'
Assertion failed on expression: 'pred(*previous, *i)'
Assertion failed on expression: 'pred(*previous, *i)'
Assertion failed on expression: 'pred(*previous, *i)'
Assertion failed on expression: 'pred(*previous, *i)'
Assertion failed on expression: 'pred(*previous, *i)'
Assertion failed on expression: 'pred(*previous, *i)'
Assertion failed on expression: 'pred(*previous, *i)'
Assertion failed on expression: 'pred(*previous, *i)'
Assertion failed on expression: 'pred(*previous, *i)'
Assertion failed on expression: 'pred(*previous, *i)'
Assertion failed on expression: 'pred(*previous, *i)'
Assertion failed on expression: 'pred(*previous, *i)'
Assertion failed on expression: 'pred(*previous, *i)'
Assertion failed on expression: 'pred(*previous, *i)'
Assertion failed on expression: 'pred(*previous, *i)'
Assertion failed on expression: 'pred(*previous, *i)'
Assertion failed on expression: 'pred(*previous, *i)'
Assertion failed on expression: 'pred(*previous, *i)'
Assertion failed on expression: 'pred(*previous, *i)'
Assertion failed on expression: 'pred(*previous, *i)'
Assertion failed on expression: 'pred(*previous, *i)'
Assertion failed on expression: 'pred(*previous, *i)'
Assertion failed on expression: 'pred(*previous, *i)'
Assertion failed on expression: 'pred(*previous, *i)'
Assertion failed on expression: 'pred(*previous, *i)'
Assertion failed on expression: 'pred(*previous, *i)'
Assertion failed on expression: 'pred(*previous, *i)'
Assertion failed on expression: 'pred(*previous, *i)'
Assertion failed on expression: 'pred(*previous, *i)'
Assertion failed on expression: 'pred(*previous, *i)'
Assertion failed on expression: 'pred(*previous, *i)'
Assertion failed on expression: 'pred(*previous, *i)'
Assertion failed on expression: 'pred(*previous, *i)'
Assertion failed on expression: 'pred(*previous, *i)'
Assertion failed on expression: 'pred(*previous, *i)'
Assertion failed on expression: 'pred(*previous, *i)'
Assertion failed on expression: 'pred(*previous, *i)'
Assertion failed on expression: 'pred(*previous, *i)'
Assertion failed on expression: 'pred(*previous, *i)'
Assertion failed on expression: 'pred(*previous, *i)'
Assertion failed on expression: 'pred(*previous, *i)'
Assertion failed on expression: 'pred(*previous, *i)'
Assertion failed on expression: 'pred(*previous, *i)'
Assertion failed on expression: 'pred(*previous, *i)'
Assertion failed on expression: 'pred(*previous, *i)'
Assertion failed on expression: 'pred(*previous, *i)'
Assertion failed on expression: 'pred(*previous, *i)'
Assertion failed on expression: 'pred(*previous, *i)'
Assertion failed on expression: 'pred(*previous, *i)'
Assertion failed on expression: 'pred(*previous, *i)'
Assertion failed on expression: 'pred(*previous, *i)'
Assertion failed on expression: 'pred(*previous, *i)'
Assertion failed on expression: 'pred(*previous, *i)'
Assertion failed on expression: 'pred(*previous, *i)'
Assertion failed on expression: 'pred(*previous, *i)'
Assertion failed on expression: 'pred(*previous, *i)'
Assertion failed on expression: 'pred(*previous, *i)'
Assertion failed on expression: 'pred(*previous, *i)'
Assertion failed on expression: 'pred(*previous, *i)'
Assertion failed on expression: 'pred(*previous, *i)'
Assertion failed on expression: 'pred(*previous, *i)'
Assertion failed on expression: 'pred(*previous, *i)'
Assertion failed on expression: 'pred(*previous, *i)'
Assertion failed on expression: 'pred(*previous, *i)'
Assertion failed on expression: 'pred(*previous, *i)'
Assertion failed on expression: 'pred(*previous, *i)'
Assertion failed on expression: 'pred(*previous, *i)'
Assertion failed on expression: 'pred(*previous, *i)'
Assertion failed on expression: 'pred(*previous, *i)'
Assertion failed on expression: 'pred(*previous, *i)'
Assertion failed on expression: 'pred(*previous, *i)'
Assertion failed on expression: 'pred(*previous, *i)'
Assertion failed on expression: 'pred(*previous, *i)'
Assertion failed on expression: 'pred(*previous, *i)'
Assertion failed on expression: 'pred(*previous, *i)'
Assertion failed on expression: 'pred(*previous, *i)'
Assertion failed on expression: 'pred(*previous, *i)'
Assertion failed on expression: 'pred(*previous, *i)'
Assertion failed on expression: 'pred(*previous, *i)'
Assertion failed on expression: 'pred(*previous, *i)'
Assertion failed on expression: 'pred(*previous, *i)'
Assertion failed on expression: 'pred(*previous, *i)'
Assertion failed on expression: 'pred(*previous, *i)'
Assertion failed on expression: 'pred(*previous, *i)'
Assertion failed on expression: 'pred(*previous, *i)'
Assertion failed on expression: 'pred(*previous, *i)'
Assertion failed on expression: 'pred(*previous, *i)'
Assertion failed on expression: 'pred(*previous, *i)'
Assertion failed on expression: 'pred(*previous, *i)'
Assertion failed on expression: 'pred(*previous, *i)'
Assertion failed on expression: 'pred(*previous, *i)'
Assertion failed on expression: 'pred(*previous, *i)'
Assertion failed on expression: 'pred(*previous, *i)'
Assertion failed on expression: 'pred(*previous, *i)'
Assertion failed on expression: 'pred(*previous, *i)'
Assertion failed on expression: 'pred(*previous, *i)'
Assertion failed on expression: 'pred(*previous, *i)'
Assertion failed on expression: 'pred(*previous, *i)'
Assertion failed on expression: 'pred(*previous, *i)'
Assertion failed on expression: 'pred(*previous, *i)'
Assertion failed on expression: 'pred(*previous, *i)'
Assertion failed on expression: 'pred(*previous, *i)'
Assertion failed on expression: 'pred(*previous, *i)'
Assertion failed on expression: 'pred(*previous, *i)'
Assertion failed on expression: 'pred(*previous, *i)'
Assertion failed on expression: 'pred(*previous, *i)'
Assertion failed on expression: 'pred(*previous, *i)'
Assertion failed on expression: 'pred(*previous, *i)'
Assertion failed on expression: 'pred(*previous, *i)'
Assertion failed on expression: 'pred(*previous, *i)'
Assertion failed on expression: 'pred(*previous, *i)'
Assertion failed on expression: 'pred(*previous, *i)'
Assertion failed on expression: 'pred(*previous, *i)'
Assertion failed on expression: 'pred(*previous, *i)'
Assertion failed on expression: 'pred(*previous, *i)'
Assertion failed on expression: 'pred(*previous, *i)'
Assertion failed on expression: 'pred(*previous, *i)'
Assertion failed on expression: 'pred(*previous, *i)'
Assertion failed on expression: 'pred(*previous, *i)'
Assertion failed on expression: 'pred(*previous, *i)'
Assertion failed on expression: 'pred(*previous, *i)'
Assertion failed on expression: 'pred(*previous, *i)'
Assertion failed on expression: 'pred(*previous, *i)'
Assertion failed on expression: 'pred(*previous, *i)'
Assertion failed on expression: 'pred(*previous, *i)'
Assertion failed on expression: 'pred(*previous, *i)'
Assertion failed on expression: 'pred(*previous, *i)'
Assertion failed on expression: 'pred(*previous, *i)'
Assertion failed on expression: 'pred(*previous, *i)'
Assertion failed on expression: 'pred(*previous, *i)'
Assertion failed on expression: 'pred(*previous, *i)'
Assertion failed on expression: 'pred(*previous, *i)'
Assertion failed on expression: 'pred(*previous, *i)'
Assertion failed on expression: 'pred(*previous, *i)'
Assertion failed on expression: 'pred(*previous, *i)'
Assertion failed on expression: 'pred(*previous, *i)'
Assertion failed on expression: 'pred(*previous, *i)'
Assertion failed on expression: 'pred(*previous, *i)'
Assertion failed on expression: 'pred(*previous, *i)'
Assertion failed on expression: 'pred(*previous, *i)'
Assertion failed on expression: 'pred(*previous, *i)'
Assertion failed on expression: 'pred(*previous, *i)'
Assertion failed on expression: 'pred(*previous, *i)'
Assertion failed on expression: 'pred(*previous, *i)'
Assertion failed on expression: 'pred(*previous, *i)'
Assertion failed on expression: 'pred(*previous, *i)'
Assertion failed on expression: 'pred(*previous, *i)'
Assertion failed on expression: 'pred(*previous, *i)'
Assertion failed on expression: 'pred(*previous, *i)'
Assertion failed on expression: 'pred(*previous, *i)'
Assertion failed on expression: 'pred(*previous, *i)'
Assertion failed on expression: 'pred(*previous, *i)'
Assertion failed on expression: 'pred(*previous, *i)'
Assertion failed on expression: 'pred(*previous, *i)'
Assertion failed on expression: 'pred(*previous, *i)'
Assertion failed on expression: 'pred(*previous, *i)'
Assertion failed on expression: 'pred(*previous, *i)'
Assertion failed on expression: 'pred(*previous, *i)'
Assertion failed on expression: 'pred(*previous, *i)'
Assertion failed on expression: 'pred(*previous, *i)'
Assertion failed on expression: 'pred(*previous, *i)'
Assertion failed on expression: 'pred(*previous, *i)'
Assertion failed on expression: 'pred(*previous, *i)'
Assertion failed on expression: 'pred(*previous, *i)'
Assertion failed on expression: 'pred(*previous, *i)'
Assertion failed on expression: 'pred(*previous, *i)'
Assertion failed on expression: 'pred(*previous, *i)'
Assertion failed on expression: 'pred(*previous, *i)'
Assertion failed on expression: 'pred(*previous, *i)'
Assertion failed on expression: 'pred(*previous, *i)'
Assertion failed on expression: 'pred(*previous, *i)'
Assertion failed on expression: 'pred(*previous, *i)'
Assertion failed on expression: 'pred(*previous, *i)'
Assertion failed on expression: 'pred(*previous, *i)'
Assertion failed on expression: 'pred(*previous, *i)'
Assertion failed on expression: 'pred(*previous, *i)'
Assertion failed on expression: 'pred(*previous, *i)'
Assertion failed on expression: 'pred(*previous, *i)'
Assertion failed on expression: 'pred(*previous, *i)'
Assertion failed on expression: 'pred(*previous, *i)'
Assertion failed on expression: 'pred(*previous, *i)'
Assertion failed on expression: 'pred(*previous, *i)'
Assertion failed on expression: 'pred(*previous, *i)'
Assertion failed on expression: 'pred(*previous, *i)'
Assertion failed on expression: 'pred(*previous, *i)'
Assertion failed on expression: 'pred(*previous, *i)'
Assertion failed on expression: 'pred(*previous, *i)'
Assertion failed on expression: 'pred(*previous, *i)'
Assertion failed on expression: 'pred(*previous, *i)'
Assertion failed on expression: 'pred(*previous, *i)'
Assertion failed on expression: 'pred(*previous, *i)'
Assertion failed on expression: 'pred(*previous, *i)'
Assertion failed on expression: 'pred(*previous, *i)'
Assertion failed on expression: 'pred(*previous, *i)'
Assertion failed on expression: 'pred(*previous, *i)'
Assertion failed on expression: 'pred(*previous, *i)'
Assertion failed on expression: 'pred(*previous, *i)'
Assertion failed on expression: 'pred(*previous, *i)'
Assertion failed on expression: 'pred(*previous, *i)'
Assertion failed on expression: 'pred(*previous, *i)'
Assertion failed on expression: 'pred(*previous, *i)'
Assertion failed on expression: 'pred(*previous, *i)'
Assertion failed on expression: 'pred(*previous, *i)'
Assertion failed on expression: 'pred(*previous, *i)'
Assertion failed on expression: 'pred(*previous, *i)'
Assertion failed on expression: 'pred(*previous, *i)'
Assertion failed on expression: 'pred(*previous, *i)'
Assertion failed on expression: 'pred(*previous, *i)'
Assertion failed on expression: 'pred(*previous, *i)'
Assertion failed on expression: 'pred(*previous, *i)'
Assertion failed on expression: 'pred(*previous, *i)'
Assertion failed on expression: 'pred(*previous, *i)'
Assertion failed on expression: 'pred(*previous, *i)'
Assertion failed on expression: 'pred(*previous, *i)'
Assertion failed on expression: 'pred(*previous, *i)'
Assertion failed on expression: 'pred(*previous, *i)'
Assertion failed on expression: 'pred(*previous, *i)'
Assertion failed on expression: 'pred(*previous, *i)'
Assertion failed on expression: 'pred(*previous, *i)'
Assertion failed on expression: 'pred(*previous, *i)'
Assertion failed on expression: 'pred(*previous, *i)'
Assertion failed on expression: 'pred(*previous, *i)'
Assertion failed on expression: 'pred(*previous, *i)'
Assertion failed on expression: 'pred(*previous, *i)'
Assertion failed on expression: 'pred(*previous, *i)'
Assertion failed on expression: 'pred(*previous, *i)'
Assertion failed on expression: 'pred(*previous, *i)'
Assertion failed on expression: 'pred(*previous, *i)'
Assertion failed on expression: 'pred(*previous, *i)'
Assertion failed on expression: 'pred(*previous, *i)'
Assertion failed on expression: 'pred(*previous, *i)'
Assertion failed on expression: 'pred(*previous, *i)'
Assertion failed on expression: 'pred(*previous, *i)'
Assertion failed on expression: 'pred(*previous, *i)'
Assertion failed on expression: 'pred(*previous, *i)'
Assertion failed on expression: 'pred(*previous, *i)'
Assertion failed on expression: 'pred(*previous, *i)'
Assertion failed on expression: 'pred(*previous, *i)'
Assertion failed on expression: 'pred(*previous, *i)'
Assertion failed on expression: 'pred(*previous, *i)'
Assertion failed on expression: 'pred(*previous, *i)'
Assertion failed on expression: 'pred(*previous, *i)'
Assertion failed on expression: 'pred(*previous, *i)'
Assertion failed on expression: 'pred(*previous, *i)'
Assertion failed on expression: 'pred(*previous, *i)'
Assertion failed on expression: 'pred(*previous, *i)'
Assertion failed on expression: 'pred(*previous, *i)'
Assertion failed on expression: 'pred(*previous, *i)'
Assertion failed on expression: 'pred(*previous, *i)'
Assertion failed on expression: 'pred(*previous, *i)'
Assertion failed on expression: 'pred(*previous, *i)'
Assertion failed on expression: 'pred(*previous, *i)'
Assertion failed on expression: 'pred(*previous, *i)'
Assertion failed on expression: 'pred(*previous, *i)'
Assertion failed on expression: 'pred(*previous, *i)'
Assertion failed on expression: 'pred(*previous, *i)'
Assertion failed on expression: 'pred(*previous, *i)'
Assertion failed on expression: 'pred(*previous, *i)'
Assertion failed on expression: 'pred(*previous, *i)'
Assertion failed on expression: 'pred(*previous, *i)'
Assertion failed on expression: 'pred(*previous, *i)'
Assertion failed on expression: 'pred(*previous, *i)'
Assertion failed on expression: 'pred(*previous, *i)'
Assertion failed on expression: 'pred(*previous, *i)'
Assertion failed on expression: 'pred(*previous, *i)'
Assertion failed on expression: 'pred(*previous, *i)'
Assertion failed on expression: 'pred(*previous, *i)'
Assertion failed on expression: 'pred(*previous, *i)'
Assertion failed on expression: 'pred(*previous, *i)'
Assertion failed on expression: 'pred(*previous, *i)'
Assertion failed on expression: 'pred(*previous, *i)'
Assertion failed on expression: 'pred(*previous, *i)'
Assertion failed on expression: 'pred(*previous, *i)'
Assertion failed on expression: 'pred(*previous, *i)'
Assertion failed on expression: 'pred(*previous, *i)'
Assertion failed on expression: 'pred(*previous, *i)'
Assertion failed on expression: 'pred(*previous, *i)'
Assertion failed on expression: 'pred(*previous, *i)'
Assertion failed on expression: 'pred(*previous, *i)'
Assertion failed on expression: 'pred(*previous, *i)'
Assertion failed on expression: 'pred(*previous, *i)'
Assertion failed on expression: 'pred(*previous, *i)'
Assertion failed on expression: 'pred(*previous, *i)'
Assertion failed on expression: 'pred(*previous, *i)'
Assertion failed on expression: 'pred(*previous, *i)'
Assertion failed on expression: 'pred(*previous, *i)'
Assertion failed on expression: 'pred(*previous, *i)'
Assertion failed on expression: 'pred(*previous, *i)'
Assertion failed on expression: 'pred(*previous, *i)'
Assertion failed on expression: 'pred(*previous, *i)'
Assertion failed on expression: 'pred(*previous, *i)'
Assertion failed on expression: 'pred(*previous, *i)'
Assertion failed on expression: 'pred(*previous, *i)'
Assertion failed on expression: 'pred(*previous, *i)'
Assertion failed on expression: 'pred(*previous, *i)'
Assertion failed on expression: 'pred(*previous, *i)'
Assertion failed on expression: 'pred(*previous, *i)'
Assertion failed on expression: 'pred(*previous, *i)'
Assertion failed on expression: 'pred(*previous, *i)'
Assertion failed on expression: 'pred(*previous, *i)'
Assertion failed on expression: 'pred(*previous, *i)'
Assertion failed on expression: 'pred(*previous, *i)'
Assertion failed on expression: 'pred(*previous, *i)'
Assertion failed on expression: 'pred(*previous, *i)'
Assertion failed on expression: 'pred(*previous, *i)'
Assertion failed on expression: 'pred(*previous, *i)'
Assertion failed on expression: 'pred(*previous, *i)'
Assertion failed on expression: 'pred(*previous, *i)'
Assertion failed on expression: 'pred(*previous, *i)'
Assertion failed on expression: 'pred(*previous, *i)'
Assertion failed on expression: 'pred(*previous, *i)'
Assertion failed on expression: 'pred(*previous, *i)'
Assertion failed on expression: 'pred(*previous, *i)'
Assertion failed on expression: 'pred(*previous, *i)'
Assertion failed on expression: 'pred(*previous, *i)'
Assertion failed on expression: 'pred(*previous, *i)'
Assertion failed on expression: 'pred(*previous, *i)'
Assertion failed on expression: 'pred(*previous, *i)'
Assertion failed on expression: 'pred(*previous, *i)'
Assertion failed on expression: 'pred(*previous, *i)'
Assertion failed on expression: 'pred(*previous, *i)'
Assertion failed on expression: 'pred(*previous, *i)'
Assertion failed on expression: 'pred(*previous, *i)'
Assertion failed on expression: 'pred(*previous, *i)'
Assertion failed on expression: 'pred(*previous, *i)'
Assertion failed on expression: 'pred(*previous, *i)'
Assertion failed on expression: 'pred(*previous, *i)'
Assertion failed on expression: 'pred(*previous, *i)'
Assertion failed on expression: 'pred(*previous, *i)'
Assertion failed on expression: 'pred(*previous, *i)'
Assertion failed on expression: 'pred(*previous, *i)'
Assertion failed on expression: 'pred(*previous, *i)'
Assertion failed on expression: 'pred(*previous, *i)'
Assertion failed on expression: 'pred(*previous, *i)'
Assertion failed on expression: 'pred(*previous, *i)'
Assertion failed on expression: 'pred(*previous, *i)'
Assertion failed on expression: 'pred(*previous, *i)'
Assertion failed on expression: 'pred(*previous, *i)'
Assertion failed on expression: 'pred(*previous, *i)'
Assertion failed on expression: 'pred(*previous, *i)'
Assertion failed on expression: 'pred(*previous, *i)'
Assertion failed on expression: 'pred(*previous, *i)'
Assertion failed on expression: 'pred(*previous, *i)'
Assertion failed on expression: 'pred(*previous, *i)'
Assertion failed on expression: 'pred(*previous, *i)'
Assertion failed on expression: 'pred(*previous, *i)'
Assertion failed on expression: 'pred(*previous, *i)'
Assertion failed on expression: 'pred(*previous, *i)'
Assertion failed on expression: 'pred(*previous, *i)'
Assertion failed on expression: 'pred(*previous, *i)'
Assertion failed on expression: 'pred(*previous, *i)'
Assertion failed on expression: 'pred(*previous, *i)'
Assertion failed on expression: 'pred(*previous, *i)'
Assertion failed on expression: 'pred(*previous, *i)'
Assertion failed on expression: 'pred(*previous, *i)'
Assertion failed on expression: 'pred(*previous, *i)'
Assertion failed on expression: 'pred(*previous, *i)'
Assertion failed on expression: 'pred(*previous, *i)'
Assertion failed on expression: 'pred(*previous, *i)'
Assertion failed on expression: 'pred(*previous, *i)'
Assertion failed on expression: 'pred(*previous, *i)'
Assertion failed on expression: 'pred(*previous, *i)'
Assertion failed on expression: 'pred(*previous, *i)'
Assertion failed on expression: 'pred(*previous, *i)'
Assertion failed on expression: 'pred(*previous, *i)'
Assertion failed on expression: 'pred(*previous, *i)'
Assertion failed on expression: 'pred(*previous, *i)'
Assertion failed on expression: 'pred(*previous, *i)'
Assertion failed on expression: 'pred(*previous, *i)'
Assertion failed on expression: 'pred(*previous, *i)'
Assertion failed on expression: 'pred(*previous, *i)'
Assertion failed on expression: 'pred(*previous, *i)'
Assertion failed on expression: 'pred(*previous, *i)'
Assertion failed on expression: 'pred(*previous, *i)'
Assertion failed on expression: 'pred(*previous, *i)'
Assertion failed on expression: 'pred(*previous, *i)'
Assertion failed on expression: 'pred(*previous, *i)'
Assertion failed on expression: 'pred(*previous, *i)'
Assertion failed on expression: 'pred(*previous, *i)'
Assertion failed on expression: 'pred(*previous, *i)'
Assertion failed on expression: 'pred(*previous, *i)'
Assertion failed on expression: 'pred(*previous, *i)'
Assertion failed on expression: 'pred(*previous, *i)'
Assertion failed on expression: 'pred(*previous, *i)'
Assertion failed on expression: 'pred(*previous, *i)'
Assertion failed on expression: 'pred(*previous, *i)'
Assertion failed on expression: 'pred(*previous, *i)'
Assertion failed on expression: 'pred(*previous, *i)'
Assertion failed on expression: 'pred(*previous, *i)'
Assertion failed on expression: 'pred(*previous, *i)'
Assertion failed on expression: 'pred(*previous, *i)'
Assertion failed on expression: 'pred(*previous, *i)'
Assertion failed on expression: 'pred(*previous, *i)'
Assertion failed on expression: 'pred(*previous, *i)'
Assertion failed on expression: 'pred(*previous, *i)'
Assertion failed on expression: 'pred(*previous, *i)'
Assertion failed on expression: 'pred(*previous, *i)'
Assertion failed on expression: 'pred(*previous, *i)'
Assertion failed on expression: 'pred(*previous, *i)'
Assertion failed on expression: 'pred(*previous, *i)'
Assertion failed on expression: 'pred(*previous, *i)'
Assertion failed on expression: 'pred(*previous, *i)'
Assertion failed on expression: 'pred(*previous, *i)'
Assertion failed on expression: 'pred(*previous, *i)'
Assertion failed on expression: 'pred(*previous, *i)'
Assertion failed on expression: 'pred(*previous, *i)'
Assertion failed on expression: 'pred(*previous, *i)'
Assertion failed on expression: 'pred(*previous, *i)'
Assertion failed on expression: 'pred(*previous, *i)'
Assertion failed on expression: 'pred(*previous, *i)'
Assertion failed on expression: 'pred(*previous, *i)'
Assertion failed on expression: 'pred(*previous, *i)'
Assertion failed on expression: 'pred(*previous, *i)'
Assertion failed on expression: 'pred(*previous, *i)'
Assertion failed on expression: 'pred(*previous, *i)'
Assertion failed on expression: 'pred(*previous, *i)'
Assertion failed on expression: 'pred(*previous, *i)'
Assertion failed on expression: 'pred(*previous, *i)'
Assertion failed on expression: 'pred(*previous, *i)'
Assertion failed on expression: 'pred(*previous, *i)'
Assertion failed on expression: 'pred(*previous, *i)'
Assertion failed on expression: 'pred(*previous, *i)'
Assertion failed on expression: 'pred(*previous, *i)'
Assertion failed on expression: 'pred(*previous, *i)'
Assertion failed on expression: 'pred(*previous, *i)'
Assertion failed on expression: 'pred(*previous, *i)'
Assertion failed on expression: 'pred(*previous, *i)'
Assertion failed on expression: 'pred(*previous, *i)'
Assertion failed on expression: 'pred(*previous, *i)'
Assertion failed on expression: 'pred(*previous, *i)'
Assertion failed on expression: 'pred(*previous, *i)'
Assertion failed on expression: 'pred(*previous, *i)'
Assertion failed on expression: 'pred(*previous, *i)'
Assertion failed on expression: 'pred(*previous, *i)'
Assertion failed on expression: 'pred(*previous, *i)'
Assertion failed on expression: 'pred(*previous, *i)'
Assertion failed on expression: 'pred(*previous, *i)'
Assertion failed on expression: 'pred(*previous, *i)'
Assertion failed on expression: 'pred(*previous, *i)'
Assertion failed on expression: 'pred(*previous, *i)'
Assertion failed on expression: 'pred(*previous, *i)'
Assertion failed on expression: 'pred(*previous, *i)'
Assertion failed on expression: 'pred(*previous, *i)'
Assertion failed on expression: 'pred(*previous, *i)'
Assertion failed on expression: 'pred(*previous, *i)'
Assertion failed on expression: 'pred(*previous, *i)'
Assertion failed on expression: 'pred(*previous, *i)'
Assertion failed on expression: 'pred(*previous, *i)'
Assertion failed on expression: 'pred(*previous, *i)'
Assertion failed on expression: 'pred(*previous, *i)'
Assertion failed on expression: 'pred(*previous, *i)'
Assertion failed on expression: 'pred(*previous, *i)'
Assertion failed on expression: 'pred(*previous, *i)'
Assertion failed on expression: 'pred(*previous, *i)'
Assertion failed on expression: 'pred(*previous, *i)'
Assertion failed on expression: 'pred(*previous, *i)'
Assertion failed on expression: 'pred(*previous, *i)'
Assertion failed on expression: 'pred(*previous, *i)'
Assertion failed on expression: 'pred(*previous, *i)'
Assertion failed on expression: 'pred(*previous, *i)'
Assertion failed on expression: 'pred(*previous, *i)'
Assertion failed on expression: 'pred(*previous, *i)'
Assertion failed on expression: 'pred(*previous, *i)'
Assertion failed on expression: 'pred(*previous, *i)'
Assertion failed on expression: 'pred(*previous, *i)'
Assertion failed on expression: 'pred(*previous, *i)'
Assertion failed on expression: 'pred(*previous, *i)'
Assertion failed on expression: 'pred(*previous, *i)'
Assertion failed on expression: 'pred(*previous, *i)'
Assertion failed on expression: 'pred(*previous, *i)'
Assertion failed on expression: 'pred(*previous, *i)'
Assertion failed on expression: 'pred(*previous, *i)'
Assertion failed on expression: 'pred(*previous, *i)'
Assertion failed on expression: 'pred(*previous, *i)'
Assertion failed on expression: 'pred(*previous, *i)'
Assertion failed on expression: 'pred(*previous, *i)'
Assertion failed on expression: 'pred(*previous, *i)'
Assertion failed on expression: 'pred(*previous, *i)'
Assertion failed on expression: 'pred(*previous, *i)'
Assertion failed on expression: 'pred(*previous, *i)'
Assertion failed on expression: 'pred(*previous, *i)'
Assertion failed on expression: 'pred(*previous, *i)'
Assertion failed on expression: 'pred(*previous, *i)'
Assertion failed on expression: 'pred(*previous, *i)'
Assertion failed on expression: 'pred(*previous, *i)'
Assertion failed on expression: 'pred(*previous, *i)'
Assertion failed on expression: 'pred(*previous, *i)'
Assertion failed on expression: 'pred(*previous, *i)'
Assertion failed on expression: 'pred(*previous, *i)'
Assertion failed on expression: 'pred(*previous, *i)'
Assertion failed on expression: 'pred(*previous, *i)'
Assertion failed on expression: 'pred(*previous, *i)'
Assertion failed on expression: 'pred(*previous, *i)'
Assertion failed on expression: 'pred(*previous, *i)'
Assertion failed on expression: 'pred(*previous, *i)'
Assertion failed on expression: 'pred(*previous, *i)'
Assertion failed on expression: 'pred(*previous, *i)'
Assertion failed on expression: 'pred(*previous, *i)'
Assertion failed on expression: 'pred(*previous, *i)'
Assertion failed on expression: 'pred(*previous, *i)'
Assertion failed on expression: 'pred(*previous, *i)'
Assertion failed on expression: 'pred(*previous, *i)'
Assertion failed on expression: 'pred(*previous, *i)'
Assertion failed on expression: 'pred(*previous, *i)'
Assertion failed on expression: 'pred(*previous, *i)'
Assertion failed on expression: 'pred(*previous, *i)'
Assertion failed on expression: 'pred(*previous, *i)'
Assertion failed on expression: 'pred(*previous, *i)'
Assertion failed on expression: 'pred(*previous, *i)'
Assertion failed on expression: 'pred(*previous, *i)'
Assertion failed on expression: 'pred(*previous, *i)'
Assertion failed on expression: 'pred(*previous, *i)'
Assertion failed on expression: 'pred(*previous, *i)'
Assertion failed on expression: 'pred(*previous, *i)'
Assertion failed on expression: 'pred(*previous, *i)'
Assertion failed on expression: 'pred(*previous, *i)'
Assertion failed on expression: 'pred(*previous, *i)'
Assertion failed on expression: 'pred(*previous, *i)'
Assertion failed on expression: 'pred(*previous, *i)'
Assertion failed on expression: 'pred(*previous, *i)'
Assertion failed on expression: 'pred(*previous, *i)'
Assertion failed on expression: 'pred(*previous, *i)'
Assertion failed on expression: 'pred(*previous, *i)'
Assertion failed on expression: 'pred(*previous, *i)'
Assertion failed on expression: 'pred(*previous, *i)'
Assertion failed on expression: 'pred(*previous, *i)'
Assertion failed on expression: 'pred(*previous, *i)'
Assertion failed on expression: 'pred(*previous, *i)'
Assertion failed on expression: 'pred(*previous, *i)'
Assertion failed on expression: 'pred(*previous, *i)'
Assertion failed on expression: 'pred(*previous, *i)'
Assertion failed on expression: 'pred(*previous, *i)'
Assertion failed on expression: 'pred(*previous, *i)'
Assertion failed on expression: 'pred(*previous, *i)'
Assertion failed on expression: 'pred(*previous, *i)'
Assertion failed on expression: 'pred(*previous, *i)'
Assertion failed on expression: 'pred(*previous, *i)'
Assertion failed on expression: 'pred(*previous, *i)'
Assertion failed on expression: 'pred(*previous, *i)'
Assertion failed on expression: 'pred(*previous, *i)'
Assertion failed on expression: 'pred(*previous, *i)'
Assertion failed on expression: 'pred(*previous, *i)'
Assertion failed on expression: 'pred(*previous, *i)'
Assertion failed on expression: 'pred(*previous, *i)'
Assertion failed on expression: 'pred(*previous, *i)'
Assertion failed on expression: 'pred(*previous, *i)'
Assertion failed on expression: 'pred(*previous, *i)'
Assertion failed on expression: 'pred(*previous, *i)'
Assertion failed on expression: 'pred(*previous, *i)'
Assertion failed on expression: 'pred(*previous, *i)'
Assertion failed on expression: 'pred(*previous, *i)'
Assertion failed on expression: 'pred(*previous, *i)'
Assertion failed on expression: 'pred(*previous, *i)'
Assertion failed on expression: 'pred(*previous, *i)'
Assertion failed on expression: 'pred(*previous, *i)'
Assertion failed on expression: 'pred(*previous, *i)'
Assertion failed on expression: 'pred(*previous, *i)'
Assertion failed on expression: 'pred(*previous, *i)'
Assertion failed on expression: 'pred(*previous, *i)'
Assertion failed on expression: 'pred(*previous, *i)'
Assertion failed on expression: 'pred(*previous, *i)'
Assertion failed on expression: 'pred(*previous, *i)'
Assertion failed on expression: 'pred(*previous, *i)'
Assertion failed on expression: 'pred(*previous, *i)'
Assertion failed on expression: 'pred(*previous, *i)'
Assertion failed on expression: 'pred(*previous, *i)'
Assertion failed on expression: 'pred(*previous, *i)'
Assertion failed on expression: 'pred(*previous, *i)'
Assertion failed on expression: 'pred(*previous, *i)'
Assertion failed on expression: 'pred(*previous, *i)'
Assertion failed on expression: 'pred(*previous, *i)'
Assertion failed on expression: 'pred(*previous, *i)'
Assertion failed on expression: 'pred(*previous, *i)'
Assertion failed on expression: 'pred(*previous, *i)'
Assertion failed on expression: 'pred(*previous, *i)'
Assertion failed on expression: 'pred(*previous, *i)'
Assertion failed on expression: 'pred(*previous, *i)'
Assertion failed on expression: 'pred(*previous, *i)'
Assertion failed on expression: 'pred(*previous, *i)'
Assertion failed on expression: 'pred(*previous, *i)'
Assertion failed on expression: 'pred(*previous, *i)'
Assertion failed on expression: 'pred(*previous, *i)'
Assertion failed on expression: 'pred(*previous, *i)'
Assertion failed on expression: 'pred(*previous, *i)'
Assertion failed on expression: 'pred(*previous, *i)'
Assertion failed on expression: 'pred(*previous, *i)'
Assertion failed on expression: 'pred(*previous, *i)'
Assertion failed on expression: 'pred(*previous, *i)'
Assertion failed on expression: 'pred(*previous, *i)'
Assertion failed on expression: 'pred(*previous, *i)'
Assertion failed on expression: 'pred(*previous, *i)'
Assertion failed on expression: 'pred(*previous, *i)'
Assertion failed on expression: 'pred(*previous, *i)'
Assertion failed on expression: 'pred(*previous, *i)'
Assertion failed on expression: 'pred(*previous, *i)'
Assertion failed on expression: 'pred(*previous, *i)'
Assertion failed on expression: 'pred(*previous, *i)'
Assertion failed on expression: 'pred(*previous, *i)'
Assertion failed on expression: 'pred(*previous, *i)'
Assertion failed on expression: 'pred(*previous, *i)'
Assertion failed on expression: 'pred(*previous, *i)'
Assertion failed on expression: 'pred(*previous, *i)'
Assertion failed on expression: 'pred(*previous, *i)'
Assertion failed on expression: 'pred(*previous, *i)'
Assertion failed on expression: 'pred(*previous, *i)'
Assertion failed on expression: 'pred(*previous, *i)'
Assertion failed on expression: 'pred(*previous, *i)'
Assertion failed on expression: 'pred(*previous, *i)'
Assertion failed on expression: 'pred(*previous, *i)'
Assertion failed on expression: 'pred(*previous, *i)'
Assertion failed on expression: 'pred(*previous, *i)'
Assertion failed on expression: 'pred(*previous, *i)'
Assertion failed on expression: 'pred(*previous, *i)'
Assertion failed on expression: 'pred(*previous, *i)'
Assertion failed on expression: 'pred(*previous, *i)'
Assertion failed on expression: 'pred(*previous, *i)'
Assertion failed on expression: 'pred(*previous, *i)'
Assertion failed on expression: 'pred(*previous, *i)'
Assertion failed on expression: 'pred(*previous, *i)'
Assertion failed on expression: 'pred(*previous, *i)'
Assertion failed on expression: 'pred(*previous, *i)'
Assertion failed on expression: 'pred(*previous, *i)'
Assertion failed on expression: 'pred(*previous, *i)'
Assertion failed on expression: 'pred(*previous, *i)'
Assertion failed on expression: 'pred(*previous, *i)'
Assertion failed on expression: 'pred(*previous, *i)'
Assertion failed on expression: 'pred(*previous, *i)'
Assertion failed on expression: 'pred(*previous, *i)'
Assertion failed on expression: 'pred(*previous, *i)'
Assertion failed on expression: 'pred(*previous, *i)'
Assertion failed on expression: 'pred(*previous, *i)'
Assertion failed on expression: 'pred(*previous, *i)'
Assertion failed on expression: 'pred(*previous, *i)'
Assertion failed on expression: 'pred(*previous, *i)'
Assertion failed on expression: 'pred(*previous, *i)'
Assertion failed on expression: 'pred(*previous, *i)'
Assertion failed on expression: 'pred(*previous, *i)'
Assertion failed on expression: 'pred(*previous, *i)'
Assertion failed on expression: 'pred(*previous, *i)'
Assertion failed on expression: 'pred(*previous, *i)'
Assertion failed on expression: 'pred(*previous, *i)'
Assertion failed on expression: 'pred(*previous, *i)'
Assertion failed on expression: 'pred(*previous, *i)'
Assertion failed on expression: 'pred(*previous, *i)'
Assertion failed on expression: 'pred(*previous, *i)'
Assertion failed on expression: 'pred(*previous, *i)'
Assertion failed on expression: 'pred(*previous, *i)'
Assertion failed on expression: 'pred(*previous, *i)'
Assertion failed on expression: 'pred(*previous, *i)'
Assertion failed on expression: 'pred(*previous, *i)'
Assertion failed on expression: 'pred(*previous, *i)'
Assertion failed on expression: 'pred(*previous, *i)'
Assertion failed on expression: 'pred(*previous, *i)'
Assertion failed on expression: 'pred(*previous, *i)'
Assertion failed on expression: 'pred(*previous, *i)'
Assertion failed on expression: 'pred(*previous, *i)'
Assertion failed on expression: 'pred(*previous, *i)'
Assertion failed on expression: 'pred(*previous, *i)'
Assertion failed on expression: 'pred(*previous, *i)'
Assertion failed on expression: 'pred(*previous, *i)'
Assertion failed on expression: 'pred(*previous, *i)'
Assertion failed on expression: 'pred(*previous, *i)'
Assertion failed on expression: 'pred(*previous, *i)'
Assertion failed on expression: 'pred(*previous, *i)'
Assertion failed on expression: 'pred(*previous, *i)'
Assertion failed on expression: 'pred(*previous, *i)'
Assertion failed on expression: 'pred(*previous, *i)'
Assertion failed on expression: 'pred(*previous, *i)'
Assertion failed on expression: 'pred(*previous, *i)'
Assertion failed on expression: 'pred(*previous, *i)'
Assertion failed on expression: 'pred(*previous, *i)'
Assertion failed on expression: 'pred(*previous, *i)'
Assertion failed on expression: 'pred(*previous, *i)'
Assertion failed on expression: 'pred(*previous, *i)'
Assertion failed on expression: 'pred(*previous, *i)'
Assertion failed on expression: 'pred(*previous, *i)'
Assertion failed on expression: 'pred(*previous, *i)'
Assertion failed on expression: 'pred(*previous, *i)'
Assertion failed on expression: 'pred(*previous, *i)'
Assertion failed on expression: 'pred(*previous, *i)'
Assertion failed on expression: 'pred(*previous, *i)'
Assertion failed on expression: 'pred(*previous, *i)'
Assertion failed on expression: 'pred(*previous, *i)'
Assertion failed on expression: 'pred(*previous, *i)'
Assertion failed on expression: 'pred(*previous, *i)'
Assertion failed on expression: 'pred(*previous, *i)'
Assertion failed on expression: 'pred(*previous, *i)'
Assertion failed on expression: 'pred(*previous, *i)'
Assertion failed on expression: 'pred(*previous, *i)'
Assertion failed on expression: 'pred(*previous, *i)'
Assertion failed on expression: 'pred(*previous, *i)'
Assertion failed on expression: 'pred(*previous, *i)'
Assertion failed on expression: 'pred(*previous, *i)'
Assertion failed on expression: 'pred(*previous, *i)'
Assertion failed on expression: 'pred(*previous, *i)'
Assertion failed on expression: 'pred(*previous, *i)'
Assertion failed on expression: 'pred(*previous, *i)'
Assertion failed on expression: 'pred(*previous, *i)'
Assertion failed on expression: 'pred(*previous, *i)'
Assertion failed on expression: 'pred(*previous, *i)'
Assertion failed on expression: 'pred(*previous, *i)'
Assertion failed on expression: 'pred(*previous, *i)'
Assertion failed on expression: 'pred(*previous, *i)'
Assertion failed on expression: 'pred(*previous, *i)'
Assertion failed on expression: 'pred(*previous, *i)'
Assertion failed on expression: 'pred(*previous, *i)'
Assertion failed on expression: 'pred(*previous, *i)'
Assertion failed on expression: 'pred(*previous, *i)'
Assertion failed on expression: 'pred(*previous, *i)'
Assertion failed on expression: 'pred(*previous, *i)'
Assertion failed on expression: 'pred(*previous, *i)'
Assertion failed on expression: 'pred(*previous, *i)'
Assertion failed on expression: 'pred(*previous, *i)'
Assertion failed on expression: 'pred(*previous, *i)'
Assertion failed on expression: 'pred(*previous, *i)'
Assertion failed on expression: 'pred(*previous, *i)'
Assertion failed on expression: 'pred(*previous, *i)'
Assertion failed on expression: 'pred(*previous, *i)'
Assertion failed on expression: 'pred(*previous, *i)'
Assertion failed on expression: 'pred(*previous, *i)'
Assertion failed on expression: 'pred(*previous, *i)'
Assertion failed on expression: 'pred(*previous, *i)'
Assertion failed on expression: 'pred(*previous, *i)'
Assertion failed on expression: 'pred(*previous, *i)'
Assertion failed on expression: 'pred(*previous, *i)'
Assertion failed on expression: 'pred(*previous, *i)'
Assertion failed on expression: 'pred(*previous, *i)'
Assertion failed on expression: 'pred(*previous, *i)'
Assertion failed on expression: 'pred(*previous, *i)'
Assertion failed on expression: 'pred(*previous, *i)'
Assertion failed on expression: 'pred(*previous, *i)'
Assertion failed on expression: 'pred(*previous, *i)'
Assertion failed on expression: 'pred(*previous, *i)'
Assertion failed on expression: 'pred(*previous, *i)'
Assertion failed on expression: 'pred(*previous, *i)'
Assertion failed on expression: 'pred(*previous, *i)'
Assertion failed on expression: 'pred(*previous, *i)'
Assertion failed on expression: 'pred(*previous, *i)'
Assertion failed on expression: 'pred(*previous, *i)'
Assertion failed on expression: 'pred(*previous, *i)'
Assertion failed on expression: 'pred(*previous, *i)'
Assertion failed on expression: 'pred(*previous, *i)'
Assertion failed on expression: 'pred(*previous, *i)'
Assertion failed on expression: 'pred(*previous, *i)'
Assertion failed on expression: 'pred(*previous, *i)'
Assertion failed on expression: 'pred(*previous, *i)'
Assertion failed on expression: 'pred(*previous, *i)'
Assertion failed on expression: 'pred(*previous, *i)'
Assertion failed on expression: 'pred(*previous, *i)'
Assertion failed on expression: 'pred(*previous, *i)'
Assertion failed on expression: 'pred(*previous, *i)'
Assertion failed on expression: 'pred(*previous, *i)'
Assertion failed on expression: 'pred(*previous, *i)'
Assertion failed on expression: 'pred(*previous, *i)'
Assertion failed on expression: 'pred(*previous, *i)'
Assertion failed on expression: 'pred(*previous, *i)'
Assertion failed on expression: 'pred(*previous, *i)'
Assertion failed on expression: 'pred(*previous, *i)'
Assertion failed on expression: 'pred(*previous, *i)'
Assertion failed on expression: 'pred(*previous, *i)'
Assertion failed on expression: 'pred(*previous, *i)'
Assertion failed on expression: 'pred(*previous, *i)'
Assertion failed on expression: 'pred(*previous, *i)'
Assertion failed on expression: 'pred(*previous, *i)'
Assertion failed on expression: 'pred(*previous, *i)'
Assertion failed on expression: 'pred(*previous, *i)'
Assertion failed on expression: 'pred(*previous, *i)'
Assertion failed on expression: 'pred(*previous, *i)'
Assertion failed on expression: 'pred(*previous, *i)'
Assertion failed on expression: 'pred(*previous, *i)'
Assertion failed on expression: 'pred(*previous, *i)'
Assertion failed on expression: 'pred(*previous, *i)'
Assertion failed on expression: 'pred(*previous, *i)'
Assertion failed on expression: 'pred(*previous, *i)'
Assertion failed on expression: 'pred(*previous, *i)'
Assertion failed on expression: 'pred(*previous, *i)'
Assertion failed on expression: 'pred(*previous, *i)'
Assertion failed on expression: 'pred(*previous, *i)'
Assertion failed on expression: 'pred(*previous, *i)'
Assertion failed on expression: 'pred(*previous, *i)'
Assertion failed on expression: 'pred(*previous, *i)'
Assertion failed on expression: 'pred(*previous, *i)'
Assertion failed on expression: 'pred(*previous, *i)'
Assertion failed on expression: 'pred(*previous, *i)'
Assertion failed on expression: 'pred(*previous, *i)'
Assertion failed on expression: 'pred(*previous, *i)'
Assertion failed on expression: 'pred(*previous, *i)'
Assertion failed on expression: 'pred(*previous, *i)'
Assertion failed on expression: 'pred(*previous, *i)'
Assertion failed on expression: 'pred(*previous, *i)'
Assertion failed on expression: 'pred(*previous, *i)'
Assertion failed on expression: 'pred(*previous, *i)'
Assertion failed on expression: 'pred(*previous, *i)'
Assertion failed on expression: 'pred(*previous, *i)'
Assertion failed on expression: 'pred(*previous, *i)'
Assertion failed on expression: 'pred(*previous, *i)'
Assertion failed on expression: 'pred(*previous, *i)'
Assertion failed on expression: 'pred(*previous, *i)'
Assertion failed on expression: 'pred(*previous, *i)'
Assertion failed on expression: 'pred(*previous, *i)'
Assertion failed on expression: 'pred(*previous, *i)'
Assertion failed on expression: 'pred(*previous, *i)'
Assertion failed on expression: 'pred(*previous, *i)'
Assertion failed on expression: 'pred(*previous, *i)'
Assertion failed on expression: 'pred(*previous, *i)'
Assertion failed on expression: 'pred(*previous, *i)'
Assertion failed on expression: 'pred(*previous, *i)'
Assertion failed on expression: 'pred(*previous, *i)'
Assertion failed on expression: 'pred(*previous, *i)'
Assertion failed on expression: 'pred(*previous, *i)'
Assertion failed on expression: 'pred(*previous, *i)'
Assertion failed on expression: 'pred(*previous, *i)'
Assertion failed on expression: 'pred(*previous, *i)'
Assertion failed on expression: 'pred(*previous, *i)'
Assertion failed on expression: 'pred(*previous, *i)'
Assertion failed on expression: 'pred(*previous, *i)'
Assertion failed on expression: 'pred(*previous, *i)'
Assertion failed on expression: 'pred(*previous, *i)'
Assertion failed on expression: 'pred(*previous, *i)'
Assertion failed on expression: 'pred(*previous, *i)'
Assertion failed on expression: 'pred(*previous, *i)'
Assertion failed on expression: 'pred(*previous, *i)'
Assertion failed on expression: 'pred(*previous, *i)'
Assertion failed on expression: 'pred(*previous, *i)'
Assertion failed on expression: 'pred(*previous, *i)'
Assertion failed on expression: 'pred(*previous, *i)'
Assertion failed on expression: 'pred(*previous, *i)'
Assertion failed on expression: 'pred(*previous, *i)'
Assertion failed on expression: 'pred(*previous, *i)'
Assertion failed on expression: 'pred(*previous, *i)'
Assertion failed on expression: 'pred(*previous, *i)'
Assertion failed on expression: 'pred(*previous, *i)'
Assertion failed on expression: 'pred(*previous, *i)'
Assertion failed on expression: 'pred(*previous, *i)'
Assertion failed on expression: 'pred(*previous, *i)'
Assertion failed on expression: 'pred(*previous, *i)'
Assertion failed on expression: 'pred(*previous, *i)'
Assertion failed on expression: 'pred(*previous, *i)'
Assertion failed on expression: 'pred(*previous, *i)'
Assertion failed on expression: 'pred(*previous, *i)'
Assertion failed on expression: 'pred(*previous, *i)'
Assertion failed on expression: 'pred(*previous, *i)'
Assertion failed on expression: 'pred(*previous, *i)'
Assertion failed on expression: 'pred(*previous, *i)'
Assertion failed on expression: 'pred(*previous, *i)'
Assertion failed on expression: 'pred(*previous, *i)'
Assertion failed on expression: 'pred(*previous, *i)'
Assertion failed on expression: 'pred(*previous, *i)'
Assertion failed on expression: 'pred(*previous, *i)'
Assertion failed on expression: 'pred(*previous, *i)'
Assertion failed on expression: 'pred(*previous, *i)'
Assertion failed on expression: 'pred(*previous, *i)'
Assertion failed on expression: 'pred(*previous, *i)'
Assertion failed on expression: 'pred(*previous, *i)'
Assertion failed on expression: 'pred(*previous, *i)'
Assertion failed on expression: 'pred(*previous, *i)'
Assertion failed on expression: 'pred(*previous, *i)'
Assertion failed on expression: 'pred(*previous, *i)'
Assertion failed on expression: 'pred(*previous, *i)'
Assertion failed on expression: 'pred(*previous, *i)'
Assertion failed on expression: 'pred(*previous, *i)'
Assertion failed on expression: 'pred(*previous, *i)'
Assertion failed on expression: 'pred(*previous, *i)'
Assertion failed on expression: 'pred(*previous, *i)'
Assertion failed on expression: 'pred(*previous, *i)'
Assertion failed on expression: 'pred(*previous, *i)'
Assertion failed on expression: 'pred(*previous, *i)'
Assertion failed on expression: 'pred(*previous, *i)'
Assertion failed on expression: 'pred(*previous, *i)'
Assertion failed on expression: 'pred(*previous, *i)'
Assertion failed on expression: 'pred(*previous, *i)'
Assertion failed on expression: 'pred(*previous, *i)'
Assertion failed on expression: 'pred(*previous, *i)'
Assertion failed on expression: 'pred(*previous, *i)'
Assertion failed on expression: 'pred(*previous, *i)'
Assertion failed on expression: 'pred(*previous, *i)'
Assertion failed on expression: 'pred(*previous, *i)'
Assertion failed on expression: 'pred(*previous, *i)'
Assertion failed on expression: 'pred(*previous, *i)'
Assertion failed on expression: 'pred(*previous, *i)'
Assertion failed on expression: 'pred(*previous, *i)'
Assertion failed on expression: 'pred(*previous, *i)'
Assertion failed on expression: 'pred(*previous, *i)'
Assertion failed on expression: 'pred(*previous, *i)'
Assertion failed on expression: 'pred(*previous, *i)'
Assertion failed on expression: 'pred(*previous, *i)'
Assertion failed on expression: 'pred(*previous, *i)'
Assertion failed on expression: 'pred(*previous, *i)'
Assertion failed on expression: 'pred(*previous, *i)'
Assertion failed on expression: 'pred(*previous, *i)'
Assertion failed on expression: 'pred(*previous, *i)'
Assertion failed on expression: 'pred(*previous, *i)'
Assertion failed on expression: 'pred(*previous, *i)'
Assertion failed on expression: 'pred(*previous, *i)'
Assertion failed on expression: 'pred(*previous, *i)'
Assertion failed on expression: 'pred(*previous, *i)'
Assertion failed on expression: 'pred(*previous, *i)'
Assertion failed on expression: 'pred(*previous, *i)'
Assertion failed on expression: 'pred(*previous, *i)'
Assertion failed on expression: 'pred(*previous, *i)'
Assertion failed on expression: 'pred(*previous, *i)'
Assertion failed on expression: 'pred(*previous, *i)'
Assertion failed on expression: 'pred(*previous, *i)'
Assertion failed on expression: 'pred(*previous, *i)'
Assertion failed on expression: 'pred(*previous, *i)'
Assertion failed on expression: 'pred(*previous, *i)'
Assertion failed on expression: 'pred(*previous, *i)'
Assertion failed on expression: 'pred(*previous, *i)'
Assertion failed on expression: 'pred(*previous, *i)'
Assertion failed on expression: 'pred(*previous, *i)'
Assertion failed on expression: 'pred(*previous, *i)'
Assertion failed on expression: 'pred(*previous, *i)'
Assertion failed on expression: 'pred(*previous, *i)'
Assertion failed on expression: 'pred(*previous, *i)'
Assertion failed on expression: 'pred(*previous, *i)'
Assertion failed on expression: 'pred(*previous, *i)'
Assertion failed on expression: 'pred(*previous, *i)'
Assertion failed on expression: 'pred(*previous, *i)'
Assertion failed on expression: 'pred(*previous, *i)'
Assertion failed on expression: 'pred(*previous, *i)'
Assertion failed on expression: 'pred(*previous, *i)'
Assertion failed on expression: 'pred(*previous, *i)'
Assertion failed on expression: 'pred(*previous, *i)'
Assertion failed on expression: 'pred(*previous, *i)'
Assertion failed on expression: 'pred(*previous, *i)'
Assertion failed on expression: 'pred(*previous, *i)'
Assertion failed on expression: 'pred(*previous, *i)'
Assertion failed on expression: 'pred(*previous, *i)'
Assertion failed on expression: 'pred(*previous, *i)'
Assertion failed on expression: 'pred(*previous, *i)'
Assertion failed on expression: 'pred(*previous, *i)'
Assertion failed on expression: 'pred(*previous, *i)'
Assertion failed on expression: 'pred(*previous, *i)'
Assertion failed on expression: 'pred(*previous, *i)'
Assertion failed on expression: 'pred(*previous, *i)'
Assertion failed on expression: 'pred(*previous, *i)'
Assertion failed on expression: 'pred(*previous, *i)'
Assertion failed on expression: 'pred(*previous, *i)'
Assertion failed on expression: 'pred(*previous, *i)'
Assertion failed on expression: 'pred(*previous, *i)'
Assertion failed on expression: 'pred(*previous, *i)'
Assertion failed on expression: 'pred(*previous, *i)'
Assertion failed on expression: 'pred(*previous, *i)'
Assertion failed on expression: 'pred(*previous, *i)'
Assertion failed on expression: 'pred(*previous, *i)'
Assertion failed on expression: 'pred(*previous, *i)'
Assertion failed on expression: 'pred(*previous, *i)'
Assertion failed on expression: 'pred(*previous, *i)'
Assertion failed on expression: 'pred(*previous, *i)'
Assertion failed on expression: 'pred(*previous, *i)'
Assertion failed on expression: 'pred(*previous, *i)'
Assertion failed on expression: 'pred(*previous, *i)'
Assertion failed on expression: 'pred(*previous, *i)'
Assertion failed on expression: 'pred(*previous, *i)'
Assertion failed on expression: 'pred(*previous, *i)'
Assertion failed on expression: 'pred(*previous, *i)'
Assertion failed on expression: 'pred(*previous, *i)'
Assertion failed on expression: 'pred(*previous, *i)'
Assertion failed on expression: 'pred(*previous, *i)'
Assertion failed on expression: 'pred(*previous, *i)'
Assertion failed on expression: 'pred(*previous, *i)'
Assertion failed on expression: 'pred(*previous, *i)'
Assertion failed on expression: 'pred(*previous, *i)'
Assertion failed on expression: 'pred(*previous, *i)'
Assertion failed on expression: 'pred(*previous, *i)'
Assertion failed on expression: 'pred(*previous, *i)'
Assertion failed on expression: 'pred(*previous, *i)'
Assertion failed on expression: 'pred(*previous, *i)'
Assertion failed on expression: 'pred(*previous, *i)'
Assertion failed on expression: 'pred(*previous, *i)'
Assertion failed on expression: 'pred(*previous, *i)'
Assertion failed on expression: 'pred(*previous, *i)'
Assertion failed on expression: 'pred(*previous, *i)'
Assertion failed on expression: 'pred(*previous, *i)'
Assertion failed on expression: 'pred(*previous, *i)'
Assertion failed on expression: 'pred(*previous, *i)'
Assertion failed on expression: 'pred(*previous, *i)'
Assertion failed on expression: 'pred(*previous, *i)'
Assertion failed on expression: 'pred(*previous, *i)'
Assertion failed on expression: 'pred(*previous, *i)'
Assertion failed on expression: 'pred(*previous, *i)'
Assertion failed on expression: 'pred(*previous, *i)'
Assertion failed on expression: 'pred(*previous, *i)'
Assertion failed on expression: 'pred(*previous, *i)'
Assertion failed on expression: 'pred(*previous, *i)'
Assertion failed on expression: 'pred(*previous, *i)'
Assertion failed on expression: 'pred(*previous, *i)'
Assertion failed on expression: 'pred(*previous, *i)'
Assertion failed on expression: 'pred(*previous, *i)'
Assertion failed on expression: 'pred(*previous, *i)'
Assertion failed on expression: 'pred(*previous, *i)'
Assertion failed on expression: 'pred(*previous, *i)'
Assertion failed on expression: 'pred(*previous, *i)'
Assertion failed on expression: 'pred(*previous, *i)'
Assertion failed on expression: 'pred(*previous, *i)'
Assertion failed on expression: 'pred(*previous, *i)'
Assertion failed on expression: 'pred(*previous, *i)'
Assertion failed on expression: 'pred(*previous, *i)'
Assertion failed on expression: 'pred(*previous, *i)'
Assertion failed on expression: 'pred(*previous, *i)'
Assertion failed on expression: 'pred(*previous, *i)'
Assertion failed on expression: 'pred(*previous, *i)'
Assertion failed on expression: 'pred(*previous, *i)'
Assertion failed on expression: 'pred(*previous, *i)'
Assertion failed on expression: 'pred(*previous, *i)'
Assertion failed on expression: 'pred(*previous, *i)'
Assertion failed on expression: 'pred(*previous, *i)'
Assertion failed on expression: 'pred(*previous, *i)'
Assertion failed on expression: 'pred(*previous, *i)'
Assertion failed on expression: 'pred(*previous, *i)'
Assertion failed on expression: 'pred(*previous, *i)'
Assertion failed on expression: 'pred(*previous, *i)'
Assertion failed on expression: 'pred(*previous, *i)'
Assertion failed on expression: 'pred(*previous, *i)'
Assertion failed on expression: 'pred(*previous, *i)'
Assertion failed on expression: 'pred(*previous, *i)'
Assertion failed on expression: 'pred(*previous, *i)'
Assertion failed on expression: 'pred(*previous, *i)'
Assertion failed on expression: 'pred(*previous, *i)'
Assertion failed on expression: 'pred(*previous, *i)'
Assertion failed on expression: 'pred(*previous, *i)'
Assertion failed on expression: 'pred(*previous, *i)'
Assertion failed on expression: 'pred(*previous, *i)'
Assertion failed on expression: 'pred(*previous, *i)'
Assertion failed on expression: 'pred(*previous, *i)'
Assertion failed on expression: 'pred(*previous, *i)'
Assertion failed on expression: 'pred(*previous, *i)'
Assertion failed on expression: 'pred(*previous, *i)'
Assertion failed on expression: 'pred(*previous, *i)'
Assertion failed on expression: 'pred(*previous, *i)'
Assertion failed on expression: 'pred(*previous, *i)'
Assertion failed on expression: 'pred(*previous, *i)'
Assertion failed on expression: 'pred(*previous, *i)'
Assertion failed on expression: 'pred(*previous, *i)'
Assertion failed on expression: 'pred(*previous, *i)'
Assertion failed on expression: 'pred(*previous, *i)'
Assertion failed on expression: 'pred(*previous, *i)'
Assertion failed on expression: 'pred(*previous, *i)'
Assertion failed on expression: 'pred(*previous, *i)'
Assertion failed on expression: 'pred(*previous, *i)'
Assertion failed on expression: 'pred(*previous, *i)'
Assertion failed on expression: 'pred(*previous, *i)'
Assertion failed on expression: 'pred(*previous, *i)'
Assertion failed on expression: 'pred(*previous, *i)'
Assertion failed on expression: 'pred(*previous, *i)'
Assertion failed on expression: 'pred(*previous, *i)'
Assertion failed on expression: 'pred(*previous, *i)'
Assertion failed on expression: 'pred(*previous, *i)'
Assertion failed on expression: 'pred(*previous, *i)'
Assertion failed on expression: 'pred(*previous, *i)'
Assertion failed on expression: 'pred(*previous, *i)'
Assertion failed on expression: 'pred(*previous, *i)'
Assertion failed on expression: 'pred(*previous, *i)'
Assertion failed on expression: 'pred(*previous, *i)'
Assertion failed on expression: 'pred(*previous, *i)'
Assertion failed on expression: 'pred(*previous, *i)'
Assertion failed on expression: 'pred(*previous, *i)'
Assertion failed on expression: 'pred(*previous, *i)'
Assertion failed on expression: 'pred(*previous, *i)'
Assertion failed on expression: 'pred(*previous, *i)'
Assertion failed on expression: 'pred(*previous, *i)'
Assertion failed on expression: 'pred(*previous, *i)'
Assertion failed on expression: 'pred(*previous, *i)'
Assertion failed on expression: 'pred(*previous, *i)'
Assertion failed on expression: 'pred(*previous, *i)'
Assertion failed on expression: 'pred(*previous, *i)'
Assertion failed on expression: 'pred(*previous, *i)'
Assertion failed on expression: 'pred(*previous, *i)'
Assertion failed on expression: 'pred(*previous, *i)'
Assertion failed on expression: 'pred(*previous, *i)'
Assertion failed on expression: 'pred(*previous, *i)'
Assertion failed on expression: 'pred(*previous, *i)'
Assertion failed on expression: 'pred(*previous, *i)'
Assertion failed on expression: 'pred(*previous, *i)'
Assertion failed on expression: 'pred(*previous, *i)'
Assertion failed on expression: 'pred(*previous, *i)'
Assertion failed on expression: 'pred(*previous, *i)'
Assertion failed on expression: 'pred(*previous, *i)'
Assertion failed on expression: 'pred(*previous, *i)'
Assertion failed on expression: 'pred(*previous, *i)'
Assertion failed on expression: 'pred(*previous, *i)'
Assertion failed on expression: 'pred(*previous, *i)'
Assertion failed on expression: 'pred(*previous, *i)'
Assertion failed on expression: 'pred(*previous, *i)'
Assertion failed on expression: 'pred(*previous, *i)'
Assertion failed on expression: 'pred(*previous, *i)'
Assertion failed on expression: 'pred(*previous, *i)'
Assertion failed on expression: 'pred(*previous, *i)'
Assertion failed on expression: 'pred(*previous, *i)'
Assertion failed on expression: 'pred(*previous, *i)'
Assertion failed on expression: 'pred(*previous, *i)'
Assertion failed on expression: 'pred(*previous, *i)'
Assertion failed on expression: 'pred(*previous, *i)'
Assertion failed on expression: 'pred(*previous, *i)'
Assertion failed on expression: 'pred(*previous, *i)'
Assertion failed on expression: 'pred(*previous, *i)'
Assertion failed on expression: 'pred(*previous, *i)'
Assertion failed on expression: 'pred(*previous, *i)'
Assertion failed on expression: 'pred(*previous, *i)'
Assertion failed on expression: 'pred(*previous, *i)'
Assertion failed on expression: 'pred(*previous, *i)'
Assertion failed on expression: 'pred(*previous, *i)'
Assertion failed on expression: 'pred(*previous, *i)'
Assertion failed on expression: 'pred(*previous, *i)'
Assertion failed on expression: 'pred(*previous, *i)'
Assertion failed on expression: 'pred(*previous, *i)'
Assertion failed on expression: 'pred(*previous, *i)'
Assertion failed on expression: 'pred(*previous, *i)'
Assertion failed on expression: 'pred(*previous, *i)'
Assertion failed on expression: 'pred(*previous, *i)'
Assertion failed on expression: 'pred(*previous, *i)'
Assertion failed on expression: 'pred(*previous, *i)'
Assertion failed on expression: 'pred(*previous, *i)'
Assertion failed on expression: 'pred(*previous, *i)'
Assertion failed on expression: 'pred(*previous, *i)'
Assertion failed on expression: 'pred(*previous, *i)'
Assertion failed on expression: 'pred(*previous, *i)'
Assertion failed on expression: 'pred(*previous, *i)'
Assertion failed on expression: 'pred(*previous, *i)'
Assertion failed on expression: 'pred(*previous, *i)'
Assertion failed on expression: 'pred(*previous, *i)'
Assertion failed on expression: 'pred(*previous, *i)'
Assertion failed on expression: 'pred(*previous, *i)'
Assertion failed on expression: 'pred(*previous, *i)'
Assertion failed on expression: 'pred(*previous, *i)'
Assertion failed on expression: 'pred(*previous, *i)'
Assertion failed on expression: 'pred(*previous, *i)'
Assertion failed on expression: 'pred(*previous, *i)'
Assertion failed on expression: 'pred(*previous, *i)'
Assertion failed on expression: 'pred(*previous, *i)'
Assertion failed on expression: 'pred(*previous, *i)'
Assertion failed on expression: 'pred(*previous, *i)'
Assertion failed on expression: 'pred(*previous, *i)'
Assertion failed on expression: 'pred(*previous, *i)'
Assertion failed on expression: 'pred(*previous, *i)'
Assertion failed on expression: 'pred(*previous, *i)'
Assertion failed on expression: 'pred(*previous, *i)'
Assertion failed on expression: 'pred(*previous, *i)'
Assertion failed on expression: 'pred(*previous, *i)'
Assertion failed on expression: 'pred(*previous, *i)'
Assertion failed on expression: 'pred(*previous, *i)'
Assertion failed on expression: 'pred(*previous, *i)'
Assertion failed on expression: 'pred(*previous, *i)'
Assertion failed on expression: 'pred(*previous, *i)'
Assertion failed on expression: 'pred(*previous, *i)'
Assertion failed on expression: 'pred(*previous, *i)'
Assertion failed on expression: 'pred(*previous, *i)'
Assertion failed on expression: 'pred(*previous, *i)'
Assertion failed on expression: 'pred(*previous, *i)'
Assertion failed on expression: 'pred(*previous, *i)'
Assertion failed on expression: 'pred(*previous, *i)'
Assertion failed on expression: 'pred(*previous, *i)'
Assertion failed on expression: 'pred(*previous, *i)'
Assertion failed on expression: 'pred(*previous, *i)'
Assertion failed on expression: 'pred(*previous, *i)'
Assertion failed on expression: 'pred(*previous, *i)'
Assertion failed on expression: 'pred(*previous, *i)'
Assertion failed on expression: 'pred(*previous, *i)'
Assertion failed on expression: 'pred(*previous, *i)'
Assertion failed on expression: 'pred(*previous, *i)'
Assertion failed on expression: 'pred(*previous, *i)'
Assertion failed on expression: 'pred(*previous, *i)'
Assertion failed on expression: 'pred(*previous, *i)'
Assertion failed on expression: 'pred(*previous, *i)'
Assertion failed on expression: 'pred(*previous, *i)'
Assertion failed on expression: 'pred(*previous, *i)'
Assertion failed on expression: 'pred(*previous, *i)'
Assertion failed on expression: 'pred(*previous, *i)'
Assertion failed on expression: 'pred(*previous, *i)'
Assertion failed on expression: 'pred(*previous, *i)'
Assertion failed on expression: 'pred(*previous, *i)'
Assertion failed on expression: 'pred(*previous, *i)'
Assertion failed on expression: 'pred(*previous, *i)'
Assertion failed on expression: 'pred(*previous, *i)'
Assertion failed on expression: 'pred(*previous, *i)'
Assertion failed on expression: 'pred(*previous, *i)'
Assertion failed on expression: 'pred(*previous, *i)'
Assertion failed on expression: 'pred(*previous, *i)'
Assertion failed on expression: 'pred(*previous, *i)'
Assertion failed on expression: 'pred(*previous, *i)'
Assertion failed on expression: 'pred(*previous, *i)'
Assertion failed on expression: 'pred(*previous, *i)'
Assertion failed on expression: 'pred(*previous, *i)'
Assertion failed on expression: 'pred(*previous, *i)'
Assertion failed on expression: 'pred(*previous, *i)'
Assertion failed on expression: 'pred(*previous, *i)'
Assertion failed on expression: 'pred(*previous, *i)'
Assertion failed on expression: 'pred(*previous, *i)'
Assertion failed on expression: 'pred(*previous, *i)'
Assertion failed on expression: 'pred(*previous, *i)'
Assertion failed on expression: 'pred(*previous, *i)'
Assertion failed on expression: 'pred(*previous, *i)'
Assertion failed on expression: 'pred(*previous, *i)'
Assertion failed on expression: 'pred(*previous, *i)'
Assertion failed on expression: 'pred(*previous, *i)'
Assertion failed on expression: 'pred(*previous, *i)'
Assertion failed on expression: 'pred(*previous, *i)'
Assertion failed on expression: 'pred(*previous, *i)'
Assertion failed on expression: 'pred(*previous, *i)'
Assertion failed on expression: 'pred(*previous, *i)'
Assertion failed on expression: 'pred(*previous, *i)'
Assertion failed on expression: 'pred(*previous, *i)'
Assertion failed on expression: 'pred(*previous, *i)'
Assertion failed on expression: 'pred(*previous, *i)'
Assertion failed on expression: 'pred(*previous, *i)'
Assertion failed on expression: 'pred(*previous, *i)'
Assertion failed on expression: 'pred(*previous, *i)'
Assertion failed on expression: 'pred(*previous, *i)'
Assertion failed on expression: 'pred(*previous, *i)'
Assertion failed on expression: 'pred(*previous, *i)'
Assertion failed on expression: 'pred(*previous, *i)'
Assertion failed on expression: 'pred(*previous, *i)'
Assertion failed on expression: 'pred(*previous, *i)'
Assertion failed on expression: 'pred(*previous, *i)'
Assertion failed on expression: 'pred(*previous, *i)'
Assertion failed on expression: 'pred(*previous, *i)'
Assertion failed on expression: 'pred(*previous, *i)'
Assertion failed on expression: 'pred(*previous, *i)'
Assertion failed on expression: 'pred(*previous, *i)'
Assertion failed on expression: 'pred(*previous, *i)'
Assertion failed on expression: 'pred(*previous, *i)'
Assertion failed on expression: 'pred(*previous, *i)'
Assertion failed on expression: 'pred(*previous, *i)'
Assertion failed on expression: 'pred(*previous, *i)'
Assertion failed on expression: 'pred(*previous, *i)'
Assertion failed on expression: 'pred(*previous, *i)'
Assertion failed on expression: 'pred(*previous, *i)'
Assertion failed on expression: 'pred(*previous, *i)'
Assertion failed on expression: 'pred(*previous, *i)'
Assertion failed on expression: 'pred(*previous, *i)'
Assertion failed on expression: 'pred(*previous, *i)'
Assertion failed on expression: 'pred(*previous, *i)'
Assertion failed on expression: 'pred(*previous, *i)'
Assertion failed on expression: 'pred(*previous, *i)'
Assertion failed on expression: 'pred(*previous, *i)'
Assertion failed on expression: 'pred(*previous, *i)'
Assertion failed on expression: 'pred(*previous, *i)'
Assertion failed on expression: 'pred(*previous, *i)'
Assertion failed on expression: 'pred(*previous, *i)'
Assertion failed on expression: 'pred(*previous, *i)'
Assertion failed on expression: 'pred(*previous, *i)'
Assertion failed on expression: 'pred(*previous, *i)'
Assertion failed on expression: 'pred(*previous, *i)'
Assertion failed on expression: 'pred(*previous, *i)'
Assertion failed on expression: 'pred(*previous, *i)'
Assertion failed on expression: 'pred(*previous, *i)'
Assertion failed on expression: 'pred(*previous, *i)'
Assertion failed on expression: 'pred(*previous, *i)'
Assertion failed on expression: 'pred(*previous, *i)'
Assertion failed on expression: 'pred(*previous, *i)'
Assertion failed on expression: 'pred(*previous, *i)'
Assertion failed on expression: 'pred(*previous, *i)'
Assertion failed on expression: 'pred(*previous, *i)'
Assertion failed on expression: 'pred(*previous, *i)'
Assertion failed on expression: 'pred(*previous, *i)'
Assertion failed on expression: 'pred(*previous, *i)'
Assertion failed on expression: 'pred(*previous, *i)'
Assertion failed on expression: 'pred(*previous, *i)'
Assertion failed on expression: 'pred(*previous, *i)'
Assertion failed on expression: 'pred(*previous, *i)'
Assertion failed on expression: 'pred(*previous, *i)'
Assertion failed on expression: 'pred(*previous, *i)'
Assertion failed on expression: 'pred(*previous, *i)'
Assertion failed on expression: 'pred(*previous, *i)'
Assertion failed on expression: 'pred(*previous, *i)'
Assertion failed on expression: 'pred(*previous, *i)'
Assertion failed on expression: 'pred(*previous, *i)'
Assertion failed on expression: 'pred(*previous, *i)'
Assertion failed on expression: 'pred(*previous, *i)'
Assertion failed on expression: 'pred(*previous, *i)'
Assertion failed on expression: 'pred(*previous, *i)'
Assertion failed on expression: 'pred(*previous, *i)'
Assertion failed on expression: 'pred(*previous, *i)'
Assertion failed on expression: 'pred(*previous, *i)'
Assertion failed on expression: 'pred(*previous, *i)'
Assertion failed on expression: 'pred(*previous, *i)'
Assertion failed on expression: 'pred(*previous, *i)'
Assertion failed on expression: 'pred(*previous, *i)'
Assertion failed on expression: 'pred(*previous, *i)'
Assertion failed on expression: 'pred(*previous, *i)'
Assertion failed on expression: 'pred(*previous, *i)'
Assertion failed on expression: 'pred(*previous, *i)'
Assertion failed on expression: 'pred(*previous, *i)'
Assertion failed on expression: 'pred(*previous, *i)'
Assertion failed on expression: 'pred(*previous, *i)'
Assertion failed on expression: 'pred(*previous, *i)'
Assertion failed on expression: 'pred(*previous, *i)'
Assertion failed on expression: 'pred(*previous, *i)'
Assertion failed on expression: 'pred(*previous, *i)'
Assertion failed on expression: 'pred(*previous, *i)'
Assertion failed on expression: 'pred(*previous, *i)'
Assertion failed on expression: 'pred(*previous, *i)'
Assertion failed on expression: 'pred(*previous, *i)'
Assertion failed on expression: 'pred(*previous, *i)'
Assertion failed on expression: 'pred(*previous, *i)'
Assertion failed on expression: 'pred(*previous, *i)'
Assertion failed on expression: 'pred(*previous, *i)'
Assertion failed on expression: 'pred(*previous, *i)'
Assertion failed on expression: 'pred(*previous, *i)'
Assertion failed on expression: 'pred(*previous, *i)'
Assertion failed on expression: 'pred(*previous, *i)'
Assertion failed on expression: 'pred(*previous, *i)'
Assertion failed on expression: 'pred(*previous, *i)'
Assertion failed on expression: 'pred(*previous, *i)'
Assertion failed on expression: 'pred(*previous, *i)'
Assertion failed on expression: 'pred(*previous, *i)'
Assertion failed on expression: 'pred(*previous, *i)'
Assertion failed on expression: 'pred(*previous, *i)'
Assertion failed on expression: 'pred(*previous, *i)'
Assertion failed on expression: 'pred(*previous, *i)'
Assertion failed on expression: 'pred(*previous, *i)'
Assertion failed on expression: 'pred(*previous, *i)'
Assertion failed on expression: 'pred(*previous, *i)'
Assertion failed on expression: 'pred(*previous, *i)'
Assertion failed on expression: 'pred(*previous, *i)'
Assertion failed on expression: 'pred(*previous, *i)'
Assertion failed on expression: 'pred(*previous, *i)'
Assertion failed on expression: 'pred(*previous, *i)'
Assertion failed on expression: 'pred(*previous, *i)'
Assertion failed on expression: 'pred(*previous, *i)'
Assertion failed on expression: 'pred(*previous, *i)'
Assertion failed on expression: 'pred(*previous, *i)'
Assertion failed on expression: 'pred(*previous, *i)'
Assertion failed on expression: 'pred(*previous, *i)'
Assertion failed on expression: 'pred(*previous, *i)'
Assertion failed on expression: 'pred(*previous, *i)'
Assertion failed on expression: 'pred(*previous, *i)'
Assertion failed on expression: 'pred(*previous, *i)'
Assertion failed on expression: 'pred(*previous, *i)'
Assertion failed on expression: 'pred(*previous, *i)'
Assertion failed on expression: 'pred(*previous, *i)'
Assertion failed on expression: 'pred(*previous, *i)'
Assertion failed on expression: 'pred(*previous, *i)'
Assertion failed on expression: 'pred(*previous, *i)'
Assertion failed on expression: 'pred(*previous, *i)'
Assertion failed on expression: 'pred(*previous, *i)'
Assertion failed on expression: 'pred(*previous, *i)'
Assertion failed on expression: 'pred(*previous, *i)'
Assertion failed on expression: 'pred(*previous, *i)'
Assertion failed on expression: 'pred(*previous, *i)'
Assertion failed on expression: 'pred(*previous, *i)'
Assertion failed on expression: 'pred(*previous, *i)'
Assertion failed on expression: 'pred(*previous, *i)'
Assertion failed on expression: 'pred(*previous, *i)'
Assertion failed on expression: 'pred(*previous, *i)'
Assertion failed on expression: 'pred(*previous, *i)'
Assertion failed on expression: 'pred(*previous, *i)'
Assertion failed on expression: 'pred(*previous, *i)'
Assertion failed on expression: 'pred(*previous, *i)'
Assertion failed on expression: 'pred(*previous, *i)'
Assertion failed on expression: 'pred(*previous, *i)'
Assertion failed on expression: 'pred(*previous, *i)'
Assertion failed on expression: 'pred(*previous, *i)'
Assertion failed on expression: 'pred(*previous, *i)'
Assertion failed on expression: 'pred(*previous, *i)'
Assertion failed on expression: 'pred(*previous, *i)'
Assertion failed on expression: 'pred(*previous, *i)'
Assertion failed on expression: 'pred(*previous, *i)'
Assertion failed on expression: 'pred(*previous, *i)'
Assertion failed on expression: 'pred(*previous, *i)'
Assertion failed on expression: 'pred(*previous, *i)'
Assertion failed on expression: 'pred(*previous, *i)'
Assertion failed on expression: 'pred(*previous, *i)'
Assertion failed on expression: 'pred(*previous, *i)'
Assertion failed on expression: 'pred(*previous, *i)'
Assertion failed on expression: 'pred(*previous, *i)'
Assertion failed on expression: 'pred(*previous, *i)'
Assertion failed on expression: 'pred(*previous, *i)'
Assertion failed on expression: 'pred(*previous, *i)'
Assertion failed on expression: 'pred(*previous, *i)'
Assertion failed on expression: 'pred(*previous, *i)'
Assertion failed on expression: 'pred(*previous, *i)'
Assertion failed on expression: 'pred(*previous, *i)'
Assertion failed on expression: 'pred(*previous, *i)'
Assertion failed on expression: 'pred(*previous, *i)'
Assertion failed on expression: 'pred(*previous, *i)'
Assertion failed on expression: 'pred(*previous, *i)'
Assertion failed on expression: 'pred(*previous, *i)'
Assertion failed on expression: 'pred(*previous, *i)'
Assertion failed on expression: 'pred(*previous, *i)'
Assertion failed on expression: 'pred(*previous, *i)'
Assertion failed on expression: 'pred(*previous, *i)'
Assertion failed on expression: 'pred(*previous, *i)'
Assertion failed on expression: 'pred(*previous, *i)'
Assertion failed on expression: 'pred(*previous, *i)'
Assertion failed on expression: 'pred(*previous, *i)'
Assertion failed on expression: 'pred(*previous, *i)'
Assertion failed on expression: 'pred(*previous, *i)'
Assertion failed on expression: 'pred(*previous, *i)'
Assertion failed on expression: 'pred(*previous, *i)'
Assertion failed on expression: 'pred(*previous, *i)'
Assertion failed on expression: 'pred(*previous, *i)'
Assertion failed on expression: 'pred(*previous, *i)'
Assertion failed on expression: 'pred(*previous, *i)'
Assertion failed on expression: 'pred(*previous, *i)'
Assertion failed on expression: 'pred(*previous, *i)'
Assertion failed on expression: 'pred(*previous, *i)'
Assertion failed on expression: 'pred(*previous, *i)'
Assertion failed on expression: 'pred(*previous, *i)'
Assertion failed on expression: 'pred(*previous, *i)'
Assertion failed on expression: 'pred(*previous, *i)'
Assertion failed on expression: 'pred(*previous, *i)'
Assertion failed on expression: 'pred(*previous, *i)'
Assertion failed on expression: 'pred(*previous, *i)'
Assertion failed on expression: 'pred(*previous, *i)'
Assertion failed on expression: 'pred(*previous, *i)'
Assertion failed on expression: 'pred(*previous, *i)'
Assertion failed on expression: 'pred(*previous, *i)'
Assertion failed on expression: 'pred(*previous, *i)'
Assertion failed on expression: 'pred(*previous, *i)'
Assertion failed on expression: 'pred(*previous, *i)'
Assertion failed on expression: 'pred(*previous, *i)'
Assertion failed on expression: 'pred(*previous, *i)'
Assertion failed on expression: 'pred(*previous, *i)'
Assertion failed on expression: 'pred(*previous, *i)'
Assertion failed on expression: 'pred(*previous, *i)'
Assertion failed on expression: 'pred(*previous, *i)'
Assertion failed on expression: 'pred(*previous, *i)'
Assertion failed on expression: 'pred(*previous, *i)'
Assertion failed on expression: 'pred(*previous, *i)'
Assertion failed on expression: 'pred(*previous, *i)'
Assertion failed on expression: 'pred(*previous, *i)'
Assertion failed on expression: 'pred(*previous, *i)'
Assertion failed on expression: 'pred(*previous, *i)'
Assertion failed on expression: 'pred(*previous, *i)'
Assertion failed on expression: 'pred(*previous, *i)'
Assertion failed on expression: 'pred(*previous, *i)'
Assertion failed on expression: 'pred(*previous, *i)'
Assertion failed on expression: 'pred(*previous, *i)'
Assertion failed on expression: 'pred(*previous, *i)'
Assertion failed on expression: 'pred(*previous, *i)'
Assertion failed on expression: 'pred(*previous, *i)'
Assertion failed on expression: 'pred(*previous, *i)'
Assertion failed on expression: 'pred(*previous, *i)'
Assertion failed on expression: 'pred(*previous, *i)'
Assertion failed on expression: 'pred(*previous, *i)'
Assertion failed on expression: 'pred(*previous, *i)'
Assertion failed on expression: 'pred(*previous, *i)'
Assertion failed on expression: 'pred(*previous, *i)'
Assertion failed on expression: 'pred(*previous, *i)'
Assertion failed on expression: 'pred(*previous, *i)'
Assertion failed on expression: 'pred(*previous, *i)'
Assertion failed on expression: 'pred(*previous, *i)'
Assertion failed on expression: 'pred(*previous, *i)'
Assertion failed on expression: 'pred(*previous, *i)'
Assertion failed on expression: 'pred(*previous, *i)'
Assertion failed on expression: 'pred(*previous, *i)'
Assertion failed on expression: 'pred(*previous, *i)'
Assertion failed on expression: 'pred(*previous, *i)'
Assertion failed on expression: 'pred(*previous, *i)'
Assertion failed on expression: 'pred(*previous, *i)'
Assertion failed on expression: 'pred(*previous, *i)'
Assertion failed on expression: 'pred(*previous, *i)'
Assertion failed on expression: 'pred(*previous, *i)'
Assertion failed on expression: 'pred(*previous, *i)'
Assertion failed on expression: 'pred(*previous, *i)'
Assertion failed on expression: 'pred(*previous, *i)'
Assertion failed on expression: 'pred(*previous, *i)'
Assertion failed on expression: 'pred(*previous, *i)'
Assertion failed on expression: 'pred(*previous, *i)'
Assertion failed on expression: 'pred(*previous, *i)'
Assertion failed on expression: 'pred(*previous, *i)'
Assertion failed on expression: 'pred(*previous, *i)'
Assertion failed on expression: 'pred(*previous, *i)'
Assertion failed on expression: 'pred(*previous, *i)'
Assertion failed on expression: 'pred(*previous, *i)'
Assertion failed on expression: 'pred(*previous, *i)'
Assertion failed on expression: 'pred(*previous, *i)'
Assertion failed on expression: 'pred(*previous, *i)'
Assertion failed on expression: 'pred(*previous, *i)'
Assertion failed on expression: 'pred(*previous, *i)'
Assertion failed on expression: 'pred(*previous, *i)'
Assertion failed on expression: 'pred(*previous, *i)'
Assertion failed on expression: 'pred(*previous, *i)'
Assertion failed on expression: 'pred(*previous, *i)'
Assertion failed on expression: 'pred(*previous, *i)'
Assertion failed on expression: 'pred(*previous, *i)'
Assertion failed on expression: 'pred(*previous, *i)'
Assertion failed on expression: 'pred(*previous, *i)'
Assertion failed on expression: 'pred(*previous, *i)'
Assertion failed on expression: 'pred(*previous, *i)'
Assertion failed on expression: 'pred(*previous, *i)'
Assertion failed on expression: 'pred(*previous, *i)'
Assertion failed on expression: 'pred(*previous, *i)'
Assertion failed on expression: 'pred(*previous, *i)'
Assertion failed on expression: 'pred(*previous, *i)'
Assertion failed on expression: 'pred(*previous, *i)'
Assertion failed on expression: 'pred(*previous, *i)'
Assertion failed on expression: 'pred(*previous, *i)'
Assertion failed on expression: 'pred(*previous, *i)'
Assertion failed on expression: 'pred(*previous, *i)'
Assertion failed on expression: 'pred(*previous, *i)'
Assertion failed on expression: 'pred(*previous, *i)'
Assertion failed on expression: 'pred(*previous, *i)'
Assertion failed on expression: 'pred(*previous, *i)'
Assertion failed on expression: 'pred(*previous, *i)'
Assertion failed on expression: 'pred(*previous, *i)'
Assertion failed on expression: 'pred(*previous, *i)'
Assertion failed on expression: 'pred(*previous, *i)'
Assertion failed on expression: 'pred(*previous, *i)'
Assertion failed on expression: 'pred(*previous, *i)'
Assertion failed on expression: 'pred(*previous, *i)'
Assertion failed on expression: 'pred(*previous, *i)'
Assertion failed on expression: 'pred(*previous, *i)'
Assertion failed on expression: 'pred(*previous, *i)'
Assertion failed on expression: 'pred(*previous, *i)'
Assertion failed on expression: 'pred(*previous, *i)'
Assertion failed on expression: 'pred(*previous, *i)'
Assertion failed on expression: 'pred(*previous, *i)'
Assertion failed on expression: 'pred(*previous, *i)'
Assertion failed on expression: 'pred(*previous, *i)'
Assertion failed on expression: 'pred(*previous, *i)'
Assertion failed on expression: 'pred(*previous, *i)'
Assertion failed on expression: 'pred(*previous, *i)'
Assertion failed on expression: 'pred(*previous, *i)'
Assertion failed on expression: 'pred(*previous, *i)'
Assertion failed on expression: 'pred(*previous, *i)'
Assertion failed on expression: 'pred(*previous, *i)'
Assertion failed on expression: 'pred(*previous, *i)'
Assertion failed on expression: 'pred(*previous, *i)'
Assertion failed on expression: 'pred(*previous, *i)'
Assertion failed on expression: 'pred(*previous, *i)'
Assertion failed on expression: 'pred(*previous, *i)'
Assertion failed on expression: 'pred(*previous, *i)'
Assertion failed on expression: 'pred(*previous, *i)'
Assertion failed on expression: 'pred(*previous, *i)'
Assertion failed on expression: 'pred(*previous, *i)'
Assertion failed on expression: 'pred(*previous, *i)'
Assertion failed on expression: 'pred(*previous, *i)'
Assertion failed on expression: 'pred(*previous, *i)'
Assertion failed on expression: 'pred(*previous, *i)'
Assertion failed on expression: 'pred(*previous, *i)'
Assertion failed on expression: 'pred(*previous, *i)'
Assertion failed on expression: 'pred(*previous, *i)'
Assertion failed on expression: 'pred(*previous, *i)'
Assertion failed on expression: 'pred(*previous, *i)'
Assertion failed on expression: 'pred(*previous, *i)'
Assertion failed on expression: 'pred(*previous, *i)'
Assertion failed on expression: 'pred(*previous, *i)'
Assertion failed on expression: 'pred(*previous, *i)'
Assertion failed on expression: 'pred(*previous, *i)'
Assertion failed on expression: 'pred(*previous, *i)'
Assertion failed on expression: 'pred(*previous, *i)'
Assertion failed on expression: 'pred(*previous, *i)'
Assertion failed on expression: 'pred(*previous, *i)'
Assertion failed on expression: 'pred(*previous, *i)'
Assertion failed on expression: 'pred(*previous, *i)'
Assertion failed on expression: 'pred(*previous, *i)'
Assertion failed on expression: 'pred(*previous, *i)'
Assertion failed on expression: 'pred(*previous, *i)'
Assertion failed on expression: 'pred(*previous, *i)'
Assertion failed on expression: 'pred(*previous, *i)'
Assertion failed on expression: 'pred(*previous, *i)'
Assertion failed on expression: 'pred(*previous, *i)'
Assertion failed on expression: 'pred(*previous, *i)'
Assertion failed on expression: 'pred(*previous, *i)'
Assertion failed on expression: 'pred(*previous, *i)'
Assertion failed on expression: 'pred(*previous, *i)'
Assertion failed on expression: 'pred(*previous, *i)'
Assertion failed on expression: 'pred(*previous, *i)'
Assertion failed on expression: 'pred(*previous, *i)'
Assertion failed on expression: 'pred(*previous, *i)'
Assertion failed on expression: 'pred(*previous, *i)'
Assertion failed on expression: 'pred(*previous, *i)'
Assertion failed on expression: 'pred(*previous, *i)'
Assertion failed on expression: 'pred(*previous, *i)'
Assertion failed on expression: 'pred(*previous, *i)'
Assertion failed on expression: 'pred(*previous, *i)'
Assertion failed on expression: 'pred(*previous, *i)'
Assertion failed on expression: 'pred(*previous, *i)'
Assertion failed on expression: 'pred(*previous, *i)'
Assertion failed on expression: 'pred(*previous, *i)'
Assertion failed on expression: 'pred(*previous, *i)'
Assertion failed on expression: 'pred(*previous, *i)'
Assertion failed on expression: 'pred(*previous, *i)'
Assertion failed on expression: 'pred(*previous, *i)'
Assertion failed on expression: 'pred(*previous, *i)'
Assertion failed on expression: 'pred(*previous, *i)'
Assertion failed on expression: 'pred(*previous, *i)'
Assertion failed on expression: 'pred(*previous, *i)'
Assertion failed on expression: 'pred(*previous, *i)'
Assertion failed on expression: 'pred(*previous, *i)'
Assertion failed on expression: 'pred(*previous, *i)'
Assertion failed on expression: 'pred(*previous, *i)'
Assertion failed on expression: 'pred(*previous, *i)'
Assertion failed on expression: 'pred(*previous, *i)'
Assertion failed on expression: 'pred(*previous, *i)'
Assertion failed on expression: 'pred(*previous, *i)'
Assertion failed on expression: 'pred(*previous, *i)'
Assertion failed on expression: 'pred(*previous, *i)'
Assertion failed on expression: 'pred(*previous, *i)'
Assertion failed on expression: 'pred(*previous, *i)'
Assertion failed on expression: 'pred(*previous, *i)'
Assertion failed on expression: 'pred(*previous, *i)'
Assertion failed on expression: 'pred(*previous, *i)'
Assertion failed on expression: 'pred(*previous, *i)'
Assertion failed on expression: 'pred(*previous, *i)'
Assertion failed on expression: 'pred(*previous, *i)'
Assertion failed on expression: 'pred(*previous, *i)'
Assertion failed on expression: 'pred(*previous, *i)'
Assertion failed on expression: 'pred(*previous, *i)'
Assertion failed on expression: 'pred(*previous, *i)'
Assertion failed on expression: 'pred(*previous, *i)'
Assertion failed on expression: 'pred(*previous, *i)'
Assertion failed on expression: 'pred(*previous, *i)'
Assertion failed on expression: 'pred(*previous, *i)'
Assertion failed on expression: 'pred(*previous, *i)'
Assertion failed on expression: 'pred(*previous, *i)'
Assertion failed on expression: 'pred(*previous, *i)'
Assertion failed on expression: 'pred(*previous, *i)'
Assertion failed on expression: 'pred(*previous, *i)'
Assertion failed on expression: 'pred(*previous, *i)'
Assertion failed on expression: 'pred(*previous, *i)'
Assertion failed on expression: 'pred(*previous, *i)'
Assertion failed on expression: 'pred(*previous, *i)'
Assertion failed on expression: 'pred(*previous, *i)'
Assertion failed on expression: 'pred(*previous, *i)'
Assertion failed on expression: 'pred(*previous, *i)'
Assertion failed on expression: 'pred(*previous, *i)'
Assertion failed on expression: 'pred(*previous, *i)'
Assertion failed on expression: 'pred(*previous, *i)'
Assertion failed on expression: 'pred(*previous, *i)'
Assertion failed on expression: 'pred(*previous, *i)'
Assertion failed on expression: 'pred(*previous, *i)'
Assertion failed on expression: 'pred(*previous, *i)'
Assertion failed on expression: 'pred(*previous, *i)'
Assertion failed on expression: 'pred(*previous, *i)'
Assertion failed on expression: 'pred(*previous, *i)'
Assertion failed on expression: 'pred(*previous, *i)'
Assertion failed on expression: 'pred(*previous, *i)'
Assertion failed on expression: 'pred(*previous, *i)'
Assertion failed on expression: 'pred(*previous, *i)'
Assertion failed on expression: 'pred(*previous, *i)'
Assertion failed on expression: 'pred(*previous, *i)'
Assertion failed on expression: 'pred(*previous, *i)'
Assertion failed on expression: 'pred(*previous, *i)'
Assertion failed on expression: 'pred(*previous, *i)'
Assertion failed on expression: 'pred(*previous, *i)'
Assertion failed on expression: 'pred(*previous, *i)'
Assertion failed on expression: 'pred(*previous, *i)'
Assertion failed on expression: 'pred(*previous, *i)'
Assertion failed on expression: 'pred(*previous, *i)'
Assertion failed on expression: 'pred(*previous, *i)'
Assertion failed on expression: 'pred(*previous, *i)'
Assertion failed on expression: 'pred(*previous, *i)'
Assertion failed on expression: 'pred(*previous, *i)'
Assertion failed on expression: 'pred(*previous, *i)'
Assertion failed on expression: 'pred(*previous, *i)'
Assertion failed on expression: 'pred(*previous, *i)'
Assertion failed on expression: 'pred(*previous, *i)'
Assertion failed on expression: 'pred(*previous, *i)'
Assertion failed on expression: 'pred(*previous, *i)'
Assertion failed on expression: 'pred(*previous, *i)'
Assertion failed on expression: 'pred(*previous, *i)'
Assertion failed on expression: 'pred(*previous, *i)'
Assertion failed on expression: 'pred(*previous, *i)'
Assertion failed on expression: 'pred(*previous, *i)'
Assertion failed on expression: 'pred(*previous, *i)'
Assertion failed on expression: 'pred(*previous, *i)'
Assertion failed on expression: 'pred(*previous, *i)'
Assertion failed on expression: 'pred(*previous, *i)'
Assertion failed on expression: 'pred(*previous, *i)'
Assertion failed on expression: 'pred(*previous, *i)'
Assertion failed on expression: 'pred(*previous, *i)'
Assertion failed on expression: 'pred(*previous, *i)'
Assertion failed on expression: 'pred(*previous, *i)'
Assertion failed on expression: 'pred(*previous, *i)'
Assertion failed on expression: 'pred(*previous, *i)'
Assertion failed on expression: 'pred(*previous, *i)'
Assertion failed on expression: 'pred(*previous, *i)'
Assertion failed on expression: 'pred(*previous, *i)'
Assertion failed on expression: 'pred(*previous, *i)'
Assertion failed on expression: 'pred(*previous, *i)'
Assertion failed on expression: 'pred(*previous, *i)'
Assertion failed on expression: 'pred(*previous, *i)'
Assertion failed on expression: 'pred(*previous, *i)'
Assertion failed on expression: 'pred(*previous, *i)'
Assertion failed on expression: 'pred(*previous, *i)'
Assertion failed on expression: 'pred(*previous, *i)'
Assertion failed on expression: 'pred(*previous, *i)'
Assertion failed on expression: 'pred(*previous, *i)'
Assertion failed on expression: 'pred(*previous, *i)'
Assertion failed on expression: 'pred(*previous, *i)'
Assertion failed on expression: 'pred(*previous, *i)'
Assertion failed on expression: 'pred(*previous, *i)'
Assertion failed on expression: 'pred(*previous, *i)'
Assertion failed on expression: 'pred(*previous, *i)'
Assertion failed on expression: 'pred(*previous, *i)'
Assertion failed on expression: 'pred(*previous, *i)'
Assertion failed on expression: 'pred(*previous, *i)'
Assertion failed on expression: 'pred(*previous, *i)'
Assertion failed on expression: 'pred(*previous, *i)'
Assertion failed on expression: 'pred(*previous, *i)'
Assertion failed on expression: 'pred(*previous, *i)'
Assertion failed on expression: 'pred(*previous, *i)'
Assertion failed on expression: 'pred(*previous, *i)'
Assertion failed on expression: 'pred(*previous, *i)'
Assertion failed on expression: 'pred(*previous, *i)'
Assertion failed on expression: 'pred(*previous, *i)'
Assertion failed on expression: 'pred(*previous, *i)'
Assertion failed on expression: 'pred(*previous, *i)'
Assertion failed on expression: 'pred(*previous, *i)'
Assertion failed on expression: 'pred(*previous, *i)'
Assertion failed on expression: 'pred(*previous, *i)'
Assertion failed on expression: 'pred(*previous, *i)'
Assertion failed on expression: 'pred(*previous, *i)'
Assertion failed on expression: 'pred(*previous, *i)'
Assertion failed on expression: 'pred(*previous, *i)'
Assertion failed on expression: 'pred(*previous, *i)'
Assertion failed on expression: 'pred(*previous, *i)'
Assertion failed on expression: 'pred(*previous, *i)'
Assertion failed on expression: 'pred(*previous, *i)'
Assertion failed on expression: 'pred(*previous, *i)'
Assertion failed on expression: 'pred(*previous, *i)'
Assertion failed on expression: 'pred(*previous, *i)'
Assertion failed on expression: 'pred(*previous, *i)'
Assertion failed on expression: 'pred(*previous, *i)'
Assertion failed on expression: 'pred(*previous, *i)'
Assertion failed on expression: 'pred(*previous, *i)'
Assertion failed on expression: 'pred(*previous, *i)'
Assertion failed on expression: 'pred(*previous, *i)'
Assertion failed on expression: 'pred(*previous, *i)'
Assertion failed on expression: 'pred(*previous, *i)'
Assertion failed on expression: 'pred(*previous, *i)'
Assertion failed on expression: 'pred(*previous, *i)'
Assertion failed on expression: 'pred(*previous, *i)'
Assertion failed on expression: 'pred(*previous, *i)'
Assertion failed on expression: 'pred(*previous, *i)'
Assertion failed on expression: 'pred(*previous, *i)'
Assertion failed on expression: 'pred(*previous, *i)'
Assertion failed on expression: 'pred(*previous, *i)'
Assertion failed on expression: 'pred(*previous, *i)'
Assertion failed on expression: 'pred(*previous, *i)'
Assertion failed on expression: 'pred(*previous, *i)'
Assertion failed on expression: 'pred(*previous, *i)'
Assertion failed on expression: 'pred(*previous, *i)'
Assertion failed on expression: 'pred(*previous, *i)'
Assertion failed on expression: 'pred(*previous, *i)'
Assertion failed on expression: 'pred(*previous, *i)'
Assertion failed on expression: 'pred(*previous, *i)'
Assertion failed on expression: 'pred(*previous, *i)'
Assertion failed on expression: 'pred(*previous, *i)'
Assertion failed on expression: 'pred(*previous, *i)'
Assertion failed on expression: 'pred(*previous, *i)'
Assertion failed on expression: 'pred(*previous, *i)'
Assertion failed on expression: 'pred(*previous, *i)'
Assertion failed on expression: 'pred(*previous, *i)'
Assertion failed on expression: 'pred(*previous, *i)'
Assertion failed on expression: 'pred(*previous, *i)'
Assertion failed on expression: 'pred(*previous, *i)'
Assertion failed on expression: 'pred(*previous, *i)'
Assertion failed on expression: 'pred(*previous, *i)'
Assertion failed on expression: 'pred(*previous, *i)'
Assertion failed on expression: 'pred(*previous, *i)'
Assertion failed on expression: 'pred(*previous, *i)'
Assertion failed on expression: 'pred(*previous, *i)'
Assertion failed on expression: 'pred(*previous, *i)'
Assertion failed on expression: 'pred(*previous, *i)'
Assertion failed on expression: 'pred(*previous, *i)'
Assertion failed on expression: 'pred(*previous, *i)'
Assertion failed on expression: 'pred(*previous, *i)'
Assertion failed on expression: 'pred(*previous, *i)'
Assertion failed on expression: 'pred(*previous, *i)'
Assertion failed on expression: 'pred(*previous, *i)'
Assertion failed on expression: 'pred(*previous, *i)'
Assertion failed on expression: 'pred(*previous, *i)'
Assertion failed on expression: 'pred(*previous, *i)'
Assertion failed on expression: 'pred(*previous, *i)'
Assertion failed on expression: 'pred(*previous, *i)'
Assertion failed on expression: 'pred(*previous, *i)'
Assertion failed on expression: 'pred(*previous, *i)'
Assertion failed on expression: 'pred(*previous, *i)'
Assertion failed on expression: 'pred(*previous, *i)'
Assertion failed on expression: 'pred(*previous, *i)'
Assertion failed on expression: 'pred(*previous, *i)'
Assertion failed on expression: 'pred(*previous, *i)'
Assertion failed on expression: 'pred(*previous, *i)'
Assertion failed on expression: 'pred(*previous, *i)'
Assertion failed on expression: 'pred(*previous, *i)'
Assertion failed on expression: 'pred(*previous, *i)'
Assertion failed on expression: 'pred(*previous, *i)'
Assertion failed on expression: 'pred(*previous, *i)'
Assertion failed on expression: 'pred(*previous, *i)'
Assertion failed on expression: 'pred(*previous, *i)'
Assertion failed on expression: 'pred(*previous, *i)'
Assertion failed on expression: 'pred(*previous, *i)'
Assertion failed on expression: 'pred(*previous, *i)'
Assertion failed on expression: 'pred(*previous, *i)'
Assertion failed on expression: 'pred(*previous, *i)'
Assertion failed on expression: 'pred(*previous, *i)'
Assertion failed on expression: 'pred(*previous, *i)'
Assertion failed on expression: 'pred(*previous, *i)'
Assertion failed on expression: 'pred(*previous, *i)'
Assertion failed on expression: 'pred(*previous, *i)'
Assertion failed on expression: 'pred(*previous, *i)'
Assertion failed on expression: 'pred(*previous, *i)'
Assertion failed on expression: 'pred(*previous, *i)'
Assertion failed on expression: 'pred(*previous, *i)'
Assertion failed on expression: 'pred(*previous, *i)'
Assertion failed on expression: 'pred(*previous, *i)'
Assertion failed on expression: 'pred(*previous, *i)'
Assertion failed on expression: 'pred(*previous, *i)'
Assertion failed on expression: 'pred(*previous, *i)'
Assertion failed on expression: 'pred(*previous, *i)'
Assertion failed on expression: 'pred(*previous, *i)'
Assertion failed on expression: 'pred(*previous, *i)'
Assertion failed on expression: 'pred(*previous, *i)'
Assertion failed on expression: 'pred(*previous, *i)'
Assertion failed on expression: 'pred(*previous, *i)'
Assertion failed on expression: 'pred(*previous, *i)'
Assertion failed on expression: 'pred(*previous, *i)'
Assertion failed on expression: 'pred(*previous, *i)'
Assertion failed on expression: 'pred(*previous, *i)'
Assertion failed on expression: 'pred(*previous, *i)'
Assertion failed on expression: 'pred(*previous, *i)'
Assertion failed on expression: 'pred(*previous, *i)'
Assertion failed on expression: 'pred(*previous, *i)'
Assertion failed on expression: 'pred(*previous, *i)'
Assertion failed on expression: 'pred(*previous, *i)'
Assertion failed on expression: 'pred(*previous, *i)'
Assertion failed on expression: 'pred(*previous, *i)'
Assertion failed on expression: 'pred(*previous, *i)'
Assertion failed on expression: 'pred(*previous, *i)'
Assertion failed on expression: 'pred(*previous, *i)'
Assertion failed on expression: 'pred(*previous, *i)'
Assertion failed on expression: 'pred(*previous, *i)'
Assertion failed on expression: 'pred(*previous, *i)'
Assertion failed on expression: 'pred(*previous, *i)'
Assertion failed on expression: 'pred(*previous, *i)'
Assertion failed on expression: 'pred(*previous, *i)'
Assertion failed on expression: 'pred(*previous, *i)'
Assertion failed on expression: 'pred(*previous, *i)'
Assertion failed on expression: 'pred(*previous, *i)'
Assertion failed on expression: 'pred(*previous, *i)'
Assertion failed on expression: 'pred(*previous, *i)'
Assertion failed on expression: 'pred(*previous, *i)'
Assertion failed on expression: 'pred(*previous, *i)'
Assertion failed on expression: 'pred(*previous, *i)'
Assertion failed on expression: 'pred(*previous, *i)'
Assertion failed on expression: 'pred(*previous, *i)'
Assertion failed on expression: 'pred(*previous, *i)'
Assertion failed on expression: 'pred(*previous, *i)'
Assertion failed on expression: 'pred(*previous, *i)'
Assertion failed on expression: 'pred(*previous, *i)'
Assertion failed on expression: 'pred(*previous, *i)'
Assertion failed on expression: 'pred(*previous, *i)'
Assertion failed on expression: 'pred(*previous, *i)'
Assertion failed on expression: 'pred(*previous, *i)'
Assertion failed on expression: 'pred(*previous, *i)'
Assertion failed on expression: 'pred(*previous, *i)'
Assertion failed on expression: 'pred(*previous, *i)'
Assertion failed on expression: 'pred(*previous, *i)'
Assertion failed on expression: 'pred(*previous, *i)'
Assertion failed on expression: 'pred(*previous, *i)'
Assertion failed on expression: 'pred(*previous, *i)'
Assertion failed on expression: 'pred(*previous, *i)'
Assertion failed on expression: 'pred(*previous, *i)'
Assertion failed on expression: 'pred(*previous, *i)'
Assertion failed on expression: 'pred(*previous, *i)'
Assertion failed on expression: 'pred(*previous, *i)'
Assertion failed on expression: 'pred(*previous, *i)'
Assertion failed on expression: 'pred(*previous, *i)'
Assertion failed on expression: 'pred(*previous, *i)'
Assertion failed on expression: 'pred(*previous, *i)'
Assertion failed on expression: 'pred(*previous, *i)'
Assertion failed on expression: 'pred(*previous, *i)'
Assertion failed on expression: 'pred(*previous, *i)'
Assertion failed on expression: 'pred(*previous, *i)'
Assertion failed on expression: 'pred(*previous, *i)'
Assertion failed on expression: 'pred(*previous, *i)'
Assertion failed on expression: 'pred(*previous, *i)'
Assertion failed on expression: 'pred(*previous, *i)'
Assertion failed on expression: 'pred(*previous, *i)'
Assertion failed on expression: 'pred(*previous, *i)'
Assertion failed on expression: 'pred(*previous, *i)'
Assertion failed on expression: 'pred(*previous, *i)'
Assertion failed on expression: 'pred(*previous, *i)'
Assertion failed on expression: 'pred(*previous, *i)'
Assertion failed on expression: 'pred(*previous, *i)'
Assertion failed on expression: 'pred(*previous, *i)'
Assertion failed on expression: 'pred(*previous, *i)'
Assertion failed on expression: 'pred(*previous, *i)'
Assertion failed on expression: 'pred(*previous, *i)'
Assertion failed on expression: 'pred(*previous, *i)'
Assertion failed on expression: 'pred(*previous, *i)'
Assertion failed on expression: 'pred(*previous, *i)'
Assertion failed on expression: 'pred(*previous, *i)'
Assertion failed on expression: 'pred(*previous, *i)'
Assertion failed on expression: 'pred(*previous, *i)'
Assertion failed on expression: 'pred(*previous, *i)'
Assertion failed on expression: 'pred(*previous, *i)'
Assertion failed on expression: 'pred(*previous, *i)'
Assertion failed on expression: 'pred(*previous, *i)'
Assertion failed on expression: 'pred(*previous, *i)'
Assertion failed on expression: 'pred(*previous, *i)'
Assertion failed on expression: 'pred(*previous, *i)'
Assertion failed on expression: 'pred(*previous, *i)'
Assertion failed on expression: 'pred(*previous, *i)'
Assertion failed on expression: 'pred(*previous, *i)'
Assertion failed on expression: 'pred(*previous, *i)'
Assertion failed on expression: 'pred(*previous, *i)'
Assertion failed on expression: 'pred(*previous, *i)'
Assertion failed on expression: 'pred(*previous, *i)'
Assertion failed on expression: 'pred(*previous, *i)'
Assertion failed on expression: 'pred(*previous, *i)'
Assertion failed on expression: 'pred(*previous, *i)'
Assertion failed on expression: 'pred(*previous, *i)'
Assertion failed on expression: 'pred(*previous, *i)'
Assertion failed on expression: 'pred(*previous, *i)'
Assertion failed on expression: 'pred(*previous, *i)'
Assertion failed on expression: 'pred(*previous, *i)'
Assertion failed on expression: 'pred(*previous, *i)'
Assertion failed on expression: 'pred(*previous, *i)'
Assertion failed on expression: 'pred(*previous, *i)'
Assertion failed on expression: 'pred(*previous, *i)'
Assertion failed on expression: 'pred(*previous, *i)'
Assertion failed on expression: 'pred(*previous, *i)'
Assertion failed on expression: 'pred(*previous, *i)'
Assertion failed on expression: 'pred(*previous, *i)'
Assertion failed on expression: 'pred(*previous, *i)'
Assertion failed on expression: 'pred(*previous, *i)'
Assertion failed on expression: 'pred(*previous, *i)'
Assertion failed on expression: 'pred(*previous, *i)'
Assertion failed on expression: 'pred(*previous, *i)'
Assertion failed on expression: 'pred(*previous, *i)'
Assertion failed on expression: 'pred(*previous, *i)'
Assertion failed on expression: 'pred(*previous, *i)'
Assertion failed on expression: 'pred(*previous, *i)'
Assertion failed on expression: 'pred(*previous, *i)'
Assertion failed on expression: 'pred(*previous, *i)'
Assertion failed on expression: 'pred(*previous, *i)'
Assertion failed on expression: 'pred(*previous, *i)'
Assertion failed on expression: 'pred(*previous, *i)'
Assertion failed on expression: 'pred(*previous, *i)'
Assertion failed on expression: 'pred(*previous, *i)'
Assertion failed on expression: 'pred(*previous, *i)'
Assertion failed on expression: 'pred(*previous, *i)'
Assertion failed on expression: 'pred(*previous, *i)'
Assertion failed on expression: 'pred(*previous, *i)'
Assertion failed on expression: 'pred(*previous, *i)'
Assertion failed on expression: 'pred(*previous, *i)'
Assertion failed on expression: 'pred(*previous, *i)'
Assertion failed on expression: 'pred(*previous, *i)'
Assertion failed on expression: 'pred(*previous, *i)'
Assertion failed on expression: 'pred(*previous, *i)'
Assertion failed on expression: 'pred(*previous, *i)'
Assertion failed on expression: 'pred(*previous, *i)'
Assertion failed on expression: 'pred(*previous, *i)'
Assertion failed on expression: 'pred(*previous, *i)'
Assertion failed on expression: 'pred(*previous, *i)'
Assertion failed on expression: 'pred(*previous, *i)'
Assertion failed on expression: 'pred(*previous, *i)'
Assertion failed on expression: 'pred(*previous, *i)'
Assertion failed on expression: 'pred(*previous, *i)'
Assertion failed on expression: 'pred(*previous, *i)'
Assertion failed on expression: 'pred(*previous, *i)'
Assertion failed on expression: 'pred(*previous, *i)'
Assertion failed on expression: 'pred(*previous, *i)'
Assertion failed on expression: 'pred(*previous, *i)'
Assertion failed on expression: 'pred(*previous, *i)'
Assertion failed on expression: 'pred(*previous, *i)'
Assertion failed on expression: 'pred(*previous, *i)'
Assertion failed on expression: 'pred(*previous, *i)'
Assertion failed on expression: 'pred(*previous, *i)'
Assertion failed on expression: 'pred(*previous, *i)'
Assertion failed on expression: 'pred(*previous, *i)'
Assertion failed on expression: 'pred(*previous, *i)'
Assertion failed on expression: 'pred(*previous, *i)'
Assertion failed on expression: 'pred(*previous, *i)'
Assertion failed on expression: 'pred(*previous, *i)'
Assertion failed on expression: 'pred(*previous, *i)'
Assertion failed on expression: 'pred(*previous, *i)'
Assertion failed on expression: 'pred(*previous, *i)'
Assertion failed on expression: 'pred(*previous, *i)'
Assertion failed on expression: 'pred(*previous, *i)'
Assertion failed on expression: 'pred(*previous, *i)'
Assertion failed on expression: 'pred(*previous, *i)'
Assertion failed on expression: 'pred(*previous, *i)'
Assertion failed on expression: 'pred(*previous, *i)'
Assertion failed on expression: 'pred(*previous, *i)'
Assertion failed on expression: 'pred(*previous, *i)'
Assertion failed on expression: 'pred(*previous, *i)'
Assertion failed on expression: 'pred(*previous, *i)'
Assertion failed on expression: 'pred(*previous, *i)'
Assertion failed on expression: 'pred(*previous, *i)'
Assertion failed on expression: 'pred(*previous, *i)'
Assertion failed on expression: 'pred(*previous, *i)'
Assertion failed on expression: 'pred(*previous, *i)'
Assertion failed on expression: 'pred(*previous, *i)'
Assertion failed on expression: 'pred(*previous, *i)'
Assertion failed on expression: 'pred(*previous, *i)'
Assertion failed on expression: 'pred(*previous, *i)'
Assertion failed on expression: 'pred(*previous, *i)'
Assertion failed on expression: 'pred(*previous, *i)'
Assertion failed on expression: 'pred(*previous, *i)'
Assertion failed on expression: 'pred(*previous, *i)'
Assertion failed on expression: 'pred(*previous, *i)'
Assertion failed on expression: 'pred(*previous, *i)'
Assertion failed on expression: 'pred(*previous, *i)'
Assertion failed on expression: 'pred(*previous, *i)'
Assertion failed on expression: 'pred(*previous, *i)'
Assertion failed on expression: 'pred(*previous, *i)'
Assertion failed on expression: 'pred(*previous, *i)'
Assertion failed on expression: 'pred(*previous, *i)'
Assertion failed on expression: 'pred(*previous, *i)'
Assertion failed on expression: 'pred(*previous, *i)'
Assertion failed on expression: 'pred(*previous, *i)'
Assertion failed on expression: 'pred(*previous, *i)'
Assertion failed on expression: 'pred(*previous, *i)'
Assertion failed on expression: 'pred(*previous, *i)'
Assertion failed on expression: 'pred(*previous, *i)'
Assertion failed on expression: 'pred(*previous, *i)'
Assertion failed on expression: 'pred(*previous, *i)'
Assertion failed on expression: 'pred(*previous, *i)'
Assertion failed on expression: 'pred(*previous, *i)'
Assertion failed on expression: 'pred(*previous, *i)'
Assertion failed on expression: 'pred(*previous, *i)'
Assertion failed on expression: 'pred(*previous, *i)'
Assertion failed on expression: 'pred(*previous, *i)'
Assertion failed on expression: 'pred(*previous, *i)'
Assertion failed on expression: 'pred(*previous, *i)'
Assertion failed on expression: 'pred(*previous, *i)'
Assertion failed on expression: 'pred(*previous, *i)'
Assertion failed on expression: 'pred(*previous, *i)'
Assertion failed on expression: 'pred(*previous, *i)'
Assertion failed on expression: 'pred(*previous, *i)'
Assertion failed on expression: 'pred(*previous, *i)'
Assertion failed on expression: 'pred(*previous, *i)'
Assertion failed on expression: 'pred(*previous, *i)'
Assertion failed on expression: 'pred(*previous, *i)'
Assertion failed on expression: 'pred(*previous, *i)'
Assertion failed on expression: 'pred(*previous, *i)'
Assertion failed on expression: 'pred(*previous, *i)'
Assertion failed on expression: 'pred(*previous, *i)'
Assertion failed on expression: 'pred(*previous, *i)'
Assertion failed on expression: 'pred(*previous, *i)'
Assertion failed on expression: 'pred(*previous, *i)'
Assertion failed on expression: 'pred(*previous, *i)'
Assertion failed on expression: 'pred(*previous, *i)'
Assertion failed on expression: 'pred(*previous, *i)'
Assertion failed on expression: 'pred(*previous, *i)'
Assertion failed on expression: 'pred(*previous, *i)'
Assertion failed on expression: 'pred(*previous, *i)'
Assertion failed on expression: 'pred(*previous, *i)'
Assertion failed on expression: 'pred(*previous, *i)'
Assertion failed on expression: 'pred(*previous, *i)'
Assertion failed on expression: 'pred(*previous, *i)'
Assertion failed on expression: 'pred(*previous, *i)'
Assertion failed on expression: 'pred(*previous, *i)'
Assertion failed on expression: 'pred(*previous, *i)'
Assertion failed on expression: 'pred(*previous, *i)'
Assertion failed on expression: 'pred(*previous, *i)'
Assertion failed on expression: 'pred(*previous, *i)'
Assertion failed on expression: 'pred(*previous, *i)'
Assertion failed on expression: 'pred(*previous, *i)'
Assertion failed on expression: 'pred(*previous, *i)'
Assertion failed on expression: 'pred(*previous, *i)'
Assertion failed on expression: 'pred(*previous, *i)'
Assertion failed on expression: 'pred(*previous, *i)'
Assertion failed on expression: 'pred(*previous, *i)'
Assertion failed on expression: 'pred(*previous, *i)'
Assertion failed on expression: 'pred(*previous, *i)'
Assertion failed on expression: 'pred(*previous, *i)'
Assertion failed on expression: 'pred(*previous, *i)'
Assertion failed on expression: 'pred(*previous, *i)'
Assertion failed on expression: 'pred(*previous, *i)'
Assertion failed on expression: 'pred(*previous, *i)'
Assertion failed on expression: 'pred(*previous, *i)'
Assertion failed on expression: 'pred(*previous, *i)'
Assertion failed on expression: 'pred(*previous, *i)'
Assertion failed on expression: 'pred(*previous, *i)'
Assertion failed on expression: 'pred(*previous, *i)'
Assertion failed on expression: 'pred(*previous, *i)'
Assertion failed on expression: 'pred(*previous, *i)'
Assertion failed on expression: 'pred(*previous, *i)'
Assertion failed on expression: 'pred(*previous, *i)'
Assertion failed on expression: 'pred(*previous, *i)'
Assertion failed on expression: 'pred(*previous, *i)'
Assertion failed on expression: 'pred(*previous, *i)'
Assertion failed on expression: 'pred(*previous, *i)'
Assertion failed on expression: 'pred(*previous, *i)'
Assertion failed on expression: 'pred(*previous, *i)'
Assertion failed on expression: 'pred(*previous, *i)'
Assertion failed on expression: 'pred(*previous, *i)'
Assertion failed on expression: 'pred(*previous, *i)'
Assertion failed on expression: 'pred(*previous, *i)'
Assertion failed on expression: 'pred(*previous, *i)'
Assertion failed on expression: 'pred(*previous, *i)'
Assertion failed on expression: 'pred(*previous, *i)'
Assertion failed on expression: 'pred(*previous, *i)'
Assertion failed on expression: 'pred(*previous, *i)'
Assertion failed on expression: 'pred(*previous, *i)'
Assertion failed on expression: 'pred(*previous, *i)'
Assertion failed on expression: 'pred(*previous, *i)'
Assertion failed on expression: 'pred(*previous, *i)'
Assertion failed on expression: 'pred(*previous, *i)'
Assertion failed on expression: 'pred(*previous, *i)'
Assertion failed on expression: 'pred(*previous, *i)'
Assertion failed on expression: 'pred(*previous, *i)'
Assertion failed on expression: 'pred(*previous, *i)'
Assertion failed on expression: 'pred(*previous, *i)'
Assertion failed on expression: 'pred(*previous, *i)'
Assertion failed on expression: 'pred(*previous, *i)'
Assertion failed on expression: 'pred(*previous, *i)'
Assertion failed on expression: 'pred(*previous, *i)'
Assertion failed on expression: 'pred(*previous, *i)'
Assertion failed on expression: 'pred(*previous, *i)'
Assertion failed on expression: 'pred(*previous, *i)'
Assertion failed on expression: 'pred(*previous, *i)'
Assertion failed on expression: 'pred(*previous, *i)'
Assertion failed on expression: 'pred(*previous, *i)'
Assertion failed on expression: 'pred(*previous, *i)'
Assertion failed on expression: 'pred(*previous, *i)'
Assertion failed on expression: 'pred(*previous, *i)'
Assertion failed on expression: 'pred(*previous, *i)'
Assertion failed on expression: 'pred(*previous, *i)'
Assertion failed on expression: 'pred(*previous, *i)'
Assertion failed on expression: 'pred(*previous, *i)'
Assertion failed on expression: 'pred(*previous, *i)'
Assertion failed on expression: 'pred(*previous, *i)'
Assertion failed on expression: 'pred(*previous, *i)'
Assertion failed on expression: 'pred(*previous, *i)'
Assertion failed on expression: 'pred(*previous, *i)'
Assertion failed on expression: 'pred(*previous, *i)'
Assertion failed on expression: 'pred(*previous, *i)'
Assertion failed on expression: 'pred(*previous, *i)'
Assertion failed on expression: 'pred(*previous, *i)'
Assertion failed on expression: 'pred(*previous, *i)'
Assertion failed on expression: 'pred(*previous, *i)'
Assertion failed on expression: 'pred(*previous, *i)'
Assertion failed on expression: 'pred(*previous, *i)'
Assertion failed on expression: 'pred(*previous, *i)'
Assertion failed on expression: 'pred(*previous, *i)'
Assertion failed on expression: 'pred(*previous, *i)'
Assertion failed on expression: 'pred(*previous, *i)'
Assertion failed on expression: 'pred(*previous, *i)'
Assertion failed on expression: 'pred(*previous, *i)'
Assertion failed on expression: 'pred(*previous, *i)'
Assertion failed on expression: 'pred(*previous, *i)'
Assertion failed on expression: 'pred(*previous, *i)'
Assertion failed on expression: 'pred(*previous, *i)'
Assertion failed on expression: 'pred(*previous, *i)'
Assertion failed on expression: 'pred(*previous, *i)'
Assertion failed on expression: 'pred(*previous, *i)'
Assertion failed on expression: 'pred(*previous, *i)'
Assertion failed on expression: 'pred(*previous, *i)'
Assertion failed on expression: 'pred(*previous, *i)'
Assertion failed on expression: 'pred(*previous, *i)'
Assertion failed on expression: 'pred(*previous, *i)'
Assertion failed on expression: 'pred(*previous, *i)'
Assertion failed on expression: 'pred(*previous, *i)'
Assertion failed on expression: 'pred(*previous, *i)'
Assertion failed on expression: 'pred(*previous, *i)'
Assertion failed on expression: 'pred(*previous, *i)'
Assertion failed on expression: 'pred(*previous, *i)'
Assertion failed on expression: 'pred(*previous, *i)'
Assertion failed on expression: 'pred(*previous, *i)'
Assertion failed on expression: 'pred(*previous, *i)'
Assertion failed on expression: 'pred(*previous, *i)'
Assertion failed on expression: 'pred(*previous, *i)'
Assertion failed on expression: 'pred(*previous, *i)'
Assertion failed on expression: 'pred(*previous, *i)'
Assertion failed on expression: 'pred(*previous, *i)'
Assertion failed on expression: 'pred(*previous, *i)'
Assertion failed on expression: 'pred(*previous, *i)'
Assertion failed on expression: 'pred(*previous, *i)'
Assertion failed on expression: 'pred(*previous, *i)'
Assertion failed on expression: 'pred(*previous, *i)'
Assertion failed on expression: 'pred(*previous, *i)'
Assertion failed on expression: 'pred(*previous, *i)'
Assertion failed on expression: 'pred(*previous, *i)'
Assertion failed on expression: 'pred(*previous, *i)'
Assertion failed on expression: 'pred(*previous, *i)'
Assertion failed on expression: 'pred(*previous, *i)'
Assertion failed on expression: 'pred(*previous, *i)'
Assertion failed on expression: 'pred(*previous, *i)'
Assertion failed on expression: 'pred(*previous, *i)'
Assertion failed on expression: 'pred(*previous, *i)'
Assertion failed on expression: 'pred(*previous, *i)'
Assertion failed on expression: 'pred(*previous, *i)'
Assertion failed on expression: 'pred(*previous, *i)'
Assertion failed on expression: 'pred(*previous, *i)'
Assertion failed on expression: 'pred(*previous, *i)'
Assertion failed on expression: 'pred(*previous, *i)'
Assertion failed on expression: 'pred(*previous, *i)'
Assertion failed on expression: 'pred(*previous, *i)'
Assertion failed on expression: 'pred(*previous, *i)'
Assertion failed on expression: 'pred(*previous, *i)'
Assertion failed on expression: 'pred(*previous, *i)'
Assertion failed on expression: 'pred(*previous, *i)'
Assertion failed on expression: 'pred(*previous, *i)'
Assertion failed on expression: 'pred(*previous, *i)'
Assertion failed on expression: 'pred(*previous, *i)'
Assertion failed on expression: 'pred(*previous, *i)'
Assertion failed on expression: 'pred(*previous, *i)'
Assertion failed on expression: 'pred(*previous, *i)'
Assertion failed on expression: 'pred(*previous, *i)'
Assertion failed on expression: 'pred(*previous, *i)'
Assertion failed on expression: 'pred(*previous, *i)'
Assertion failed on expression: 'pred(*previous, *i)'
Assertion failed on expression: 'pred(*previous, *i)'
Assertion failed on expression: 'pred(*previous, *i)'
Assertion failed on expression: 'pred(*previous, *i)'
Assertion failed on expression: 'pred(*previous, *i)'
Assertion failed on expression: 'pred(*previous, *i)'
Assertion failed on expression: 'pred(*previous, *i)'
Assertion failed on expression: 'pred(*previous, *i)'
Assertion failed on expression: 'pred(*previous, *i)'
Assertion failed on expression: 'pred(*previous, *i)'
Assertion failed on expression: 'pred(*previous, *i)'
Assertion failed on expression: 'pred(*previous, *i)'
Assertion failed on expression: 'pred(*previous, *i)'
Assertion failed on expression: 'pred(*previous, *i)'
Assertion failed on expression: 'pred(*previous, *i)'
Assertion failed on expression: 'pred(*previous, *i)'
Assertion failed on expression: 'pred(*previous, *i)'
Assertion failed on expression: 'pred(*previous, *i)'
Assertion failed on expression: 'pred(*previous, *i)'
Assertion failed on expression: 'pred(*previous, *i)'
Assertion failed on expression: 'pred(*previous, *i)'
Assertion failed on expression: 'pred(*previous, *i)'
Assertion failed on expression: 'pred(*previous, *i)'
Assertion failed on expression: 'pred(*previous, *i)'
Assertion failed on expression: 'pred(*previous, *i)'
Assertion failed on expression: 'pred(*previous, *i)'
Assertion failed on expression: 'pred(*previous, *i)'
Assertion failed on expression: 'pred(*previous, *i)'
Assertion failed on expression: 'pred(*previous, *i)'
Assertion failed on expression: 'pred(*previous, *i)'
Assertion failed on expression: 'pred(*previous, *i)'
Assertion failed on expression: 'pred(*previous, *i)'
Assertion failed on expression: 'pred(*previous, *i)'
Assertion failed on expression: 'pred(*previous, *i)'
Assertion failed on expression: 'pred(*previous, *i)'
Assertion failed on expression: 'pred(*previous, *i)'
Assertion failed on expression: 'pred(*previous, *i)'
Assertion failed on expression: 'pred(*previous, *i)'
Assertion failed on expression: 'pred(*previous, *i)'
Assertion failed on expression: 'pred(*previous, *i)'
Assertion failed on expression: 'pred(*previous, *i)'
Assertion failed on expression: 'pred(*previous, *i)'
Assertion failed on expression: 'pred(*previous, *i)'
Assertion failed on expression: 'pred(*previous, *i)'
Assertion failed on expression: 'pred(*previous, *i)'
Assertion failed on expression: 'pred(*previous, *i)'
Assertion failed on expression: 'pred(*previous, *i)'
Assertion failed on expression: 'pred(*previous, *i)'
Assertion failed on expression: 'pred(*previous, *i)'
Assertion failed on expression: 'pred(*previous, *i)'
Assertion failed on expression: 'pred(*previous, *i)'
Assertion failed on expression: 'pred(*previous, *i)'
Assertion failed on expression: 'pred(*previous, *i)'
Assertion failed on expression: 'pred(*previous, *i)'
Assertion failed on expression: 'pred(*previous, *i)'
Assertion failed on expression: 'pred(*previous, *i)'
Assertion failed on expression: 'pred(*previous, *i)'
Assertion failed on expression: 'pred(*previous, *i)'
Assertion failed on expression: 'pred(*previous, *i)'
Assertion failed on expression: 'pred(*previous, *i)'
Assertion failed on expression: 'pred(*previous, *i)'
Assertion failed on expression: 'pred(*previous, *i)'
Assertion failed on expression: 'pred(*previous, *i)'
Assertion failed on expression: 'pred(*previous, *i)'
Assertion failed on expression: 'pred(*previous, *i)'
Assertion failed on expression: 'pred(*previous, *i)'
Assertion failed on expression: 'pred(*previous, *i)'
Assertion failed on expression: 'pred(*previous, *i)'
Assertion failed on expression: 'pred(*previous, *i)'
Assertion failed on expression: 'pred(*previous, *i)'
Assertion failed on expression: 'pred(*previous, *i)'
Assertion failed on expression: 'pred(*previous, *i)'
Assertion failed on expression: 'pred(*previous, *i)'
Assertion failed on expression: 'pred(*previous, *i)'
Assertion failed on expression: 'pred(*previous, *i)'
Assertion failed on expression: 'pred(*previous, *i)'
Assertion failed on expression: 'pred(*previous, *i)'
Assertion failed on expression: 'pred(*previous, *i)'
Assertion failed on expression: 'pred(*previous, *i)'
Assertion failed on expression: 'pred(*previous, *i)'
Assertion failed on expression: 'pred(*previous, *i)'
Assertion failed on expression: 'pred(*previous, *i)'
Assertion failed on expression: 'pred(*previous, *i)'
Assertion failed on expression: 'pred(*previous, *i)'
Assertion failed on expression: 'pred(*previous, *i)'
Assertion failed on expression: 'pred(*previous, *i)'
Assertion failed on expression: 'pred(*previous, *i)'
Assertion failed on expression: 'pred(*previous, *i)'
Assertion failed on expression: 'pred(*previous, *i)'
Assertion failed on expression: 'pred(*previous, *i)'
Assertion failed on expression: 'pred(*previous, *i)'
Assertion failed on expression: 'pred(*previous, *i)'
Assertion failed on expression: 'pred(*previous, *i)'
Assertion failed on expression: 'pred(*previous, *i)'
Assertion failed on expression: 'pred(*previous, *i)'
Assertion failed on expression: 'pred(*previous, *i)'
Assertion failed on expression: 'pred(*previous, *i)'
Assertion failed on expression: 'pred(*previous, *i)'
Assertion failed on expression: 'pred(*previous, *i)'
Assertion failed on expression: 'pred(*previous, *i)'
Assertion failed on expression: 'pred(*previous, *i)'
Assertion failed on expression: 'pred(*previous, *i)'
Assertion failed on expression: 'pred(*previous, *i)'
Assertion failed on expression: 'pred(*previous, *i)'
Assertion failed on expression: 'pred(*previous, *i)'
Assertion failed on expression: 'pred(*previous, *i)'
Assertion failed on expression: 'pred(*previous, *i)'
Assertion failed on expression: 'pred(*previous, *i)'
Assertion failed on expression: 'pred(*previous, *i)'
Assertion failed on expression: 'pred(*previous, *i)'
Assertion failed on expression: 'pred(*previous, *i)'
Assertion failed on expression: 'pred(*previous, *i)'
Assertion failed on expression: 'pred(*previous, *i)'
Assertion failed on expression: 'pred(*previous, *i)'
Assertion failed on expression: 'pred(*previous, *i)'
Assertion failed on expression: 'pred(*previous, *i)'
Assertion failed on expression: 'pred(*previous, *i)'
Assertion failed on expression: 'pred(*previous, *i)'
Assertion failed on expression: 'pred(*previous, *i)'
Assertion failed on expression: 'pred(*previous, *i)'
Assertion failed on expression: 'pred(*previous, *i)'
Assertion failed on expression: 'pred(*previous, *i)'
Assertion failed on expression: 'pred(*previous, *i)'
Assertion failed on expression: 'pred(*previous, *i)'
Assertion failed on expression: 'pred(*previous, *i)'
Assertion failed on expression: 'pred(*previous, *i)'
Assertion failed on expression: 'pred(*previous, *i)'
Assertion failed on expression: 'pred(*previous, *i)'
Assertion failed on expression: 'pred(*previous, *i)'
Assertion failed on expression: 'pred(*previous, *i)'
Assertion failed on expression: 'pred(*previous, *i)'
Assertion failed on expression: 'pred(*previous, *i)'
Assertion failed on expression: 'pred(*previous, *i)'
Assertion failed on expression: 'pred(*previous, *i)'
Assertion failed on expression: 'pred(*previous, *i)'
Assertion failed on expression: 'pred(*previous, *i)'
Assertion failed on expression: 'pred(*previous, *i)'
Assertion failed on expression: 'pred(*previous, *i)'
Assertion failed on expression: 'pred(*previous, *i)'
Assertion failed on expression: 'pred(*previous, *i)'
Assertion failed on expression: 'pred(*previous, *i)'
Assertion failed on expression: 'pred(*previous, *i)'
Assertion failed on expression: 'pred(*previous, *i)'
Assertion failed on expression: 'pred(*previous, *i)'
Assertion failed on expression: 'pred(*previous, *i)'
Assertion failed on expression: 'pred(*previous, *i)'
Assertion failed on expression: 'pred(*previous, *i)'
Assertion failed on expression: 'pred(*previous, *i)'
Assertion failed on expression: 'pred(*previous, *i)'
Assertion failed on expression: 'pred(*previous, *i)'
Assertion failed on expression: 'pred(*previous, *i)'
Assertion failed on expression: 'pred(*previous, *i)'
Assertion failed on expression: 'pred(*previous, *i)'
Assertion failed on expression: 'pred(*previous, *i)'
Assertion failed on expression: 'pred(*previous, *i)'
Assertion failed on expression: 'pred(*previous, *i)'
Assertion failed on expression: 'pred(*previous, *i)'
Assertion failed on expression: 'pred(*previous, *i)'
Assertion failed on expression: 'pred(*previous, *i)'
Assertion failed on expression: 'pred(*previous, *i)'
Assertion failed on expression: 'pred(*previous, *i)'
Assertion failed on expression: 'pred(*previous, *i)'
Assertion failed on expression: 'pred(*previous, *i)'
Assertion failed on expression: 'pred(*previous, *i)'
Assertion failed on expression: 'pred(*previous, *i)'
Assertion failed on expression: 'pred(*previous, *i)'
Assertion failed on expression: 'pred(*previous, *i)'
Assertion failed on expression: 'pred(*previous, *i)'
Assertion failed on expression: 'pred(*previous, *i)'
Assertion failed on expression: 'pred(*previous, *i)'
Assertion failed on expression: 'pred(*previous, *i)'
Assertion failed on expression: 'pred(*previous, *i)'
Assertion failed on expression: 'pred(*previous, *i)'
Assertion failed on expression: 'pred(*previous, *i)'
Assertion failed on expression: 'pred(*previous, *i)'
Assertion failed on expression: 'pred(*previous, *i)'
Assertion failed on expression: 'pred(*previous, *i)'
Assertion failed on expression: 'pred(*previous, *i)'
Assertion failed on expression: 'pred(*previous, *i)'
Assertion failed on expression: 'pred(*previous, *i)'
Assertion failed on expression: 'pred(*previous, *i)'
Assertion failed on expression: 'pred(*previous, *i)'
Assertion failed on expression: 'pred(*previous, *i)'
Assertion failed on expression: 'pred(*previous, *i)'
Assertion failed on expression: 'pred(*previous, *i)'
Assertion failed on expression: 'pred(*previous, *i)'
Assertion failed on expression: 'pred(*previous, *i)'
Assertion failed on expression: 'pred(*previous, *i)'
Assertion failed on expression: 'pred(*previous, *i)'
Assertion failed on expression: 'pred(*previous, *i)'
Assertion failed on expression: 'pred(*previous, *i)'
Assertion failed on expression: 'pred(*previous, *i)'
Assertion failed on expression: 'pred(*previous, *i)'
Assertion failed on expression: 'pred(*previous, *i)'
Assertion failed on expression: 'pred(*previous, *i)'
Assertion failed on expression: 'pred(*previous, *i)'
Assertion failed on expression: 'pred(*previous, *i)'
Assertion failed on expression: 'pred(*previous, *i)'
Assertion failed on expression: 'pred(*previous, *i)'
Assertion failed on expression: 'pred(*previous, *i)'
Assertion failed on expression: 'pred(*previous, *i)'
Assertion failed on expression: 'pred(*previous, *i)'
Assertion failed on expression: 'pred(*previous, *i)'
Assertion failed on expression: 'pred(*previous, *i)'
Assertion failed on expression: 'pred(*previous, *i)'
Assertion failed on expression: 'pred(*previous, *i)'
Assertion failed on expression: 'pred(*previous, *i)'
Assertion failed on expression: 'pred(*previous, *i)'
Assertion failed on expression: 'pred(*previous, *i)'
Assertion failed on expression: 'pred(*previous, *i)'
Assertion failed on expression: 'pred(*previous, *i)'
Assertion failed on expression: 'pred(*previous, *i)'
Assertion failed on expression: 'pred(*previous, *i)'
Assertion failed on expression: 'pred(*previous, *i)'
Assertion failed on expression: 'pred(*previous, *i)'
Assertion failed on expression: 'pred(*previous, *i)'
Assertion failed on expression: 'pred(*previous, *i)'
Assertion failed on expression: 'pred(*previous, *i)'
Assertion failed on expression: 'pred(*previous, *i)'
Assertion failed on expression: 'pred(*previous, *i)'
Assertion failed on expression: 'pred(*previous, *i)'
Assertion failed on expression: 'pred(*previous, *i)'
Assertion failed on expression: 'pred(*previous, *i)'
Assertion failed on expression: 'pred(*previous, *i)'
Assertion failed on expression: 'pred(*previous, *i)'
Assertion failed on expression: 'pred(*previous, *i)'
Assertion failed on expression: 'pred(*previous, *i)'
Assertion failed on expression: 'pred(*previous, *i)'
Assertion failed on expression: 'pred(*previous, *i)'
Assertion failed on expression: 'pred(*previous, *i)'
Assertion failed on expression: 'pred(*previous, *i)'
Assertion failed on expression: 'pred(*previous, *i)'
Assertion failed on expression: 'pred(*previous, *i)'
Assertion failed on expression: 'pred(*previous, *i)'
Assertion failed on expression: 'pred(*previous, *i)'
Assertion failed on expression: 'pred(*previous, *i)'
Assertion failed on expression: 'pred(*previous, *i)'
Assertion failed on expression: 'pred(*previous, *i)'
Assertion failed on expression: 'pred(*previous, *i)'
Assertion failed on expression: 'pred(*previous, *i)'
Assertion failed on expression: 'pred(*previous, *i)'
Assertion failed on expression: 'pred(*previous, *i)'
Assertion failed on expression: 'pred(*previous, *i)'
Assertion failed on expression: 'pred(*previous, *i)'
Assertion failed on expression: 'pred(*previous, *i)'
Assertion failed on expression: 'pred(*previous, *i)'
Assertion failed on expression: 'pred(*previous, *i)'
Assertion failed on expression: 'pred(*previous, *i)'
Assertion failed on expression: 'pred(*previous, *i)'
Assertion failed on expression: 'pred(*previous, *i)'
Assertion failed on expression: 'pred(*previous, *i)'
Assertion failed on expression: 'pred(*previous, *i)'
Assertion failed on expression: 'pred(*previous, *i)'
Assertion failed on expression: 'pred(*previous, *i)'
Assertion failed on expression: 'pred(*previous, *i)'
Assertion failed on expression: 'pred(*previous, *i)'
Assertion failed on expression: 'pred(*previous, *i)'
Assertion failed on expression: 'pred(*previous, *i)'
Assertion failed on expression: 'pred(*previous, *i)'
Assertion failed on expression: 'pred(*previous, *i)'
Assertion failed on expression: 'pred(*previous, *i)'
Assertion failed on expression: 'pred(*previous, *i)'
Assertion failed on expression: 'pred(*previous, *i)'
Assertion failed on expression: 'pred(*previous, *i)'
Assertion failed on expression: 'pred(*previous, *i)'
Assertion failed on expression: 'pred(*previous, *i)'
Assertion failed on expression: 'pred(*previous, *i)'
Assertion failed on expression: 'pred(*previous, *i)'
Assertion failed on expression: 'pred(*previous, *i)'
Assertion failed on expression: 'pred(*previous, *i)'
Assertion failed on expression: 'pred(*previous, *i)'
Assertion failed on expression: 'pred(*previous, *i)'
Assertion failed on expression: 'pred(*previous, *i)'
Assertion failed on expression: 'pred(*previous, *i)'
Assertion failed on expression: 'pred(*previous, *i)'
Assertion failed on expression: 'pred(*previous, *i)'
Assertion failed on expression: 'pred(*previous, *i)'
Assertion failed on expression: 'pred(*previous, *i)'
Assertion failed on expression: 'pred(*previous, *i)'
Assertion failed on expression: 'pred(*previous, *i)'
Assertion failed on expression: 'pred(*previous, *i)'
Assertion failed on expression: 'pred(*previous, *i)'
Assertion failed on expression: 'pred(*previous, *i)'
Assertion failed on expression: 'pred(*previous, *i)'
Assertion failed on expression: 'pred(*previous, *i)'
Assertion failed on expression: 'pred(*previous, *i)'
Assertion failed on expression: 'pred(*previous, *i)'
Assertion failed on expression: 'pred(*previous, *i)'
Assertion failed on expression: 'pred(*previous, *i)'
Assertion failed on expression: 'pred(*previous, *i)'
Assertion failed on expression: 'pred(*previous, *i)'
Assertion failed on expression: 'pred(*previous, *i)'
Assertion failed on expression: 'pred(*previous, *i)'
Assertion failed on expression: 'pred(*previous, *i)'
Assertion failed on expression: 'pred(*previous, *i)'
Assertion failed on expression: 'pred(*previous, *i)'
Assertion failed on expression: 'pred(*previous, *i)'
Assertion failed on expression: 'pred(*previous, *i)'
Assertion failed on expression: 'pred(*previous, *i)'
Assertion failed on expression: 'pred(*previous, *i)'
Assertion failed on expression: 'pred(*previous, *i)'
Assertion failed on expression: 'pred(*previous, *i)'
Assertion failed on expression: 'pred(*previous, *i)'
Assertion failed on expression: 'pred(*previous, *i)'
Assertion failed on expression: 'pred(*previous, *i)'
Assertion failed on expression: 'pred(*previous, *i)'
Assertion failed on expression: 'pred(*previous, *i)'
Assertion failed on expression: 'pred(*previous, *i)'
Assertion failed on expression: 'pred(*previous, *i)'
Assertion failed on expression: 'pred(*previous, *i)'
Assertion failed on expression: 'pred(*previous, *i)'
Assertion failed on expression: 'pred(*previous, *i)'
Assertion failed on expression: 'pred(*previous, *i)'
Assertion failed on expression: 'pred(*previous, *i)'
Assertion failed on expression: 'pred(*previous, *i)'
Assertion failed on expression: 'pred(*previous, *i)'
Assertion failed on expression: 'pred(*previous, *i)'
Assertion failed on expression: 'pred(*previous, *i)'
Assertion failed on expression: 'pred(*previous, *i)'
Assertion failed on expression: 'pred(*previous, *i)'
Assertion failed on expression: 'pred(*previous, *i)'
Assertion failed on expression: 'pred(*previous, *i)'
Assertion failed on expression: 'pred(*previous, *i)'
Assertion failed on expression: 'pred(*previous, *i)'
Assertion failed on expression: 'pred(*previous, *i)'
Assertion failed on expression: 'pred(*previous, *i)'
Assertion failed on expression: 'pred(*previous, *i)'
Assertion failed on expression: 'pred(*previous, *i)'
Assertion failed on expression: 'pred(*previous, *i)'
Assertion failed on expression: 'pred(*previous, *i)'
Assertion failed on expression: 'pred(*previous, *i)'
Assertion failed on expression: 'pred(*previous, *i)'
Assertion failed on expression: 'pred(*previous, *i)'
Assertion failed on expression: 'pred(*previous, *i)'
Assertion failed on expression: 'pred(*previous, *i)'
Assertion failed on expression: 'pred(*previous, *i)'
Assertion failed on expression: 'pred(*previous, *i)'
Assertion failed on expression: 'pred(*previous, *i)'
Assertion failed on expression: 'pred(*previous, *i)'
Assertion failed on expression: 'pred(*previous, *i)'
Assertion failed on expression: 'pred(*previous, *i)'
Assertion failed on expression: 'pred(*previous, *i)'
Assertion failed on expression: 'pred(*previous, *i)'
Assertion failed on expression: 'pred(*previous, *i)'
Assertion failed on expression: 'pred(*previous, *i)'
Assertion failed on expression: 'pred(*previous, *i)'
Assertion failed on expression: 'pred(*previous, *i)'
Assertion failed on expression: 'pred(*previous, *i)'
Assertion failed on expression: 'pred(*previous, *i)'
Assertion failed on expression: 'pred(*previous, *i)'
Assertion failed on expression: 'pred(*previous, *i)'
Assertion failed on expression: 'pred(*previous, *i)'
Assertion failed on expression: 'pred(*previous, *i)'
Assertion failed on expression: 'pred(*previous, *i)'
Assertion failed on expression: 'pred(*previous, *i)'
Assertion failed on expression: 'pred(*previous, *i)'
Assertion failed on expression: 'pred(*previous, *i)'
Assertion failed on expression: 'pred(*previous, *i)'
Assertion failed on expression: 'pred(*previous, *i)'
Assertion failed on expression: 'pred(*previous, *i)'
Assertion failed on expression: 'pred(*previous, *i)'
Assertion failed on expression: 'pred(*previous, *i)'
Assertion failed on expression: 'pred(*previous, *i)'
Assertion failed on expression: 'pred(*previous, *i)'
Assertion failed on expression: 'pred(*previous, *i)'
Assertion failed on expression: 'pred(*previous, *i)'
Assertion failed on expression: 'pred(*previous, *i)'
Assertion failed on expression: 'pred(*previous, *i)'
Assertion failed on expression: 'pred(*previous, *i)'
Assertion failed on expression: 'pred(*previous, *i)'
Assertion failed on expression: 'pred(*previous, *i)'
Assertion failed on expression: 'pred(*previous, *i)'
Assertion failed on expression: 'pred(*previous, *i)'
Assertion failed on expression: 'pred(*previous, *i)'
Assertion failed on expression: 'pred(*previous, *i)'
Assertion failed on expression: 'pred(*previous, *i)'
Assertion failed on expression: 'pred(*previous, *i)'
Assertion failed on expression: 'pred(*previous, *i)'
Assertion failed on expression: 'pred(*previous, *i)'
Assertion failed on expression: 'pred(*previous, *i)'
Assertion failed on expression: 'pred(*previous, *i)'
Assertion failed on expression: 'pred(*previous, *i)'
Assertion failed on expression: 'pred(*previous, *i)'
Assertion failed on expression: 'pred(*previous, *i)'
Assertion failed on expression: 'pred(*previous, *i)'
Assertion failed on expression: 'pred(*previous, *i)'
Assertion failed on expression: 'pred(*previous, *i)'
Assertion failed on expression: 'pred(*previous, *i)'
Assertion failed on expression: 'pred(*previous, *i)'
Assertion failed on expression: 'pred(*previous, *i)'
Assertion failed on expression: 'pred(*previous, *i)'
Assertion failed on expression: 'pred(*previous, *i)'
Assertion failed on expression: 'pred(*previous, *i)'
Assertion failed on expression: 'pred(*previous, *i)'
Assertion failed on expression: 'pred(*previous, *i)'
Assertion failed on expression: 'pred(*previous, *i)'
Assertion failed on expression: 'pred(*previous, *i)'
Assertion failed on expression: 'pred(*previous, *i)'
Assertion failed on expression: 'pred(*previous, *i)'
Assertion failed on expression: 'pred(*previous, *i)'
Assertion failed on expression: 'pred(*previous, *i)'
Assertion failed on expression: 'pred(*previous, *i)'
Assertion failed on expression: 'pred(*previous, *i)'
Assertion failed on expression: 'pred(*previous, *i)'
Assertion failed on expression: 'pred(*previous, *i)'
Assertion failed on expression: 'pred(*previous, *i)'
Assertion failed on expression: 'pred(*previous, *i)'
Assertion failed on expression: 'pred(*previous, *i)'
Assertion failed on expression: 'pred(*previous, *i)'
Assertion failed on expression: 'pred(*previous, *i)'
Assertion failed on expression: 'pred(*previous, *i)'
Assertion failed on expression: 'pred(*previous, *i)'
Assertion failed on expression: 'pred(*previous, *i)'
Assertion failed on expression: 'pred(*previous, *i)'
Assertion failed on expression: 'pred(*previous, *i)'
Assertion failed on expression: 'pred(*previous, *i)'
Assertion failed on expression: 'pred(*previous, *i)'
Assertion failed on expression: 'pred(*previous, *i)'
Assertion failed on expression: 'pred(*previous, *i)'
Assertion failed on expression: 'pred(*previous, *i)'
Assertion failed on expression: 'pred(*previous, *i)'
Assertion failed on expression: 'pred(*previous, *i)'
Assertion failed on expression: 'pred(*previous, *i)'
Assertion failed on expression: 'pred(*previous, *i)'
Assertion failed on expression: 'pred(*previous, *i)'
Assertion failed on expression: 'pred(*previous, *i)'
Assertion failed on expression: 'pred(*previous, *i)'
Assertion failed on expression: 'pred(*previous, *i)'
Assertion failed on expression: 'pred(*previous, *i)'
Assertion failed on expression: 'pred(*previous, *i)'
Assertion failed on expression: 'pred(*previous, *i)'
Assertion failed on expression: 'pred(*previous, *i)'
Assertion failed on expression: 'pred(*previous, *i)'
Assertion failed on expression: 'pred(*previous, *i)'
Assertion failed on expression: 'pred(*previous, *i)'
Assertion failed on expression: 'pred(*previous, *i)'
Assertion failed on expression: 'pred(*previous, *i)'
Assertion failed on expression: 'pred(*previous, *i)'
Assertion failed on expression: 'pred(*previous, *i)'
Assertion failed on expression: 'pred(*previous, *i)'
Assertion failed on expression: 'pred(*previous, *i)'
Assertion failed on expression: 'pred(*previous, *i)'
Assertion failed on expression: 'pred(*previous, *i)'
Assertion failed on expression: 'pred(*previous, *i)'
Assertion failed on expression: 'pred(*previous, *i)'
Assertion failed on expression: 'pred(*previous, *i)'
Assertion failed on expression: 'pred(*previous, *i)'
Assertion failed on expression: 'pred(*previous, *i)'
Assertion failed on expression: 'pred(*previous, *i)'
Assertion failed on expression: 'pred(*previous, *i)'
Assertion failed on expression: 'pred(*previous, *i)'
Assertion failed on expression: 'pred(*previous, *i)'
Assertion failed on expression: 'pred(*previous, *i)'
Assertion failed on expression: 'pred(*previous, *i)'
Assertion failed on expression: 'pred(*previous, *i)'
Assertion failed on expression: 'pred(*previous, *i)'
Assertion failed on expression: 'pred(*previous, *i)'
Assertion failed on expression: 'pred(*previous, *i)'
Assertion failed on expression: 'pred(*previous, *i)'
Assertion failed on expression: 'pred(*previous, *i)'
Assertion failed on expression: 'pred(*previous, *i)'
Assertion failed on expression: 'pred(*previous, *i)'
Assertion failed on expression: 'pred(*previous, *i)'
Assertion failed on expression: 'pred(*previous, *i)'
Assertion failed on expression: 'pred(*previous, *i)'
Assertion failed on expression: 'pred(*previous, *i)'
Assertion failed on expression: 'pred(*previous, *i)'
Assertion failed on expression: 'pred(*previous, *i)'
Assertion failed on expression: 'pred(*previous, *i)'
Assertion failed on expression: 'pred(*previous, *i)'
Assertion failed on expression: 'pred(*previous, *i)'
Assertion failed on expression: 'pred(*previous, *i)'
Assertion failed on expression: 'pred(*previous, *i)'
Assertion failed on expression: 'pred(*previous, *i)'
Assertion failed on expression: 'pred(*previous, *i)'
Assertion failed on expression: 'pred(*previous, *i)'
Assertion failed on expression: 'pred(*previous, *i)'
Assertion failed on expression: 'pred(*previous, *i)'
Assertion failed on expression: 'pred(*previous, *i)'
Assertion failed on expression: 'pred(*previous, *i)'
Assertion failed on expression: 'pred(*previous, *i)'
Assertion failed on expression: 'pred(*previous, *i)'
Assertion failed on expression: 'pred(*previous, *i)'
Assertion failed on expression: 'pred(*previous, *i)'
Assertion failed on expression: 'pred(*previous, *i)'
Assertion failed on expression: 'pred(*previous, *i)'
Assertion failed on expression: 'pred(*previous, *i)'
Assertion failed on expression: 'pred(*previous, *i)'
Assertion failed on expression: 'pred(*previous, *i)'
Assertion failed on expression: 'pred(*previous, *i)'
Assertion failed on expression: 'pred(*previous, *i)'
Assertion failed on expression: 'pred(*previous, *i)'
Assertion failed on expression: 'pred(*previous, *i)'
Assertion failed on expression: 'pred(*previous, *i)'
Assertion failed on expression: 'pred(*previous, *i)'
Assertion failed on expression: 'pred(*previous, *i)'
Assertion failed on expression: 'pred(*previous, *i)'
Assertion failed on expression: 'pred(*previous, *i)'
Native extension for UWP target not found
Native extension for WindowsStandalone target not found
Native extension for WebGL target not found
[Package Manager] Failed to launch server process. Reason: Unity was launched with the -noUpm command-line argument
[Package Manager] Unable to send message (not connected to server process).
[Package Manager] Cannot connect to Unity Package Manager local server
Mono: successfully reloaded assembly
- Finished resetting the current domain, in  0.526 seconds
Domain Reload Profiling: 944ms
	BeginReloadAssembly (125ms)
		ExecutionOrderSort (0ms)
		DisableScriptedObjects (8ms)
		BackupInstance (0ms)
		ReleaseScriptingObjects (0ms)
		CreateAndSetChildDomain (27ms)
	RebuildCommonClasses (21ms)
	RebuildNativeTypeToScriptingClass (8ms)
	initialDomainReloadingComplete (14ms)
	LoadAllAssembliesAndSetupDomain (249ms)
		LoadAssemblies (183ms)
		RebuildTransferFunctionScriptingTraits (0ms)
		AnalyzeDomain (121ms)
			TypeCache.Refresh (6ms)
				TypeCache.ScanAssembly (0ms)
			BuildScriptInfoCaches (106ms)
			ResolveRequiredComponents (7ms)
	FinalizeReload (527ms)
		ReleaseScriptCaches (0ms)
		RebuildScriptCaches (0ms)
		SetupLoadedEditorAssemblies (408ms)
			LogAssemblyErrors (0ms)
			InitializePlatformSupportModulesInManaged (2ms)
			SetLoadedEditorAssemblies (4ms)
			BeforeProcessingInitializeOnLoad (84ms)
			ProcessInitializeOnLoadAttributes (273ms)
			ProcessInitializeOnLoadMethodAttributes (43ms)
			AfterProcessingInitializeOnLoad (1ms)
			EditorAssembliesLoaded (0ms)
		ExecutionOrderSort2 (0ms)
		AwakeInstancesAfterBackupRestoration (9ms)
Refreshing native plugins compatible for Editor in 0.77 ms, found 4 plugins.
Preloading 0 native plugins for Editor in 0.00 ms.
Unloading 34 Unused Serialized files (Serialized files now loaded: 0)
Unloading 6728 unused Assets / (6.8 MB). Loaded Objects now: 7466.
Memory consumption went from 163.4 MB to 156.6 MB.
Total: 5.817100 ms (FindLiveObjects: 0.367200 ms CreateObjectMapping: 0.245900 ms MarkObjects: 2.942800 ms  DeleteObjects: 2.260500 ms)

Prepare: number of updated asset objects reloaded= 0
========================================================================
Received Import Request.
  Time since last request: 99.003908 seconds.
  path: Assets/Prefabs/Enemy1.prefab
  artifactKey: Guid(8ceb2906ae1950040a7c9a47a2d2f2a7) Importer(815301076,1909f56bfc062723c751e8b465ee728b)
Start importing Assets/Prefabs/Enemy1.prefab using Guid(8ceb2906ae1950040a7c9a47a2d2f2a7) Importer(815301076,1909f56bfc062723c751e8b465ee728b) (PreviewImporter) -> (artifact id: '7e64443b9d7ac66df0ec20ceb6448379') in 0.3032566 seconds
Number of updated asset objects reloaded before import = 0Number of asset objects unloaded after import = 10

========================================================================
Received Import Request.
  Time since last request: 34.983101 seconds.
  path: Assets/Prefabs/Enemy2Small.prefab
  artifactKey: Guid(0f8c92120a7523743867892b051e3218) Importer(815301076,1909f56bfc062723c751e8b465ee728b)
Start importing Assets/Prefabs/Enemy2Small.prefab using Guid(0f8c92120a7523743867892b051e3218) Importer(815301076,1909f56bfc062723c751e8b465ee728b) (PreviewImporter) -> (artifact id: 'd4b134006b07c00750ba15e4a906c92b') in 0.0071615 seconds
Number of updated asset objects reloaded before import = 0Number of asset objects unloaded after import = 10

========================================================================
Received Import Request.
  Time since last request: 22.730288 seconds.
  path: Assets/Prefabs/Enemy3Big.prefab
  artifactKey: Guid(4993559752d999c448d79f2ba5364932) Importer(815301076,1909f56bfc062723c751e8b465ee728b)
Start importing Assets/Prefabs/Enemy3Big.prefab using Guid(4993559752d999c448d79f2ba5364932) Importer(815301076,1909f56bfc062723c751e8b465ee728b) (PreviewImporter) -> (artifact id: 'e4259039ce2307c0f4d1e80158a943b8') in 0.0047787 seconds
Number of updated asset objects reloaded before import = 0Number of asset objects unloaded after import = 10

========================================================================
Received Prepare
Begin MonoManager ReloadAssembly
- Loaded All Assemblies, in  0.430 seconds
Refreshing native plugins compatible for Editor in 0.66 ms, found 4 plugins.
Assertion failed on expression: 'pred(*previous, *i)'
Assertion failed on expression: 'pred(*previous, *i)'
Assertion failed on expression: 'pred(*previous, *i)'
Assertion failed on expression: 'pred(*previous, *i)'
Assertion failed on expression: 'pred(*previous, *i)'
Assertion failed on expression: 'pred(*previous, *i)'
Assertion failed on expression: 'pred(*previous, *i)'
Assertion failed on expression: 'pred(*previous, *i)'
Assertion failed on expression: 'pred(*previous, *i)'
Assertion failed on expression: 'pred(*previous, *i)'
Assertion failed on expression: 'pred(*previous, *i)'
Assertion failed on expression: 'pred(*previous, *i)'
Assertion failed on expression: 'pred(*previous, *i)'
Assertion failed on expression: 'pred(*previous, *i)'
Assertion failed on expression: 'pred(*previous, *i)'
Assertion failed on expression: 'pred(*previous, *i)'
Assertion failed on expression: 'pred(*previous, *i)'
Assertion failed on expression: 'pred(*previous, *i)'
Assertion failed on expression: 'pred(*previous, *i)'
Assertion failed on expression: 'pred(*previous, *i)'
Assertion failed on expression: 'pred(*previous, *i)'
Assertion failed on expression: 'pred(*previous, *i)'
Assertion failed on expression: 'pred(*previous, *i)'
Assertion failed on expression: 'pred(*previous, *i)'
Assertion failed on expression: 'pred(*previous, *i)'
Assertion failed on expression: 'pred(*previous, *i)'
Assertion failed on expression: 'pred(*previous, *i)'
Assertion failed on expression: 'pred(*previous, *i)'
Assertion failed on expression: 'pred(*previous, *i)'
Assertion failed on expression: 'pred(*previous, *i)'
Assertion failed on expression: 'pred(*previous, *i)'
Assertion failed on expression: 'pred(*previous, *i)'
Assertion failed on expression: 'pred(*previous, *i)'
Assertion failed on expression: 'pred(*previous, *i)'
Assertion failed on expression: 'pred(*previous, *i)'
Assertion failed on expression: 'pred(*previous, *i)'
Assertion failed on expression: 'pred(*previous, *i)'
Assertion failed on expression: 'pred(*previous, *i)'
Assertion failed on expression: 'pred(*previous, *i)'
Assertion failed on expression: 'pred(*previous, *i)'
Assertion failed on expression: 'pred(*previous, *i)'
Assertion failed on expression: 'pred(*previous, *i)'
Assertion failed on expression: 'pred(*previous, *i)'
Assertion failed on expression: 'pred(*previous, *i)'
Assertion failed on expression: 'pred(*previous, *i)'
Assertion failed on expression: 'pred(*previous, *i)'
Assertion failed on expression: 'pred(*previous, *i)'
Assertion failed on expression: 'pred(*previous, *i)'
Assertion failed on expression: 'pred(*previous, *i)'
Assertion failed on expression: 'pred(*previous, *i)'
Assertion failed on expression: 'pred(*previous, *i)'
Assertion failed on expression: 'pred(*previous, *i)'
Assertion failed on expression: 'pred(*previous, *i)'
Assertion failed on expression: 'pred(*previous, *i)'
Assertion failed on expression: 'pred(*previous, *i)'
Assertion failed on expression: 'pred(*previous, *i)'
Assertion failed on expression: 'pred(*previous, *i)'
Assertion failed on expression: 'pred(*previous, *i)'
Assertion failed on expression: 'pred(*previous, *i)'
Assertion failed on expression: 'pred(*previous, *i)'
Assertion failed on expression: 'pred(*previous, *i)'
Assertion failed on expression: 'pred(*previous, *i)'
Assertion failed on expression: 'pred(*previous, *i)'
Assertion failed on expression: 'pred(*previous, *i)'
Assertion failed on expression: 'pred(*previous, *i)'
Assertion failed on expression: 'pred(*previous, *i)'
Assertion failed on expression: 'pred(*previous, *i)'
Assertion failed on expression: 'pred(*previous, *i)'
Assertion failed on expression: 'pred(*previous, *i)'
Assertion failed on expression: 'pred(*previous, *i)'
Assertion failed on expression: 'pred(*previous, *i)'
Assertion failed on expression: 'pred(*previous, *i)'
Assertion failed on expression: 'pred(*previous, *i)'
Assertion failed on expression: 'pred(*previous, *i)'
Assertion failed on expression: 'pred(*previous, *i)'
Assertion failed on expression: 'pred(*previous, *i)'
Assertion failed on expression: 'pred(*previous, *i)'
Assertion failed on expression: 'pred(*previous, *i)'
Assertion failed on expression: 'pred(*previous, *i)'
Assertion failed on expression: 'pred(*previous, *i)'
Assertion failed on expression: 'pred(*previous, *i)'
Assertion failed on expression: 'pred(*previous, *i)'
Assertion failed on expression: 'pred(*previous, *i)'
Assertion failed on expression: 'pred(*previous, *i)'
Assertion failed on expression: 'pred(*previous, *i)'
Assertion failed on expression: 'pred(*previous, *i)'
Assertion failed on expression: 'pred(*previous, *i)'
Assertion failed on expression: 'pred(*previous, *i)'
Assertion failed on expression: 'pred(*previous, *i)'
Assertion failed on expression: 'pred(*previous, *i)'
Assertion failed on expression: 'pred(*previous, *i)'
Assertion failed on expression: 'pred(*previous, *i)'
Assertion failed on expression: 'pred(*previous, *i)'
Assertion failed on expression: 'pred(*previous, *i)'
Assertion failed on expression: 'pred(*previous, *i)'
Assertion failed on expression: 'pred(*previous, *i)'
Assertion failed on expression: 'pred(*previous, *i)'
Assertion failed on expression: 'pred(*previous, *i)'
Assertion failed on expression: 'pred(*previous, *i)'
Assertion failed on expression: 'pred(*previous, *i)'
Assertion failed on expression: 'pred(*previous, *i)'
Assertion failed on expression: 'pred(*previous, *i)'
Assertion failed on expression: 'pred(*previous, *i)'
Assertion failed on expression: 'pred(*previous, *i)'
Assertion failed on expression: 'pred(*previous, *i)'
Assertion failed on expression: 'pred(*previous, *i)'
Assertion failed on expression: 'pred(*previous, *i)'
Assertion failed on expression: 'pred(*previous, *i)'
Assertion failed on expression: 'pred(*previous, *i)'
Assertion failed on expression: 'pred(*previous, *i)'
Assertion failed on expression: 'pred(*previous, *i)'
Assertion failed on expression: 'pred(*previous, *i)'
Assertion failed on expression: 'pred(*previous, *i)'
Assertion failed on expression: 'pred(*previous, *i)'
Assertion failed on expression: 'pred(*previous, *i)'
Assertion failed on expression: 'pred(*previous, *i)'
Assertion failed on expression: 'pred(*previous, *i)'
Assertion failed on expression: 'pred(*previous, *i)'
Assertion failed on expression: 'pred(*previous, *i)'
Assertion failed on expression: 'pred(*previous, *i)'
Assertion failed on expression: 'pred(*previous, *i)'
Assertion failed on expression: 'pred(*previous, *i)'
Assertion failed on expression: 'pred(*previous, *i)'
Assertion failed on expression: 'pred(*previous, *i)'
Assertion failed on expression: 'pred(*previous, *i)'
Assertion failed on expression: 'pred(*previous, *i)'
Assertion failed on expression: 'pred(*previous, *i)'
Assertion failed on expression: 'pred(*previous, *i)'
Assertion failed on expression: 'pred(*previous, *i)'
Assertion failed on expression: 'pred(*previous, *i)'
Assertion failed on expression: 'pred(*previous, *i)'
Assertion failed on expression: 'pred(*previous, *i)'
Assertion failed on expression: 'pred(*previous, *i)'
Assertion failed on expression: 'pred(*previous, *i)'
Assertion failed on expression: 'pred(*previous, *i)'
Assertion failed on expression: 'pred(*previous, *i)'
Assertion failed on expression: 'pred(*previous, *i)'
Assertion failed on expression: 'pred(*previous, *i)'
Assertion failed on expression: 'pred(*previous, *i)'
Assertion failed on expression: 'pred(*previous, *i)'
Assertion failed on expression: 'pred(*previous, *i)'
Assertion failed on expression: 'pred(*previous, *i)'
Assertion failed on expression: 'pred(*previous, *i)'
Assertion failed on expression: 'pred(*previous, *i)'
Assertion failed on expression: 'pred(*previous, *i)'
Assertion failed on expression: 'pred(*previous, *i)'
Assertion failed on expression: 'pred(*previous, *i)'
Assertion failed on expression: 'pred(*previous, *i)'
Assertion failed on expression: 'pred(*previous, *i)'
Assertion failed on expression: 'pred(*previous, *i)'
Assertion failed on expression: 'pred(*previous, *i)'
Assertion failed on expression: 'pred(*previous, *i)'
Assertion failed on expression: 'pred(*previous, *i)'
Assertion failed on expression: 'pred(*previous, *i)'
Assertion failed on expression: 'pred(*previous, *i)'
Assertion failed on expression: 'pred(*previous, *i)'
Assertion failed on expression: 'pred(*previous, *i)'
Assertion failed on expression: 'pred(*previous, *i)'
Assertion failed on expression: 'pred(*previous, *i)'
Assertion failed on expression: 'pred(*previous, *i)'
Assertion failed on expression: 'pred(*previous, *i)'
Assertion failed on expression: 'pred(*previous, *i)'
Assertion failed on expression: 'pred(*previous, *i)'
Assertion failed on expression: 'pred(*previous, *i)'
Assertion failed on expression: 'pred(*previous, *i)'
Assertion failed on expression: 'pred(*previous, *i)'
Assertion failed on expression: 'pred(*previous, *i)'
Assertion failed on expression: 'pred(*previous, *i)'
Assertion failed on expression: 'pred(*previous, *i)'
Assertion failed on expression: 'pred(*previous, *i)'
Assertion failed on expression: 'pred(*previous, *i)'
Assertion failed on expression: 'pred(*previous, *i)'
Assertion failed on expression: 'pred(*previous, *i)'
Assertion failed on expression: 'pred(*previous, *i)'
Assertion failed on expression: 'pred(*previous, *i)'
Assertion failed on expression: 'pred(*previous, *i)'
Assertion failed on expression: 'pred(*previous, *i)'
Assertion failed on expression: 'pred(*previous, *i)'
Assertion failed on expression: 'pred(*previous, *i)'
Assertion failed on expression: 'pred(*previous, *i)'
Assertion failed on expression: 'pred(*previous, *i)'
Assertion failed on expression: 'pred(*previous, *i)'
Assertion failed on expression: 'pred(*previous, *i)'
Assertion failed on expression: 'pred(*previous, *i)'
Assertion failed on expression: 'pred(*previous, *i)'
Assertion failed on expression: 'pred(*previous, *i)'
Assertion failed on expression: 'pred(*previous, *i)'
Assertion failed on expression: 'pred(*previous, *i)'
Assertion failed on expression: 'pred(*previous, *i)'
Assertion failed on expression: 'pred(*previous, *i)'
Assertion failed on expression: 'pred(*previous, *i)'
Assertion failed on expression: 'pred(*previous, *i)'
Assertion failed on expression: 'pred(*previous, *i)'
Assertion failed on expression: 'pred(*previous, *i)'
Assertion failed on expression: 'pred(*previous, *i)'
Assertion failed on expression: 'pred(*previous, *i)'
Assertion failed on expression: 'pred(*previous, *i)'
Assertion failed on expression: 'pred(*previous, *i)'
Assertion failed on expression: 'pred(*previous, *i)'
Assertion failed on expression: 'pred(*previous, *i)'
Assertion failed on expression: 'pred(*previous, *i)'
Assertion failed on expression: 'pred(*previous, *i)'
Assertion failed on expression: 'pred(*previous, *i)'
Assertion failed on expression: 'pred(*previous, *i)'
Assertion failed on expression: 'pred(*previous, *i)'
Assertion failed on expression: 'pred(*previous, *i)'
Assertion failed on expression: 'pred(*previous, *i)'
Assertion failed on expression: 'pred(*previous, *i)'
Assertion failed on expression: 'pred(*previous, *i)'
Assertion failed on expression: 'pred(*previous, *i)'
Assertion failed on expression: 'pred(*previous, *i)'
Assertion failed on expression: 'pred(*previous, *i)'
Assertion failed on expression: 'pred(*previous, *i)'
Assertion failed on expression: 'pred(*previous, *i)'
Assertion failed on expression: 'pred(*previous, *i)'
Assertion failed on expression: 'pred(*previous, *i)'
Assertion failed on expression: 'pred(*previous, *i)'
Assertion failed on expression: 'pred(*previous, *i)'
Assertion failed on expression: 'pred(*previous, *i)'
Assertion failed on expression: 'pred(*previous, *i)'
Assertion failed on expression: 'pred(*previous, *i)'
Assertion failed on expression: 'pred(*previous, *i)'
Assertion failed on expression: 'pred(*previous, *i)'
Assertion failed on expression: 'pred(*previous, *i)'
Assertion failed on expression: 'pred(*previous, *i)'
Assertion failed on expression: 'pred(*previous, *i)'
Assertion failed on expression: 'pred(*previous, *i)'
Assertion failed on expression: 'pred(*previous, *i)'
Assertion failed on expression: 'pred(*previous, *i)'
Assertion failed on expression: 'pred(*previous, *i)'
Assertion failed on expression: 'pred(*previous, *i)'
Assertion failed on expression: 'pred(*previous, *i)'
Assertion failed on expression: 'pred(*previous, *i)'
Assertion failed on expression: 'pred(*previous, *i)'
Assertion failed on expression: 'pred(*previous, *i)'
Assertion failed on expression: 'pred(*previous, *i)'
Assertion failed on expression: 'pred(*previous, *i)'
Assertion failed on expression: 'pred(*previous, *i)'
Assertion failed on expression: 'pred(*previous, *i)'
Assertion failed on expression: 'pred(*previous, *i)'
Assertion failed on expression: 'pred(*previous, *i)'
Assertion failed on expression: 'pred(*previous, *i)'
Assertion failed on expression: 'pred(*previous, *i)'
Assertion failed on expression: 'pred(*previous, *i)'
Assertion failed on expression: 'pred(*previous, *i)'
Assertion failed on expression: 'pred(*previous, *i)'
Assertion failed on expression: 'pred(*previous, *i)'
Assertion failed on expression: 'pred(*previous, *i)'
Assertion failed on expression: 'pred(*previous, *i)'
Assertion failed on expression: 'pred(*previous, *i)'
Assertion failed on expression: 'pred(*previous, *i)'
Assertion failed on expression: 'pred(*previous, *i)'
Assertion failed on expression: 'pred(*previous, *i)'
Assertion failed on expression: 'pred(*previous, *i)'
Assertion failed on expression: 'pred(*previous, *i)'
Assertion failed on expression: 'pred(*previous, *i)'
Assertion failed on expression: 'pred(*previous, *i)'
Assertion failed on expression: 'pred(*previous, *i)'
Assertion failed on expression: 'pred(*previous, *i)'
Assertion failed on expression: 'pred(*previous, *i)'
Assertion failed on expression: 'pred(*previous, *i)'
Assertion failed on expression: 'pred(*previous, *i)'
Assertion failed on expression: 'pred(*previous, *i)'
Assertion failed on expression: 'pred(*previous, *i)'
Assertion failed on expression: 'pred(*previous, *i)'
Assertion failed on expression: 'pred(*previous, *i)'
Assertion failed on expression: 'pred(*previous, *i)'
Assertion failed on expression: 'pred(*previous, *i)'
Assertion failed on expression: 'pred(*previous, *i)'
Assertion failed on expression: 'pred(*previous, *i)'
Assertion failed on expression: 'pred(*previous, *i)'
Assertion failed on expression: 'pred(*previous, *i)'
Assertion failed on expression: 'pred(*previous, *i)'
Assertion failed on expression: 'pred(*previous, *i)'
Assertion failed on expression: 'pred(*previous, *i)'
Assertion failed on expression: 'pred(*previous, *i)'
Assertion failed on expression: 'pred(*previous, *i)'
Assertion failed on expression: 'pred(*previous, *i)'
Assertion failed on expression: 'pred(*previous, *i)'
Assertion failed on expression: 'pred(*previous, *i)'
Assertion failed on expression: 'pred(*previous, *i)'
Assertion failed on expression: 'pred(*previous, *i)'
Assertion failed on expression: 'pred(*previous, *i)'
Assertion failed on expression: 'pred(*previous, *i)'
Assertion failed on expression: 'pred(*previous, *i)'
Assertion failed on expression: 'pred(*previous, *i)'
Assertion failed on expression: 'pred(*previous, *i)'
Assertion failed on expression: 'pred(*previous, *i)'
Assertion failed on expression: 'pred(*previous, *i)'
Assertion failed on expression: 'pred(*previous, *i)'
Assertion failed on expression: 'pred(*previous, *i)'
Assertion failed on expression: 'pred(*previous, *i)'
Assertion failed on expression: 'pred(*previous, *i)'
Assertion failed on expression: 'pred(*previous, *i)'
Assertion failed on expression: 'pred(*previous, *i)'
Assertion failed on expression: 'pred(*previous, *i)'
Assertion failed on expression: 'pred(*previous, *i)'
Assertion failed on expression: 'pred(*previous, *i)'
Assertion failed on expression: 'pred(*previous, *i)'
Assertion failed on expression: 'pred(*previous, *i)'
Assertion failed on expression: 'pred(*previous, *i)'
Assertion failed on expression: 'pred(*previous, *i)'
Assertion failed on expression: 'pred(*previous, *i)'
Assertion failed on expression: 'pred(*previous, *i)'
Assertion failed on expression: 'pred(*previous, *i)'
Assertion failed on expression: 'pred(*previous, *i)'
Assertion failed on expression: 'pred(*previous, *i)'
Assertion failed on expression: 'pred(*previous, *i)'
Assertion failed on expression: 'pred(*previous, *i)'
Assertion failed on expression: 'pred(*previous, *i)'
Assertion failed on expression: 'pred(*previous, *i)'
Assertion failed on expression: 'pred(*previous, *i)'
Assertion failed on expression: 'pred(*previous, *i)'
Assertion failed on expression: 'pred(*previous, *i)'
Assertion failed on expression: 'pred(*previous, *i)'
Assertion failed on expression: 'pred(*previous, *i)'
Assertion failed on expression: 'pred(*previous, *i)'
Assertion failed on expression: 'pred(*previous, *i)'
Assertion failed on expression: 'pred(*previous, *i)'
Assertion failed on expression: 'pred(*previous, *i)'
Assertion failed on expression: 'pred(*previous, *i)'
Assertion failed on expression: 'pred(*previous, *i)'
Assertion failed on expression: 'pred(*previous, *i)'
Assertion failed on expression: 'pred(*previous, *i)'
Assertion failed on expression: 'pred(*previous, *i)'
Assertion failed on expression: 'pred(*previous, *i)'
Assertion failed on expression: 'pred(*previous, *i)'
Assertion failed on expression: 'pred(*previous, *i)'
Assertion failed on expression: 'pred(*previous, *i)'
Assertion failed on expression: 'pred(*previous, *i)'
Assertion failed on expression: 'pred(*previous, *i)'
Assertion failed on expression: 'pred(*previous, *i)'
Assertion failed on expression: 'pred(*previous, *i)'
Assertion failed on expression: 'pred(*previous, *i)'
Assertion failed on expression: 'pred(*previous, *i)'
Assertion failed on expression: 'pred(*previous, *i)'
Assertion failed on expression: 'pred(*previous, *i)'
Assertion failed on expression: 'pred(*previous, *i)'
Assertion failed on expression: 'pred(*previous, *i)'
Assertion failed on expression: 'pred(*previous, *i)'
Assertion failed on expression: 'pred(*previous, *i)'
Assertion failed on expression: 'pred(*previous, *i)'
Assertion failed on expression: 'pred(*previous, *i)'
Assertion failed on expression: 'pred(*previous, *i)'
Assertion failed on expression: 'pred(*previous, *i)'
Assertion failed on expression: 'pred(*previous, *i)'
Assertion failed on expression: 'pred(*previous, *i)'
Assertion failed on expression: 'pred(*previous, *i)'
Assertion failed on expression: 'pred(*previous, *i)'
Assertion failed on expression: 'pred(*previous, *i)'
Assertion failed on expression: 'pred(*previous, *i)'
Assertion failed on expression: 'pred(*previous, *i)'
Assertion failed on expression: 'pred(*previous, *i)'
Assertion failed on expression: 'pred(*previous, *i)'
Assertion failed on expression: 'pred(*previous, *i)'
Assertion failed on expression: 'pred(*previous, *i)'
Assertion failed on expression: 'pred(*previous, *i)'
Assertion failed on expression: 'pred(*previous, *i)'
Assertion failed on expression: 'pred(*previous, *i)'
Assertion failed on expression: 'pred(*previous, *i)'
Assertion failed on expression: 'pred(*previous, *i)'
Assertion failed on expression: 'pred(*previous, *i)'
Assertion failed on expression: 'pred(*previous, *i)'
Assertion failed on expression: 'pred(*previous, *i)'
Assertion failed on expression: 'pred(*previous, *i)'
Assertion failed on expression: 'pred(*previous, *i)'
Assertion failed on expression: 'pred(*previous, *i)'
Assertion failed on expression: 'pred(*previous, *i)'
Assertion failed on expression: 'pred(*previous, *i)'
Assertion failed on expression: 'pred(*previous, *i)'
Assertion failed on expression: 'pred(*previous, *i)'
Assertion failed on expression: 'pred(*previous, *i)'
Assertion failed on expression: 'pred(*previous, *i)'
Assertion failed on expression: 'pred(*previous, *i)'
Assertion failed on expression: 'pred(*previous, *i)'
Assertion failed on expression: 'pred(*previous, *i)'
Assertion failed on expression: 'pred(*previous, *i)'
Assertion failed on expression: 'pred(*previous, *i)'
Assertion failed on expression: 'pred(*previous, *i)'
Assertion failed on expression: 'pred(*previous, *i)'
Assertion failed on expression: 'pred(*previous, *i)'
Assertion failed on expression: 'pred(*previous, *i)'
Assertion failed on expression: 'pred(*previous, *i)'
Assertion failed on expression: 'pred(*previous, *i)'
Assertion failed on expression: 'pred(*previous, *i)'
Assertion failed on expression: 'pred(*previous, *i)'
Assertion failed on expression: 'pred(*previous, *i)'
Assertion failed on expression: 'pred(*previous, *i)'
Assertion failed on expression: 'pred(*previous, *i)'
Assertion failed on expression: 'pred(*previous, *i)'
Assertion failed on expression: 'pred(*previous, *i)'
Assertion failed on expression: 'pred(*previous, *i)'
Assertion failed on expression: 'pred(*previous, *i)'
Assertion failed on expression: 'pred(*previous, *i)'
Assertion failed on expression: 'pred(*previous, *i)'
Assertion failed on expression: 'pred(*previous, *i)'
Assertion failed on expression: 'pred(*previous, *i)'
Assertion failed on expression: 'pred(*previous, *i)'
Assertion failed on expression: 'pred(*previous, *i)'
Assertion failed on expression: 'pred(*previous, *i)'
Assertion failed on expression: 'pred(*previous, *i)'
Assertion failed on expression: 'pred(*previous, *i)'
Assertion failed on expression: 'pred(*previous, *i)'
Assertion failed on expression: 'pred(*previous, *i)'
Assertion failed on expression: 'pred(*previous, *i)'
Assertion failed on expression: 'pred(*previous, *i)'
Assertion failed on expression: 'pred(*previous, *i)'
Assertion failed on expression: 'pred(*previous, *i)'
Assertion failed on expression: 'pred(*previous, *i)'
Assertion failed on expression: 'pred(*previous, *i)'
Assertion failed on expression: 'pred(*previous, *i)'
Assertion failed on expression: 'pred(*previous, *i)'
Assertion failed on expression: 'pred(*previous, *i)'
Assertion failed on expression: 'pred(*previous, *i)'
Assertion failed on expression: 'pred(*previous, *i)'
Assertion failed on expression: 'pred(*previous, *i)'
Assertion failed on expression: 'pred(*previous, *i)'
Assertion failed on expression: 'pred(*previous, *i)'
Assertion failed on expression: 'pred(*previous, *i)'
Assertion failed on expression: 'pred(*previous, *i)'
Assertion failed on expression: 'pred(*previous, *i)'
Assertion failed on expression: 'pred(*previous, *i)'
Assertion failed on expression: 'pred(*previous, *i)'
Assertion failed on expression: 'pred(*previous, *i)'
Assertion failed on expression: 'pred(*previous, *i)'
Assertion failed on expression: 'pred(*previous, *i)'
Assertion failed on expression: 'pred(*previous, *i)'
Assertion failed on expression: 'pred(*previous, *i)'
Assertion failed on expression: 'pred(*previous, *i)'
Assertion failed on expression: 'pred(*previous, *i)'
Assertion failed on expression: 'pred(*previous, *i)'
Assertion failed on expression: 'pred(*previous, *i)'
Assertion failed on expression: 'pred(*previous, *i)'
Assertion failed on expression: 'pred(*previous, *i)'
Assertion failed on expression: 'pred(*previous, *i)'
Assertion failed on expression: 'pred(*previous, *i)'
Assertion failed on expression: 'pred(*previous, *i)'
Assertion failed on expression: 'pred(*previous, *i)'
Assertion failed on expression: 'pred(*previous, *i)'
Assertion failed on expression: 'pred(*previous, *i)'
Assertion failed on expression: 'pred(*previous, *i)'
Assertion failed on expression: 'pred(*previous, *i)'
Assertion failed on expression: 'pred(*previous, *i)'
Assertion failed on expression: 'pred(*previous, *i)'
Assertion failed on expression: 'pred(*previous, *i)'
Assertion failed on expression: 'pred(*previous, *i)'
Assertion failed on expression: 'pred(*previous, *i)'
Assertion failed on expression: 'pred(*previous, *i)'
Assertion failed on expression: 'pred(*previous, *i)'
Assertion failed on expression: 'pred(*previous, *i)'
Assertion failed on expression: 'pred(*previous, *i)'
Assertion failed on expression: 'pred(*previous, *i)'
Assertion failed on expression: 'pred(*previous, *i)'
Assertion failed on expression: 'pred(*previous, *i)'
Assertion failed on expression: 'pred(*previous, *i)'
Assertion failed on expression: 'pred(*previous, *i)'
Assertion failed on expression: 'pred(*previous, *i)'
Assertion failed on expression: 'pred(*previous, *i)'
Assertion failed on expression: 'pred(*previous, *i)'
Assertion failed on expression: 'pred(*previous, *i)'
Assertion failed on expression: 'pred(*previous, *i)'
Assertion failed on expression: 'pred(*previous, *i)'
Assertion failed on expression: 'pred(*previous, *i)'
Assertion failed on expression: 'pred(*previous, *i)'
Assertion failed on expression: 'pred(*previous, *i)'
Assertion failed on expression: 'pred(*previous, *i)'
Assertion failed on expression: 'pred(*previous, *i)'
Assertion failed on expression: 'pred(*previous, *i)'
Assertion failed on expression: 'pred(*previous, *i)'
Assertion failed on expression: 'pred(*previous, *i)'
Assertion failed on expression: 'pred(*previous, *i)'
Assertion failed on expression: 'pred(*previous, *i)'
Assertion failed on expression: 'pred(*previous, *i)'
Assertion failed on expression: 'pred(*previous, *i)'
Assertion failed on expression: 'pred(*previous, *i)'
Assertion failed on expression: 'pred(*previous, *i)'
Assertion failed on expression: 'pred(*previous, *i)'
Assertion failed on expression: 'pred(*previous, *i)'
Assertion failed on expression: 'pred(*previous, *i)'
Assertion failed on expression: 'pred(*previous, *i)'
Assertion failed on expression: 'pred(*previous, *i)'
Assertion failed on expression: 'pred(*previous, *i)'
Assertion failed on expression: 'pred(*previous, *i)'
Assertion failed on expression: 'pred(*previous, *i)'
Assertion failed on expression: 'pred(*previous, *i)'
Assertion failed on expression: 'pred(*previous, *i)'
Assertion failed on expression: 'pred(*previous, *i)'
Assertion failed on expression: 'pred(*previous, *i)'
Assertion failed on expression: 'pred(*previous, *i)'
Assertion failed on expression: 'pred(*previous, *i)'
Assertion failed on expression: 'pred(*previous, *i)'
Assertion failed on expression: 'pred(*previous, *i)'
Assertion failed on expression: 'pred(*previous, *i)'
Assertion failed on expression: 'pred(*previous, *i)'
Assertion failed on expression: 'pred(*previous, *i)'
Assertion failed on expression: 'pred(*previous, *i)'
Assertion failed on expression: 'pred(*previous, *i)'
Assertion failed on expression: 'pred(*previous, *i)'
Assertion failed on expression: 'pred(*previous, *i)'
Assertion failed on expression: 'pred(*previous, *i)'
Assertion failed on expression: 'pred(*previous, *i)'
Assertion failed on expression: 'pred(*previous, *i)'
Assertion failed on expression: 'pred(*previous, *i)'
Assertion failed on expression: 'pred(*previous, *i)'
Assertion failed on expression: 'pred(*previous, *i)'
Assertion failed on expression: 'pred(*previous, *i)'
Assertion failed on expression: 'pred(*previous, *i)'
Assertion failed on expression: 'pred(*previous, *i)'
Assertion failed on expression: 'pred(*previous, *i)'
Assertion failed on expression: 'pred(*previous, *i)'
Assertion failed on expression: 'pred(*previous, *i)'
Assertion failed on expression: 'pred(*previous, *i)'
Assertion failed on expression: 'pred(*previous, *i)'
Assertion failed on expression: 'pred(*previous, *i)'
Assertion failed on expression: 'pred(*previous, *i)'
Assertion failed on expression: 'pred(*previous, *i)'
Assertion failed on expression: 'pred(*previous, *i)'
Assertion failed on expression: 'pred(*previous, *i)'
Assertion failed on expression: 'pred(*previous, *i)'
Assertion failed on expression: 'pred(*previous, *i)'
Assertion failed on expression: 'pred(*previous, *i)'
Assertion failed on expression: 'pred(*previous, *i)'
Assertion failed on expression: 'pred(*previous, *i)'
Assertion failed on expression: 'pred(*previous, *i)'
Assertion failed on expression: 'pred(*previous, *i)'
Assertion failed on expression: 'pred(*previous, *i)'
Assertion failed on expression: 'pred(*previous, *i)'
Assertion failed on expression: 'pred(*previous, *i)'
Assertion failed on expression: 'pred(*previous, *i)'
Assertion failed on expression: 'pred(*previous, *i)'
Assertion failed on expression: 'pred(*previous, *i)'
Assertion failed on expression: 'pred(*previous, *i)'
Assertion failed on expression: 'pred(*previous, *i)'
Assertion failed on expression: 'pred(*previous, *i)'
Assertion failed on expression: 'pred(*previous, *i)'
Assertion failed on expression: 'pred(*previous, *i)'
Assertion failed on expression: 'pred(*previous, *i)'
Assertion failed on expression: 'pred(*previous, *i)'
Assertion failed on expression: 'pred(*previous, *i)'
Assertion failed on expression: 'pred(*previous, *i)'
Assertion failed on expression: 'pred(*previous, *i)'
Assertion failed on expression: 'pred(*previous, *i)'
Assertion failed on expression: 'pred(*previous, *i)'
Assertion failed on expression: 'pred(*previous, *i)'
Assertion failed on expression: 'pred(*previous, *i)'
Assertion failed on expression: 'pred(*previous, *i)'
Assertion failed on expression: 'pred(*previous, *i)'
Assertion failed on expression: 'pred(*previous, *i)'
Assertion failed on expression: 'pred(*previous, *i)'
Assertion failed on expression: 'pred(*previous, *i)'
Assertion failed on expression: 'pred(*previous, *i)'
Assertion failed on expression: 'pred(*previous, *i)'
Assertion failed on expression: 'pred(*previous, *i)'
Assertion failed on expression: 'pred(*previous, *i)'
Assertion failed on expression: 'pred(*previous, *i)'
Assertion failed on expression: 'pred(*previous, *i)'
Assertion failed on expression: 'pred(*previous, *i)'
Assertion failed on expression: 'pred(*previous, *i)'
Assertion failed on expression: 'pred(*previous, *i)'
Assertion failed on expression: 'pred(*previous, *i)'
Assertion failed on expression: 'pred(*previous, *i)'
Assertion failed on expression: 'pred(*previous, *i)'
Assertion failed on expression: 'pred(*previous, *i)'
Assertion failed on expression: 'pred(*previous, *i)'
Assertion failed on expression: 'pred(*previous, *i)'
Assertion failed on expression: 'pred(*previous, *i)'
Assertion failed on expression: 'pred(*previous, *i)'
Assertion failed on expression: 'pred(*previous, *i)'
Assertion failed on expression: 'pred(*previous, *i)'
Assertion failed on expression: 'pred(*previous, *i)'
Assertion failed on expression: 'pred(*previous, *i)'
Assertion failed on expression: 'pred(*previous, *i)'
Assertion failed on expression: 'pred(*previous, *i)'
Assertion failed on expression: 'pred(*previous, *i)'
Assertion failed on expression: 'pred(*previous, *i)'
Assertion failed on expression: 'pred(*previous, *i)'
Assertion failed on expression: 'pred(*previous, *i)'
Assertion failed on expression: 'pred(*previous, *i)'
Assertion failed on expression: 'pred(*previous, *i)'
Assertion failed on expression: 'pred(*previous, *i)'
Assertion failed on expression: 'pred(*previous, *i)'
Assertion failed on expression: 'pred(*previous, *i)'
Assertion failed on expression: 'pred(*previous, *i)'
Assertion failed on expression: 'pred(*previous, *i)'
Assertion failed on expression: 'pred(*previous, *i)'
Assertion failed on expression: 'pred(*previous, *i)'
Assertion failed on expression: 'pred(*previous, *i)'
Assertion failed on expression: 'pred(*previous, *i)'
Assertion failed on expression: 'pred(*previous, *i)'
Assertion failed on expression: 'pred(*previous, *i)'
Assertion failed on expression: 'pred(*previous, *i)'
Assertion failed on expression: 'pred(*previous, *i)'
Assertion failed on expression: 'pred(*previous, *i)'
Assertion failed on expression: 'pred(*previous, *i)'
Assertion failed on expression: 'pred(*previous, *i)'
Assertion failed on expression: 'pred(*previous, *i)'
Assertion failed on expression: 'pred(*previous, *i)'
Assertion failed on expression: 'pred(*previous, *i)'
Assertion failed on expression: 'pred(*previous, *i)'
Assertion failed on expression: 'pred(*previous, *i)'
Assertion failed on expression: 'pred(*previous, *i)'
Assertion failed on expression: 'pred(*previous, *i)'
Assertion failed on expression: 'pred(*previous, *i)'
Assertion failed on expression: 'pred(*previous, *i)'
Assertion failed on expression: 'pred(*previous, *i)'
Assertion failed on expression: 'pred(*previous, *i)'
Assertion failed on expression: 'pred(*previous, *i)'
Assertion failed on expression: 'pred(*previous, *i)'
Assertion failed on expression: 'pred(*previous, *i)'
Assertion failed on expression: 'pred(*previous, *i)'
Assertion failed on expression: 'pred(*previous, *i)'
Assertion failed on expression: 'pred(*previous, *i)'
Assertion failed on expression: 'pred(*previous, *i)'
Assertion failed on expression: 'pred(*previous, *i)'
Assertion failed on expression: 'pred(*previous, *i)'
Assertion failed on expression: 'pred(*previous, *i)'
Assertion failed on expression: 'pred(*previous, *i)'
Assertion failed on expression: 'pred(*previous, *i)'
Assertion failed on expression: 'pred(*previous, *i)'
Assertion failed on expression: 'pred(*previous, *i)'
Assertion failed on expression: 'pred(*previous, *i)'
Assertion failed on expression: 'pred(*previous, *i)'
Assertion failed on expression: 'pred(*previous, *i)'
Assertion failed on expression: 'pred(*previous, *i)'
Assertion failed on expression: 'pred(*previous, *i)'
Assertion failed on expression: 'pred(*previous, *i)'
Assertion failed on expression: 'pred(*previous, *i)'
Assertion failed on expression: 'pred(*previous, *i)'
Assertion failed on expression: 'pred(*previous, *i)'
Assertion failed on expression: 'pred(*previous, *i)'
Assertion failed on expression: 'pred(*previous, *i)'
Assertion failed on expression: 'pred(*previous, *i)'
Assertion failed on expression: 'pred(*previous, *i)'
Assertion failed on expression: 'pred(*previous, *i)'
Assertion failed on expression: 'pred(*previous, *i)'
Assertion failed on expression: 'pred(*previous, *i)'
Assertion failed on expression: 'pred(*previous, *i)'
Assertion failed on expression: 'pred(*previous, *i)'
Assertion failed on expression: 'pred(*previous, *i)'
Assertion failed on expression: 'pred(*previous, *i)'
Assertion failed on expression: 'pred(*previous, *i)'
Assertion failed on expression: 'pred(*previous, *i)'
Assertion failed on expression: 'pred(*previous, *i)'
Assertion failed on expression: 'pred(*previous, *i)'
Assertion failed on expression: 'pred(*previous, *i)'
Assertion failed on expression: 'pred(*previous, *i)'
Assertion failed on expression: 'pred(*previous, *i)'
Assertion failed on expression: 'pred(*previous, *i)'
Assertion failed on expression: 'pred(*previous, *i)'
Assertion failed on expression: 'pred(*previous, *i)'
Assertion failed on expression: 'pred(*previous, *i)'
Assertion failed on expression: 'pred(*previous, *i)'
Assertion failed on expression: 'pred(*previous, *i)'
Assertion failed on expression: 'pred(*previous, *i)'
Assertion failed on expression: 'pred(*previous, *i)'
Assertion failed on expression: 'pred(*previous, *i)'
Assertion failed on expression: 'pred(*previous, *i)'
Assertion failed on expression: 'pred(*previous, *i)'
Assertion failed on expression: 'pred(*previous, *i)'
Assertion failed on expression: 'pred(*previous, *i)'
Assertion failed on expression: 'pred(*previous, *i)'
Assertion failed on expression: 'pred(*previous, *i)'
Assertion failed on expression: 'pred(*previous, *i)'
Assertion failed on expression: 'pred(*previous, *i)'
Assertion failed on expression: 'pred(*previous, *i)'
Assertion failed on expression: 'pred(*previous, *i)'
Assertion failed on expression: 'pred(*previous, *i)'
Assertion failed on expression: 'pred(*previous, *i)'
Assertion failed on expression: 'pred(*previous, *i)'
Assertion failed on expression: 'pred(*previous, *i)'
Assertion failed on expression: 'pred(*previous, *i)'
Assertion failed on expression: 'pred(*previous, *i)'
Assertion failed on expression: 'pred(*previous, *i)'
Assertion failed on expression: 'pred(*previous, *i)'
Assertion failed on expression: 'pred(*previous, *i)'
Assertion failed on expression: 'pred(*previous, *i)'
Assertion failed on expression: 'pred(*previous, *i)'
Assertion failed on expression: 'pred(*previous, *i)'
Assertion failed on expression: 'pred(*previous, *i)'
Assertion failed on expression: 'pred(*previous, *i)'
Assertion failed on expression: 'pred(*previous, *i)'
Assertion failed on expression: 'pred(*previous, *i)'
Assertion failed on expression: 'pred(*previous, *i)'
Assertion failed on expression: 'pred(*previous, *i)'
Assertion failed on expression: 'pred(*previous, *i)'
Assertion failed on expression: 'pred(*previous, *i)'
Assertion failed on expression: 'pred(*previous, *i)'
Assertion failed on expression: 'pred(*previous, *i)'
Assertion failed on expression: 'pred(*previous, *i)'
Assertion failed on expression: 'pred(*previous, *i)'
Assertion failed on expression: 'pred(*previous, *i)'
Assertion failed on expression: 'pred(*previous, *i)'
Assertion failed on expression: 'pred(*previous, *i)'
Assertion failed on expression: 'pred(*previous, *i)'
Assertion failed on expression: 'pred(*previous, *i)'
Assertion failed on expression: 'pred(*previous, *i)'
Assertion failed on expression: 'pred(*previous, *i)'
Assertion failed on expression: 'pred(*previous, *i)'
Assertion failed on expression: 'pred(*previous, *i)'
Assertion failed on expression: 'pred(*previous, *i)'
Assertion failed on expression: 'pred(*previous, *i)'
Assertion failed on expression: 'pred(*previous, *i)'
Assertion failed on expression: 'pred(*previous, *i)'
Assertion failed on expression: 'pred(*previous, *i)'
Assertion failed on expression: 'pred(*previous, *i)'
Assertion failed on expression: 'pred(*previous, *i)'
Assertion failed on expression: 'pred(*previous, *i)'
Assertion failed on expression: 'pred(*previous, *i)'
Assertion failed on expression: 'pred(*previous, *i)'
Assertion failed on expression: 'pred(*previous, *i)'
Assertion failed on expression: 'pred(*previous, *i)'
Assertion failed on expression: 'pred(*previous, *i)'
Assertion failed on expression: 'pred(*previous, *i)'
Assertion failed on expression: 'pred(*previous, *i)'
Assertion failed on expression: 'pred(*previous, *i)'
Assertion failed on expression: 'pred(*previous, *i)'
Assertion failed on expression: 'pred(*previous, *i)'
Assertion failed on expression: 'pred(*previous, *i)'
Assertion failed on expression: 'pred(*previous, *i)'
Assertion failed on expression: 'pred(*previous, *i)'
Assertion failed on expression: 'pred(*previous, *i)'
Assertion failed on expression: 'pred(*previous, *i)'
Assertion failed on expression: 'pred(*previous, *i)'
Assertion failed on expression: 'pred(*previous, *i)'
Assertion failed on expression: 'pred(*previous, *i)'
Assertion failed on expression: 'pred(*previous, *i)'
Assertion failed on expression: 'pred(*previous, *i)'
Assertion failed on expression: 'pred(*previous, *i)'
Assertion failed on expression: 'pred(*previous, *i)'
Assertion failed on expression: 'pred(*previous, *i)'
Assertion failed on expression: 'pred(*previous, *i)'
Assertion failed on expression: 'pred(*previous, *i)'
Assertion failed on expression: 'pred(*previous, *i)'
Assertion failed on expression: 'pred(*previous, *i)'
Assertion failed on expression: 'pred(*previous, *i)'
Assertion failed on expression: 'pred(*previous, *i)'
Assertion failed on expression: 'pred(*previous, *i)'
Assertion failed on expression: 'pred(*previous, *i)'
Assertion failed on expression: 'pred(*previous, *i)'
Assertion failed on expression: 'pred(*previous, *i)'
Assertion failed on expression: 'pred(*previous, *i)'
Assertion failed on expression: 'pred(*previous, *i)'
Assertion failed on expression: 'pred(*previous, *i)'
Assertion failed on expression: 'pred(*previous, *i)'
Assertion failed on expression: 'pred(*previous, *i)'
Assertion failed on expression: 'pred(*previous, *i)'
Assertion failed on expression: 'pred(*previous, *i)'
Assertion failed on expression: 'pred(*previous, *i)'
Assertion failed on expression: 'pred(*previous, *i)'
Assertion failed on expression: 'pred(*previous, *i)'
Assertion failed on expression: 'pred(*previous, *i)'
Assertion failed on expression: 'pred(*previous, *i)'
Assertion failed on expression: 'pred(*previous, *i)'
Assertion failed on expression: 'pred(*previous, *i)'
Assertion failed on expression: 'pred(*previous, *i)'
Assertion failed on expression: 'pred(*previous, *i)'
Assertion failed on expression: 'pred(*previous, *i)'
Assertion failed on expression: 'pred(*previous, *i)'
Assertion failed on expression: 'pred(*previous, *i)'
Assertion failed on expression: 'pred(*previous, *i)'
Assertion failed on expression: 'pred(*previous, *i)'
Assertion failed on expression: 'pred(*previous, *i)'
Assertion failed on expression: 'pred(*previous, *i)'
Assertion failed on expression: 'pred(*previous, *i)'
Assertion failed on expression: 'pred(*previous, *i)'
Assertion failed on expression: 'pred(*previous, *i)'
Assertion failed on expression: 'pred(*previous, *i)'
Assertion failed on expression: 'pred(*previous, *i)'
Assertion failed on expression: 'pred(*previous, *i)'
Assertion failed on expression: 'pred(*previous, *i)'
Assertion failed on expression: 'pred(*previous, *i)'
Assertion failed on expression: 'pred(*previous, *i)'
Assertion failed on expression: 'pred(*previous, *i)'
Assertion failed on expression: 'pred(*previous, *i)'
Assertion failed on expression: 'pred(*previous, *i)'
Assertion failed on expression: 'pred(*previous, *i)'
Assertion failed on expression: 'pred(*previous, *i)'
Assertion failed on expression: 'pred(*previous, *i)'
Assertion failed on expression: 'pred(*previous, *i)'
Assertion failed on expression: 'pred(*previous, *i)'
Assertion failed on expression: 'pred(*previous, *i)'
Assertion failed on expression: 'pred(*previous, *i)'
Assertion failed on expression: 'pred(*previous, *i)'
Assertion failed on expression: 'pred(*previous, *i)'
Assertion failed on expression: 'pred(*previous, *i)'
Assertion failed on expression: 'pred(*previous, *i)'
Assertion failed on expression: 'pred(*previous, *i)'
Assertion failed on expression: 'pred(*previous, *i)'
Assertion failed on expression: 'pred(*previous, *i)'
Assertion failed on expression: 'pred(*previous, *i)'
Assertion failed on expression: 'pred(*previous, *i)'
Assertion failed on expression: 'pred(*previous, *i)'
Assertion failed on expression: 'pred(*previous, *i)'
Assertion failed on expression: 'pred(*previous, *i)'
Assertion failed on expression: 'pred(*previous, *i)'
Assertion failed on expression: 'pred(*previous, *i)'
Assertion failed on expression: 'pred(*previous, *i)'
Assertion failed on expression: 'pred(*previous, *i)'
Assertion failed on expression: 'pred(*previous, *i)'
Assertion failed on expression: 'pred(*previous, *i)'
Assertion failed on expression: 'pred(*previous, *i)'
Assertion failed on expression: 'pred(*previous, *i)'
Assertion failed on expression: 'pred(*previous, *i)'
Assertion failed on expression: 'pred(*previous, *i)'
Assertion failed on expression: 'pred(*previous, *i)'
Assertion failed on expression: 'pred(*previous, *i)'
Assertion failed on expression: 'pred(*previous, *i)'
Assertion failed on expression: 'pred(*previous, *i)'
Assertion failed on expression: 'pred(*previous, *i)'
Assertion failed on expression: 'pred(*previous, *i)'
Assertion failed on expression: 'pred(*previous, *i)'
Assertion failed on expression: 'pred(*previous, *i)'
Assertion failed on expression: 'pred(*previous, *i)'
Assertion failed on expression: 'pred(*previous, *i)'
Assertion failed on expression: 'pred(*previous, *i)'
Assertion failed on expression: 'pred(*previous, *i)'
Assertion failed on expression: 'pred(*previous, *i)'
Assertion failed on expression: 'pred(*previous, *i)'
Assertion failed on expression: 'pred(*previous, *i)'
Assertion failed on expression: 'pred(*previous, *i)'
Assertion failed on expression: 'pred(*previous, *i)'
Assertion failed on expression: 'pred(*previous, *i)'
Assertion failed on expression: 'pred(*previous, *i)'
Assertion failed on expression: 'pred(*previous, *i)'
Assertion failed on expression: 'pred(*previous, *i)'
Assertion failed on expression: 'pred(*previous, *i)'
Assertion failed on expression: 'pred(*previous, *i)'
Assertion failed on expression: 'pred(*previous, *i)'
Assertion failed on expression: 'pred(*previous, *i)'
Assertion failed on expression: 'pred(*previous, *i)'
Assertion failed on expression: 'pred(*previous, *i)'
Assertion failed on expression: 'pred(*previous, *i)'
Assertion failed on expression: 'pred(*previous, *i)'
Assertion failed on expression: 'pred(*previous, *i)'
Assertion failed on expression: 'pred(*previous, *i)'
Assertion failed on expression: 'pred(*previous, *i)'
Assertion failed on expression: 'pred(*previous, *i)'
Assertion failed on expression: 'pred(*previous, *i)'
Assertion failed on expression: 'pred(*previous, *i)'
Assertion failed on expression: 'pred(*previous, *i)'
Assertion failed on expression: 'pred(*previous, *i)'
Assertion failed on expression: 'pred(*previous, *i)'
Assertion failed on expression: 'pred(*previous, *i)'
Assertion failed on expression: 'pred(*previous, *i)'
Assertion failed on expression: 'pred(*previous, *i)'
Assertion failed on expression: 'pred(*previous, *i)'
Assertion failed on expression: 'pred(*previous, *i)'
Assertion failed on expression: 'pred(*previous, *i)'
Assertion failed on expression: 'pred(*previous, *i)'
Assertion failed on expression: 'pred(*previous, *i)'
Assertion failed on expression: 'pred(*previous, *i)'
Assertion failed on expression: 'pred(*previous, *i)'
Assertion failed on expression: 'pred(*previous, *i)'
Assertion failed on expression: 'pred(*previous, *i)'
Assertion failed on expression: 'pred(*previous, *i)'
Assertion failed on expression: 'pred(*previous, *i)'
Assertion failed on expression: 'pred(*previous, *i)'
Assertion failed on expression: 'pred(*previous, *i)'
Assertion failed on expression: 'pred(*previous, *i)'
Assertion failed on expression: 'pred(*previous, *i)'
Assertion failed on expression: 'pred(*previous, *i)'
Assertion failed on expression: 'pred(*previous, *i)'
Assertion failed on expression: 'pred(*previous, *i)'
Assertion failed on expression: 'pred(*previous, *i)'
Assertion failed on expression: 'pred(*previous, *i)'
Assertion failed on expression: 'pred(*previous, *i)'
Assertion failed on expression: 'pred(*previous, *i)'
Assertion failed on expression: 'pred(*previous, *i)'
Assertion failed on expression: 'pred(*previous, *i)'
Assertion failed on expression: 'pred(*previous, *i)'
Assertion failed on expression: 'pred(*previous, *i)'
Assertion failed on expression: 'pred(*previous, *i)'
Assertion failed on expression: 'pred(*previous, *i)'
Assertion failed on expression: 'pred(*previous, *i)'
Assertion failed on expression: 'pred(*previous, *i)'
Assertion failed on expression: 'pred(*previous, *i)'
Assertion failed on expression: 'pred(*previous, *i)'
Assertion failed on expression: 'pred(*previous, *i)'
Assertion failed on expression: 'pred(*previous, *i)'
Assertion failed on expression: 'pred(*previous, *i)'
Assertion failed on expression: 'pred(*previous, *i)'
Assertion failed on expression: 'pred(*previous, *i)'
Assertion failed on expression: 'pred(*previous, *i)'
Assertion failed on expression: 'pred(*previous, *i)'
Assertion failed on expression: 'pred(*previous, *i)'
Assertion failed on expression: 'pred(*previous, *i)'
Assertion failed on expression: 'pred(*previous, *i)'
Assertion failed on expression: 'pred(*previous, *i)'
Assertion failed on expression: 'pred(*previous, *i)'
Assertion failed on expression: 'pred(*previous, *i)'
Assertion failed on expression: 'pred(*previous, *i)'
Assertion failed on expression: 'pred(*previous, *i)'
Assertion failed on expression: 'pred(*previous, *i)'
Assertion failed on expression: 'pred(*previous, *i)'
Assertion failed on expression: 'pred(*previous, *i)'
Assertion failed on expression: 'pred(*previous, *i)'
Assertion failed on expression: 'pred(*previous, *i)'
Assertion failed on expression: 'pred(*previous, *i)'
Assertion failed on expression: 'pred(*previous, *i)'
Assertion failed on expression: 'pred(*previous, *i)'
Assertion failed on expression: 'pred(*previous, *i)'
Assertion failed on expression: 'pred(*previous, *i)'
Assertion failed on expression: 'pred(*previous, *i)'
Assertion failed on expression: 'pred(*previous, *i)'
Assertion failed on expression: 'pred(*previous, *i)'
Assertion failed on expression: 'pred(*previous, *i)'
Assertion failed on expression: 'pred(*previous, *i)'
Assertion failed on expression: 'pred(*previous, *i)'
Assertion failed on expression: 'pred(*previous, *i)'
Assertion failed on expression: 'pred(*previous, *i)'
Assertion failed on expression: 'pred(*previous, *i)'
Assertion failed on expression: 'pred(*previous, *i)'
Assertion failed on expression: 'pred(*previous, *i)'
Assertion failed on expression: 'pred(*previous, *i)'
Assertion failed on expression: 'pred(*previous, *i)'
Assertion failed on expression: 'pred(*previous, *i)'
Assertion failed on expression: 'pred(*previous, *i)'
Assertion failed on expression: 'pred(*previous, *i)'
Assertion failed on expression: 'pred(*previous, *i)'
Assertion failed on expression: 'pred(*previous, *i)'
Assertion failed on expression: 'pred(*previous, *i)'
Assertion failed on expression: 'pred(*previous, *i)'
Assertion failed on expression: 'pred(*previous, *i)'
Assertion failed on expression: 'pred(*previous, *i)'
Assertion failed on expression: 'pred(*previous, *i)'
Assertion failed on expression: 'pred(*previous, *i)'
Assertion failed on expression: 'pred(*previous, *i)'
Assertion failed on expression: 'pred(*previous, *i)'
Assertion failed on expression: 'pred(*previous, *i)'
Assertion failed on expression: 'pred(*previous, *i)'
Assertion failed on expression: 'pred(*previous, *i)'
Assertion failed on expression: 'pred(*previous, *i)'
Assertion failed on expression: 'pred(*previous, *i)'
Assertion failed on expression: 'pred(*previous, *i)'
Assertion failed on expression: 'pred(*previous, *i)'
Assertion failed on expression: 'pred(*previous, *i)'
Assertion failed on expression: 'pred(*previous, *i)'
Assertion failed on expression: 'pred(*previous, *i)'
Assertion failed on expression: 'pred(*previous, *i)'
Assertion failed on expression: 'pred(*previous, *i)'
Assertion failed on expression: 'pred(*previous, *i)'
Assertion failed on expression: 'pred(*previous, *i)'
Assertion failed on expression: 'pred(*previous, *i)'
Assertion failed on expression: 'pred(*previous, *i)'
Assertion failed on expression: 'pred(*previous, *i)'
Assertion failed on expression: 'pred(*previous, *i)'
Assertion failed on expression: 'pred(*previous, *i)'
Assertion failed on expression: 'pred(*previous, *i)'
Assertion failed on expression: 'pred(*previous, *i)'
Assertion failed on expression: 'pred(*previous, *i)'
Assertion failed on expression: 'pred(*previous, *i)'
Assertion failed on expression: 'pred(*previous, *i)'
Assertion failed on expression: 'pred(*previous, *i)'
Assertion failed on expression: 'pred(*previous, *i)'
Assertion failed on expression: 'pred(*previous, *i)'
Assertion failed on expression: 'pred(*previous, *i)'
Assertion failed on expression: 'pred(*previous, *i)'
Assertion failed on expression: 'pred(*previous, *i)'
Assertion failed on expression: 'pred(*previous, *i)'
Assertion failed on expression: 'pred(*previous, *i)'
Assertion failed on expression: 'pred(*previous, *i)'
Assertion failed on expression: 'pred(*previous, *i)'
Assertion failed on expression: 'pred(*previous, *i)'
Assertion failed on expression: 'pred(*previous, *i)'
Assertion failed on expression: 'pred(*previous, *i)'
Assertion failed on expression: 'pred(*previous, *i)'
Assertion failed on expression: 'pred(*previous, *i)'
Assertion failed on expression: 'pred(*previous, *i)'
Assertion failed on expression: 'pred(*previous, *i)'
Assertion failed on expression: 'pred(*previous, *i)'
Assertion failed on expression: 'pred(*previous, *i)'
Assertion failed on expression: 'pred(*previous, *i)'
Assertion failed on expression: 'pred(*previous, *i)'
Assertion failed on expression: 'pred(*previous, *i)'
Assertion failed on expression: 'pred(*previous, *i)'
Assertion failed on expression: 'pred(*previous, *i)'
Assertion failed on expression: 'pred(*previous, *i)'
Assertion failed on expression: 'pred(*previous, *i)'
Assertion failed on expression: 'pred(*previous, *i)'
Assertion failed on expression: 'pred(*previous, *i)'
Assertion failed on expression: 'pred(*previous, *i)'
Assertion failed on expression: 'pred(*previous, *i)'
Assertion failed on expression: 'pred(*previous, *i)'
Assertion failed on expression: 'pred(*previous, *i)'
Assertion failed on expression: 'pred(*previous, *i)'
Assertion failed on expression: 'pred(*previous, *i)'
Assertion failed on expression: 'pred(*previous, *i)'
Assertion failed on expression: 'pred(*previous, *i)'
Assertion failed on expression: 'pred(*previous, *i)'
Assertion failed on expression: 'pred(*previous, *i)'
Assertion failed on expression: 'pred(*previous, *i)'
Assertion failed on expression: 'pred(*previous, *i)'
Assertion failed on expression: 'pred(*previous, *i)'
Assertion failed on expression: 'pred(*previous, *i)'
Assertion failed on expression: 'pred(*previous, *i)'
Assertion failed on expression: 'pred(*previous, *i)'
Assertion failed on expression: 'pred(*previous, *i)'
Assertion failed on expression: 'pred(*previous, *i)'
Assertion failed on expression: 'pred(*previous, *i)'
Assertion failed on expression: 'pred(*previous, *i)'
Assertion failed on expression: 'pred(*previous, *i)'
Assertion failed on expression: 'pred(*previous, *i)'
Assertion failed on expression: 'pred(*previous, *i)'
Assertion failed on expression: 'pred(*previous, *i)'
Assertion failed on expression: 'pred(*previous, *i)'
Assertion failed on expression: 'pred(*previous, *i)'
Assertion failed on expression: 'pred(*previous, *i)'
Assertion failed on expression: 'pred(*previous, *i)'
Assertion failed on expression: 'pred(*previous, *i)'
Assertion failed on expression: 'pred(*previous, *i)'
Assertion failed on expression: 'pred(*previous, *i)'
Assertion failed on expression: 'pred(*previous, *i)'
Assertion failed on expression: 'pred(*previous, *i)'
Assertion failed on expression: 'pred(*previous, *i)'
Assertion failed on expression: 'pred(*previous, *i)'
Assertion failed on expression: 'pred(*previous, *i)'
Assertion failed on expression: 'pred(*previous, *i)'
Assertion failed on expression: 'pred(*previous, *i)'
Assertion failed on expression: 'pred(*previous, *i)'
Assertion failed on expression: 'pred(*previous, *i)'
Assertion failed on expression: 'pred(*previous, *i)'
Assertion failed on expression: 'pred(*previous, *i)'
Assertion failed on expression: 'pred(*previous, *i)'
Assertion failed on expression: 'pred(*previous, *i)'
Assertion failed on expression: 'pred(*previous, *i)'
Assertion failed on expression: 'pred(*previous, *i)'
Assertion failed on expression: 'pred(*previous, *i)'
Assertion failed on expression: 'pred(*previous, *i)'
Assertion failed on expression: 'pred(*previous, *i)'
Assertion failed on expression: 'pred(*previous, *i)'
Assertion failed on expression: 'pred(*previous, *i)'
Assertion failed on expression: 'pred(*previous, *i)'
Assertion failed on expression: 'pred(*previous, *i)'
Assertion failed on expression: 'pred(*previous, *i)'
Assertion failed on expression: 'pred(*previous, *i)'
Assertion failed on expression: 'pred(*previous, *i)'
Assertion failed on expression: 'pred(*previous, *i)'
Assertion failed on expression: 'pred(*previous, *i)'
Assertion failed on expression: 'pred(*previous, *i)'
Assertion failed on expression: 'pred(*previous, *i)'
Assertion failed on expression: 'pred(*previous, *i)'
Assertion failed on expression: 'pred(*previous, *i)'
Assertion failed on expression: 'pred(*previous, *i)'
Assertion failed on expression: 'pred(*previous, *i)'
Assertion failed on expression: 'pred(*previous, *i)'
Assertion failed on expression: 'pred(*previous, *i)'
Assertion failed on expression: 'pred(*previous, *i)'
Assertion failed on expression: 'pred(*previous, *i)'
Assertion failed on expression: 'pred(*previous, *i)'
Assertion failed on expression: 'pred(*previous, *i)'
Assertion failed on expression: 'pred(*previous, *i)'
Assertion failed on expression: 'pred(*previous, *i)'
Assertion failed on expression: 'pred(*previous, *i)'
Assertion failed on expression: 'pred(*previous, *i)'
Assertion failed on expression: 'pred(*previous, *i)'
Assertion failed on expression: 'pred(*previous, *i)'
Assertion failed on expression: 'pred(*previous, *i)'
Assertion failed on expression: 'pred(*previous, *i)'
Assertion failed on expression: 'pred(*previous, *i)'
Assertion failed on expression: 'pred(*previous, *i)'
Assertion failed on expression: 'pred(*previous, *i)'
Assertion failed on expression: 'pred(*previous, *i)'
Assertion failed on expression: 'pred(*previous, *i)'
Assertion failed on expression: 'pred(*previous, *i)'
Assertion failed on expression: 'pred(*previous, *i)'
Assertion failed on expression: 'pred(*previous, *i)'
Assertion failed on expression: 'pred(*previous, *i)'
Assertion failed on expression: 'pred(*previous, *i)'
Assertion failed on expression: 'pred(*previous, *i)'
Assertion failed on expression: 'pred(*previous, *i)'
Assertion failed on expression: 'pred(*previous, *i)'
Assertion failed on expression: 'pred(*previous, *i)'
Assertion failed on expression: 'pred(*previous, *i)'
Assertion failed on expression: 'pred(*previous, *i)'
Assertion failed on expression: 'pred(*previous, *i)'
Assertion failed on expression: 'pred(*previous, *i)'
Assertion failed on expression: 'pred(*previous, *i)'
Assertion failed on expression: 'pred(*previous, *i)'
Assertion failed on expression: 'pred(*previous, *i)'
Assertion failed on expression: 'pred(*previous, *i)'
Assertion failed on expression: 'pred(*previous, *i)'
Assertion failed on expression: 'pred(*previous, *i)'
Assertion failed on expression: 'pred(*previous, *i)'
Assertion failed on expression: 'pred(*previous, *i)'
Assertion failed on expression: 'pred(*previous, *i)'
Assertion failed on expression: 'pred(*previous, *i)'
Assertion failed on expression: 'pred(*previous, *i)'
Assertion failed on expression: 'pred(*previous, *i)'
Assertion failed on expression: 'pred(*previous, *i)'
Assertion failed on expression: 'pred(*previous, *i)'
Assertion failed on expression: 'pred(*previous, *i)'
Assertion failed on expression: 'pred(*previous, *i)'
Assertion failed on expression: 'pred(*previous, *i)'
Assertion failed on expression: 'pred(*previous, *i)'
Assertion failed on expression: 'pred(*previous, *i)'
Assertion failed on expression: 'pred(*previous, *i)'
Assertion failed on expression: 'pred(*previous, *i)'
Assertion failed on expression: 'pred(*previous, *i)'
Assertion failed on expression: 'pred(*previous, *i)'
Assertion failed on expression: 'pred(*previous, *i)'
Assertion failed on expression: 'pred(*previous, *i)'
Assertion failed on expression: 'pred(*previous, *i)'
Assertion failed on expression: 'pred(*previous, *i)'
Assertion failed on expression: 'pred(*previous, *i)'
Assertion failed on expression: 'pred(*previous, *i)'
Assertion failed on expression: 'pred(*previous, *i)'
Assertion failed on expression: 'pred(*previous, *i)'
Assertion failed on expression: 'pred(*previous, *i)'
Assertion failed on expression: 'pred(*previous, *i)'
Assertion failed on expression: 'pred(*previous, *i)'
Assertion failed on expression: 'pred(*previous, *i)'
Assertion failed on expression: 'pred(*previous, *i)'
Assertion failed on expression: 'pred(*previous, *i)'
Assertion failed on expression: 'pred(*previous, *i)'
Assertion failed on expression: 'pred(*previous, *i)'
Assertion failed on expression: 'pred(*previous, *i)'
Assertion failed on expression: 'pred(*previous, *i)'
Assertion failed on expression: 'pred(*previous, *i)'
Assertion failed on expression: 'pred(*previous, *i)'
Assertion failed on expression: 'pred(*previous, *i)'
Assertion failed on expression: 'pred(*previous, *i)'
Assertion failed on expression: 'pred(*previous, *i)'
Assertion failed on expression: 'pred(*previous, *i)'
Assertion failed on expression: 'pred(*previous, *i)'
Assertion failed on expression: 'pred(*previous, *i)'
Assertion failed on expression: 'pred(*previous, *i)'
Assertion failed on expression: 'pred(*previous, *i)'
Assertion failed on expression: 'pred(*previous, *i)'
Assertion failed on expression: 'pred(*previous, *i)'
Assertion failed on expression: 'pred(*previous, *i)'
Assertion failed on expression: 'pred(*previous, *i)'
Assertion failed on expression: 'pred(*previous, *i)'
Assertion failed on expression: 'pred(*previous, *i)'
Assertion failed on expression: 'pred(*previous, *i)'
Assertion failed on expression: 'pred(*previous, *i)'
Assertion failed on expression: 'pred(*previous, *i)'
Assertion failed on expression: 'pred(*previous, *i)'
Assertion failed on expression: 'pred(*previous, *i)'
Assertion failed on expression: 'pred(*previous, *i)'
Assertion failed on expression: 'pred(*previous, *i)'
Assertion failed on expression: 'pred(*previous, *i)'
Assertion failed on expression: 'pred(*previous, *i)'
Assertion failed on expression: 'pred(*previous, *i)'
Assertion failed on expression: 'pred(*previous, *i)'
Assertion failed on expression: 'pred(*previous, *i)'
Assertion failed on expression: 'pred(*previous, *i)'
Assertion failed on expression: 'pred(*previous, *i)'
Assertion failed on expression: 'pred(*previous, *i)'
Assertion failed on expression: 'pred(*previous, *i)'
Assertion failed on expression: 'pred(*previous, *i)'
Assertion failed on expression: 'pred(*previous, *i)'
Assertion failed on expression: 'pred(*previous, *i)'
Assertion failed on expression: 'pred(*previous, *i)'
Assertion failed on expression: 'pred(*previous, *i)'
Assertion failed on expression: 'pred(*previous, *i)'
Assertion failed on expression: 'pred(*previous, *i)'
Assertion failed on expression: 'pred(*previous, *i)'
Assertion failed on expression: 'pred(*previous, *i)'
Assertion failed on expression: 'pred(*previous, *i)'
Assertion failed on expression: 'pred(*previous, *i)'
Assertion failed on expression: 'pred(*previous, *i)'
Assertion failed on expression: 'pred(*previous, *i)'
Assertion failed on expression: 'pred(*previous, *i)'
Assertion failed on expression: 'pred(*previous, *i)'
Assertion failed on expression: 'pred(*previous, *i)'
Assertion failed on expression: 'pred(*previous, *i)'
Assertion failed on expression: 'pred(*previous, *i)'
Assertion failed on expression: 'pred(*previous, *i)'
Assertion failed on expression: 'pred(*previous, *i)'
Assertion failed on expression: 'pred(*previous, *i)'
Assertion failed on expression: 'pred(*previous, *i)'
Assertion failed on expression: 'pred(*previous, *i)'
Assertion failed on expression: 'pred(*previous, *i)'
Assertion failed on expression: 'pred(*previous, *i)'
Assertion failed on expression: 'pred(*previous, *i)'
Assertion failed on expression: 'pred(*previous, *i)'
Assertion failed on expression: 'pred(*previous, *i)'
Assertion failed on expression: 'pred(*previous, *i)'
Assertion failed on expression: 'pred(*previous, *i)'
Assertion failed on expression: 'pred(*previous, *i)'
Assertion failed on expression: 'pred(*previous, *i)'
Assertion failed on expression: 'pred(*previous, *i)'
Assertion failed on expression: 'pred(*previous, *i)'
Assertion failed on expression: 'pred(*previous, *i)'
Assertion failed on expression: 'pred(*previous, *i)'
Assertion failed on expression: 'pred(*previous, *i)'
Assertion failed on expression: 'pred(*previous, *i)'
Assertion failed on expression: 'pred(*previous, *i)'
Assertion failed on expression: 'pred(*previous, *i)'
Assertion failed on expression: 'pred(*previous, *i)'
Assertion failed on expression: 'pred(*previous, *i)'
Assertion failed on expression: 'pred(*previous, *i)'
Assertion failed on expression: 'pred(*previous, *i)'
Assertion failed on expression: 'pred(*previous, *i)'
Assertion failed on expression: 'pred(*previous, *i)'
Assertion failed on expression: 'pred(*previous, *i)'
Assertion failed on expression: 'pred(*previous, *i)'
Assertion failed on expression: 'pred(*previous, *i)'
Assertion failed on expression: 'pred(*previous, *i)'
Assertion failed on expression: 'pred(*previous, *i)'
Assertion failed on expression: 'pred(*previous, *i)'
Assertion failed on expression: 'pred(*previous, *i)'
Assertion failed on expression: 'pred(*previous, *i)'
Assertion failed on expression: 'pred(*previous, *i)'
Assertion failed on expression: 'pred(*previous, *i)'
Assertion failed on expression: 'pred(*previous, *i)'
Assertion failed on expression: 'pred(*previous, *i)'
Assertion failed on expression: 'pred(*previous, *i)'
Assertion failed on expression: 'pred(*previous, *i)'
Assertion failed on expression: 'pred(*previous, *i)'
Assertion failed on expression: 'pred(*previous, *i)'
Assertion failed on expression: 'pred(*previous, *i)'
Assertion failed on expression: 'pred(*previous, *i)'
Assertion failed on expression: 'pred(*previous, *i)'
Assertion failed on expression: 'pred(*previous, *i)'
Assertion failed on expression: 'pred(*previous, *i)'
Assertion failed on expression: 'pred(*previous, *i)'
Assertion failed on expression: 'pred(*previous, *i)'
Assertion failed on expression: 'pred(*previous, *i)'
Assertion failed on expression: 'pred(*previous, *i)'
Assertion failed on expression: 'pred(*previous, *i)'
Assertion failed on expression: 'pred(*previous, *i)'
Assertion failed on expression: 'pred(*previous, *i)'
Assertion failed on expression: 'pred(*previous, *i)'
Assertion failed on expression: 'pred(*previous, *i)'
Assertion failed on expression: 'pred(*previous, *i)'
Assertion failed on expression: 'pred(*previous, *i)'
Assertion failed on expression: 'pred(*previous, *i)'
Assertion failed on expression: 'pred(*previous, *i)'
Assertion failed on expression: 'pred(*previous, *i)'
Assertion failed on expression: 'pred(*previous, *i)'
Assertion failed on expression: 'pred(*previous, *i)'
Assertion failed on expression: 'pred(*previous, *i)'
Assertion failed on expression: 'pred(*previous, *i)'
Assertion failed on expression: 'pred(*previous, *i)'
Assertion failed on expression: 'pred(*previous, *i)'
Assertion failed on expression: 'pred(*previous, *i)'
Assertion failed on expression: 'pred(*previous, *i)'
Assertion failed on expression: 'pred(*previous, *i)'
Assertion failed on expression: 'pred(*previous, *i)'
Assertion failed on expression: 'pred(*previous, *i)'
Assertion failed on expression: 'pred(*previous, *i)'
Assertion failed on expression: 'pred(*previous, *i)'
Assertion failed on expression: 'pred(*previous, *i)'
Assertion failed on expression: 'pred(*previous, *i)'
Assertion failed on expression: 'pred(*previous, *i)'
Assertion failed on expression: 'pred(*previous, *i)'
Assertion failed on expression: 'pred(*previous, *i)'
Assertion failed on expression: 'pred(*previous, *i)'
Assertion failed on expression: 'pred(*previous, *i)'
Assertion failed on expression: 'pred(*previous, *i)'
Assertion failed on expression: 'pred(*previous, *i)'
Assertion failed on expression: 'pred(*previous, *i)'
Assertion failed on expression: 'pred(*previous, *i)'
Assertion failed on expression: 'pred(*previous, *i)'
Assertion failed on expression: 'pred(*previous, *i)'
Assertion failed on expression: 'pred(*previous, *i)'
Assertion failed on expression: 'pred(*previous, *i)'
Assertion failed on expression: 'pred(*previous, *i)'
Assertion failed on expression: 'pred(*previous, *i)'
Assertion failed on expression: 'pred(*previous, *i)'
Assertion failed on expression: 'pred(*previous, *i)'
Assertion failed on expression: 'pred(*previous, *i)'
Assertion failed on expression: 'pred(*previous, *i)'
Assertion failed on expression: 'pred(*previous, *i)'
Assertion failed on expression: 'pred(*previous, *i)'
Assertion failed on expression: 'pred(*previous, *i)'
Assertion failed on expression: 'pred(*previous, *i)'
Assertion failed on expression: 'pred(*previous, *i)'
Assertion failed on expression: 'pred(*previous, *i)'
Assertion failed on expression: 'pred(*previous, *i)'
Assertion failed on expression: 'pred(*previous, *i)'
Assertion failed on expression: 'pred(*previous, *i)'
Assertion failed on expression: 'pred(*previous, *i)'
Assertion failed on expression: 'pred(*previous, *i)'
Assertion failed on expression: 'pred(*previous, *i)'
Assertion failed on expression: 'pred(*previous, *i)'
Assertion failed on expression: 'pred(*previous, *i)'
Assertion failed on expression: 'pred(*previous, *i)'
Assertion failed on expression: 'pred(*previous, *i)'
Assertion failed on expression: 'pred(*previous, *i)'
Assertion failed on expression: 'pred(*previous, *i)'
Assertion failed on expression: 'pred(*previous, *i)'
Assertion failed on expression: 'pred(*previous, *i)'
Assertion failed on expression: 'pred(*previous, *i)'
Assertion failed on expression: 'pred(*previous, *i)'
Assertion failed on expression: 'pred(*previous, *i)'
Assertion failed on expression: 'pred(*previous, *i)'
Assertion failed on expression: 'pred(*previous, *i)'
Assertion failed on expression: 'pred(*previous, *i)'
Assertion failed on expression: 'pred(*previous, *i)'
Assertion failed on expression: 'pred(*previous, *i)'
Assertion failed on expression: 'pred(*previous, *i)'
Assertion failed on expression: 'pred(*previous, *i)'
Assertion failed on expression: 'pred(*previous, *i)'
Assertion failed on expression: 'pred(*previous, *i)'
Assertion failed on expression: 'pred(*previous, *i)'
Assertion failed on expression: 'pred(*previous, *i)'
Assertion failed on expression: 'pred(*previous, *i)'
Assertion failed on expression: 'pred(*previous, *i)'
Assertion failed on expression: 'pred(*previous, *i)'
Assertion failed on expression: 'pred(*previous, *i)'
Assertion failed on expression: 'pred(*previous, *i)'
Assertion failed on expression: 'pred(*previous, *i)'
Assertion failed on expression: 'pred(*previous, *i)'
Assertion failed on expression: 'pred(*previous, *i)'
Assertion failed on expression: 'pred(*previous, *i)'
Assertion failed on expression: 'pred(*previous, *i)'
Assertion failed on expression: 'pred(*previous, *i)'
Assertion failed on expression: 'pred(*previous, *i)'
Assertion failed on expression: 'pred(*previous, *i)'
Assertion failed on expression: 'pred(*previous, *i)'
Assertion failed on expression: 'pred(*previous, *i)'
Assertion failed on expression: 'pred(*previous, *i)'
Assertion failed on expression: 'pred(*previous, *i)'
Assertion failed on expression: 'pred(*previous, *i)'
Assertion failed on expression: 'pred(*previous, *i)'
Assertion failed on expression: 'pred(*previous, *i)'
Assertion failed on expression: 'pred(*previous, *i)'
Assertion failed on expression: 'pred(*previous, *i)'
Assertion failed on expression: 'pred(*previous, *i)'
Assertion failed on expression: 'pred(*previous, *i)'
Assertion failed on expression: 'pred(*previous, *i)'
Assertion failed on expression: 'pred(*previous, *i)'
Assertion failed on expression: 'pred(*previous, *i)'
Assertion failed on expression: 'pred(*previous, *i)'
Assertion failed on expression: 'pred(*previous, *i)'
Assertion failed on expression: 'pred(*previous, *i)'
Assertion failed on expression: 'pred(*previous, *i)'
Assertion failed on expression: 'pred(*previous, *i)'
Assertion failed on expression: 'pred(*previous, *i)'
Assertion failed on expression: 'pred(*previous, *i)'
Assertion failed on expression: 'pred(*previous, *i)'
Assertion failed on expression: 'pred(*previous, *i)'
Assertion failed on expression: 'pred(*previous, *i)'
Assertion failed on expression: 'pred(*previous, *i)'
Assertion failed on expression: 'pred(*previous, *i)'
Assertion failed on expression: 'pred(*previous, *i)'
Assertion failed on expression: 'pred(*previous, *i)'
Assertion failed on expression: 'pred(*previous, *i)'
Assertion failed on expression: 'pred(*previous, *i)'
Assertion failed on expression: 'pred(*previous, *i)'
Assertion failed on expression: 'pred(*previous, *i)'
Assertion failed on expression: 'pred(*previous, *i)'
Assertion failed on expression: 'pred(*previous, *i)'
Assertion failed on expression: 'pred(*previous, *i)'
Assertion failed on expression: 'pred(*previous, *i)'
Assertion failed on expression: 'pred(*previous, *i)'
Assertion failed on expression: 'pred(*previous, *i)'
Assertion failed on expression: 'pred(*previous, *i)'
Assertion failed on expression: 'pred(*previous, *i)'
Assertion failed on expression: 'pred(*previous, *i)'
Assertion failed on expression: 'pred(*previous, *i)'
Assertion failed on expression: 'pred(*previous, *i)'
Assertion failed on expression: 'pred(*previous, *i)'
Assertion failed on expression: 'pred(*previous, *i)'
Assertion failed on expression: 'pred(*previous, *i)'
Assertion failed on expression: 'pred(*previous, *i)'
Assertion failed on expression: 'pred(*previous, *i)'
Assertion failed on expression: 'pred(*previous, *i)'
Assertion failed on expression: 'pred(*previous, *i)'
Assertion failed on expression: 'pred(*previous, *i)'
Assertion failed on expression: 'pred(*previous, *i)'
Assertion failed on expression: 'pred(*previous, *i)'
Assertion failed on expression: 'pred(*previous, *i)'
Assertion failed on expression: 'pred(*previous, *i)'
Assertion failed on expression: 'pred(*previous, *i)'
Assertion failed on expression: 'pred(*previous, *i)'
Assertion failed on expression: 'pred(*previous, *i)'
Assertion failed on expression: 'pred(*previous, *i)'
Assertion failed on expression: 'pred(*previous, *i)'
Assertion failed on expression: 'pred(*previous, *i)'
Assertion failed on expression: 'pred(*previous, *i)'
Assertion failed on expression: 'pred(*previous, *i)'
Assertion failed on expression: 'pred(*previous, *i)'
Assertion failed on expression: 'pred(*previous, *i)'
Assertion failed on expression: 'pred(*previous, *i)'
Assertion failed on expression: 'pred(*previous, *i)'
Assertion failed on expression: 'pred(*previous, *i)'
Assertion failed on expression: 'pred(*previous, *i)'
Assertion failed on expression: 'pred(*previous, *i)'
Assertion failed on expression: 'pred(*previous, *i)'
Assertion failed on expression: 'pred(*previous, *i)'
Assertion failed on expression: 'pred(*previous, *i)'
Assertion failed on expression: 'pred(*previous, *i)'
Assertion failed on expression: 'pred(*previous, *i)'
Assertion failed on expression: 'pred(*previous, *i)'
Assertion failed on expression: 'pred(*previous, *i)'
Assertion failed on expression: 'pred(*previous, *i)'
Assertion failed on expression: 'pred(*previous, *i)'
Assertion failed on expression: 'pred(*previous, *i)'
Assertion failed on expression: 'pred(*previous, *i)'
Assertion failed on expression: 'pred(*previous, *i)'
Assertion failed on expression: 'pred(*previous, *i)'
Assertion failed on expression: 'pred(*previous, *i)'
Assertion failed on expression: 'pred(*previous, *i)'
Assertion failed on expression: 'pred(*previous, *i)'
Assertion failed on expression: 'pred(*previous, *i)'
Assertion failed on expression: 'pred(*previous, *i)'
Assertion failed on expression: 'pred(*previous, *i)'
Assertion failed on expression: 'pred(*previous, *i)'
Assertion failed on expression: 'pred(*previous, *i)'
Assertion failed on expression: 'pred(*previous, *i)'
Assertion failed on expression: 'pred(*previous, *i)'
Assertion failed on expression: 'pred(*previous, *i)'
Assertion failed on expression: 'pred(*previous, *i)'
Assertion failed on expression: 'pred(*previous, *i)'
Assertion failed on expression: 'pred(*previous, *i)'
Assertion failed on expression: 'pred(*previous, *i)'
Assertion failed on expression: 'pred(*previous, *i)'
Assertion failed on expression: 'pred(*previous, *i)'
Assertion failed on expression: 'pred(*previous, *i)'
Assertion failed on expression: 'pred(*previous, *i)'
Assertion failed on expression: 'pred(*previous, *i)'
Assertion failed on expression: 'pred(*previous, *i)'
Assertion failed on expression: 'pred(*previous, *i)'
Assertion failed on expression: 'pred(*previous, *i)'
Assertion failed on expression: 'pred(*previous, *i)'
Assertion failed on expression: 'pred(*previous, *i)'
Assertion failed on expression: 'pred(*previous, *i)'
Assertion failed on expression: 'pred(*previous, *i)'
Assertion failed on expression: 'pred(*previous, *i)'
Assertion failed on expression: 'pred(*previous, *i)'
Assertion failed on expression: 'pred(*previous, *i)'
Assertion failed on expression: 'pred(*previous, *i)'
Assertion failed on expression: 'pred(*previous, *i)'
Assertion failed on expression: 'pred(*previous, *i)'
Assertion failed on expression: 'pred(*previous, *i)'
Assertion failed on expression: 'pred(*previous, *i)'
Assertion failed on expression: 'pred(*previous, *i)'
Assertion failed on expression: 'pred(*previous, *i)'
Assertion failed on expression: 'pred(*previous, *i)'
Assertion failed on expression: 'pred(*previous, *i)'
Assertion failed on expression: 'pred(*previous, *i)'
Assertion failed on expression: 'pred(*previous, *i)'
Assertion failed on expression: 'pred(*previous, *i)'
Assertion failed on expression: 'pred(*previous, *i)'
Assertion failed on expression: 'pred(*previous, *i)'
Assertion failed on expression: 'pred(*previous, *i)'
Assertion failed on expression: 'pred(*previous, *i)'
Assertion failed on expression: 'pred(*previous, *i)'
Assertion failed on expression: 'pred(*previous, *i)'
Assertion failed on expression: 'pred(*previous, *i)'
Assertion failed on expression: 'pred(*previous, *i)'
Assertion failed on expression: 'pred(*previous, *i)'
Assertion failed on expression: 'pred(*previous, *i)'
Assertion failed on expression: 'pred(*previous, *i)'
Assertion failed on expression: 'pred(*previous, *i)'
Assertion failed on expression: 'pred(*previous, *i)'
Assertion failed on expression: 'pred(*previous, *i)'
Assertion failed on expression: 'pred(*previous, *i)'
Assertion failed on expression: 'pred(*previous, *i)'
Assertion failed on expression: 'pred(*previous, *i)'
Assertion failed on expression: 'pred(*previous, *i)'
Assertion failed on expression: 'pred(*previous, *i)'
Assertion failed on expression: 'pred(*previous, *i)'
Assertion failed on expression: 'pred(*previous, *i)'
Assertion failed on expression: 'pred(*previous, *i)'
Assertion failed on expression: 'pred(*previous, *i)'
Assertion failed on expression: 'pred(*previous, *i)'
Assertion failed on expression: 'pred(*previous, *i)'
Assertion failed on expression: 'pred(*previous, *i)'
Assertion failed on expression: 'pred(*previous, *i)'
Assertion failed on expression: 'pred(*previous, *i)'
Assertion failed on expression: 'pred(*previous, *i)'
Assertion failed on expression: 'pred(*previous, *i)'
Assertion failed on expression: 'pred(*previous, *i)'
Assertion failed on expression: 'pred(*previous, *i)'
Assertion failed on expression: 'pred(*previous, *i)'
Assertion failed on expression: 'pred(*previous, *i)'
Assertion failed on expression: 'pred(*previous, *i)'
Assertion failed on expression: 'pred(*previous, *i)'
Assertion failed on expression: 'pred(*previous, *i)'
Assertion failed on expression: 'pred(*previous, *i)'
Assertion failed on expression: 'pred(*previous, *i)'
Assertion failed on expression: 'pred(*previous, *i)'
Assertion failed on expression: 'pred(*previous, *i)'
Assertion failed on expression: 'pred(*previous, *i)'
Assertion failed on expression: 'pred(*previous, *i)'
Assertion failed on expression: 'pred(*previous, *i)'
Assertion failed on expression: 'pred(*previous, *i)'
Assertion failed on expression: 'pred(*previous, *i)'
Assertion failed on expression: 'pred(*previous, *i)'
Assertion failed on expression: 'pred(*previous, *i)'
Assertion failed on expression: 'pred(*previous, *i)'
Assertion failed on expression: 'pred(*previous, *i)'
Assertion failed on expression: 'pred(*previous, *i)'
Assertion failed on expression: 'pred(*previous, *i)'
Assertion failed on expression: 'pred(*previous, *i)'
Assertion failed on expression: 'pred(*previous, *i)'
Assertion failed on expression: 'pred(*previous, *i)'
Assertion failed on expression: 'pred(*previous, *i)'
Assertion failed on expression: 'pred(*previous, *i)'
Assertion failed on expression: 'pred(*previous, *i)'
Assertion failed on expression: 'pred(*previous, *i)'
Assertion failed on expression: 'pred(*previous, *i)'
Assertion failed on expression: 'pred(*previous, *i)'
Assertion failed on expression: 'pred(*previous, *i)'
Assertion failed on expression: 'pred(*previous, *i)'
Assertion failed on expression: 'pred(*previous, *i)'
Assertion failed on expression: 'pred(*previous, *i)'
Assertion failed on expression: 'pred(*previous, *i)'
Assertion failed on expression: 'pred(*previous, *i)'
Assertion failed on expression: 'pred(*previous, *i)'
Assertion failed on expression: 'pred(*previous, *i)'
Assertion failed on expression: 'pred(*previous, *i)'
Assertion failed on expression: 'pred(*previous, *i)'
Assertion failed on expression: 'pred(*previous, *i)'
Assertion failed on expression: 'pred(*previous, *i)'
Assertion failed on expression: 'pred(*previous, *i)'
Assertion failed on expression: 'pred(*previous, *i)'
Assertion failed on expression: 'pred(*previous, *i)'
Assertion failed on expression: 'pred(*previous, *i)'
Assertion failed on expression: 'pred(*previous, *i)'
Assertion failed on expression: 'pred(*previous, *i)'
Assertion failed on expression: 'pred(*previous, *i)'
Assertion failed on expression: 'pred(*previous, *i)'
Assertion failed on expression: 'pred(*previous, *i)'
Assertion failed on expression: 'pred(*previous, *i)'
Assertion failed on expression: 'pred(*previous, *i)'
Assertion failed on expression: 'pred(*previous, *i)'
Assertion failed on expression: 'pred(*previous, *i)'
Assertion failed on expression: 'pred(*previous, *i)'
Assertion failed on expression: 'pred(*previous, *i)'
Assertion failed on expression: 'pred(*previous, *i)'
Assertion failed on expression: 'pred(*previous, *i)'
Assertion failed on expression: 'pred(*previous, *i)'
Assertion failed on expression: 'pred(*previous, *i)'
Assertion failed on expression: 'pred(*previous, *i)'
Assertion failed on expression: 'pred(*previous, *i)'
Assertion failed on expression: 'pred(*previous, *i)'
Assertion failed on expression: 'pred(*previous, *i)'
Assertion failed on expression: 'pred(*previous, *i)'
Assertion failed on expression: 'pred(*previous, *i)'
Assertion failed on expression: 'pred(*previous, *i)'
Assertion failed on expression: 'pred(*previous, *i)'
Assertion failed on expression: 'pred(*previous, *i)'
Assertion failed on expression: 'pred(*previous, *i)'
Assertion failed on expression: 'pred(*previous, *i)'
Assertion failed on expression: 'pred(*previous, *i)'
Assertion failed on expression: 'pred(*previous, *i)'
Assertion failed on expression: 'pred(*previous, *i)'
Assertion failed on expression: 'pred(*previous, *i)'
Assertion failed on expression: 'pred(*previous, *i)'
Assertion failed on expression: 'pred(*previous, *i)'
Assertion failed on expression: 'pred(*previous, *i)'
Assertion failed on expression: 'pred(*previous, *i)'
Assertion failed on expression: 'pred(*previous, *i)'
Assertion failed on expression: 'pred(*previous, *i)'
Assertion failed on expression: 'pred(*previous, *i)'
Assertion failed on expression: 'pred(*previous, *i)'
Assertion failed on expression: 'pred(*previous, *i)'
Assertion failed on expression: 'pred(*previous, *i)'
Assertion failed on expression: 'pred(*previous, *i)'
Assertion failed on expression: 'pred(*previous, *i)'
Assertion failed on expression: 'pred(*previous, *i)'
Assertion failed on expression: 'pred(*previous, *i)'
Assertion failed on expression: 'pred(*previous, *i)'
Assertion failed on expression: 'pred(*previous, *i)'
Assertion failed on expression: 'pred(*previous, *i)'
Assertion failed on expression: 'pred(*previous, *i)'
Assertion failed on expression: 'pred(*previous, *i)'
Assertion failed on expression: 'pred(*previous, *i)'
Assertion failed on expression: 'pred(*previous, *i)'
Assertion failed on expression: 'pred(*previous, *i)'
Assertion failed on expression: 'pred(*previous, *i)'
Assertion failed on expression: 'pred(*previous, *i)'
Assertion failed on expression: 'pred(*previous, *i)'
Assertion failed on expression: 'pred(*previous, *i)'
Assertion failed on expression: 'pred(*previous, *i)'
Assertion failed on expression: 'pred(*previous, *i)'
Assertion failed on expression: 'pred(*previous, *i)'
Assertion failed on expression: 'pred(*previous, *i)'
Assertion failed on expression: 'pred(*previous, *i)'
Assertion failed on expression: 'pred(*previous, *i)'
Assertion failed on expression: 'pred(*previous, *i)'
Assertion failed on expression: 'pred(*previous, *i)'
Assertion failed on expression: 'pred(*previous, *i)'
Assertion failed on expression: 'pred(*previous, *i)'
Assertion failed on expression: 'pred(*previous, *i)'
Assertion failed on expression: 'pred(*previous, *i)'
Assertion failed on expression: 'pred(*previous, *i)'
Assertion failed on expression: 'pred(*previous, *i)'
Assertion failed on expression: 'pred(*previous, *i)'
Assertion failed on expression: 'pred(*previous, *i)'
Assertion failed on expression: 'pred(*previous, *i)'
Assertion failed on expression: 'pred(*previous, *i)'
Assertion failed on expression: 'pred(*previous, *i)'
Assertion failed on expression: 'pred(*previous, *i)'
Assertion failed on expression: 'pred(*previous, *i)'
Assertion failed on expression: 'pred(*previous, *i)'
Assertion failed on expression: 'pred(*previous, *i)'
Assertion failed on expression: 'pred(*previous, *i)'
Assertion failed on expression: 'pred(*previous, *i)'
Assertion failed on expression: 'pred(*previous, *i)'
Assertion failed on expression: 'pred(*previous, *i)'
Assertion failed on expression: 'pred(*previous, *i)'
Assertion failed on expression: 'pred(*previous, *i)'
Assertion failed on expression: 'pred(*previous, *i)'
Assertion failed on expression: 'pred(*previous, *i)'
Assertion failed on expression: 'pred(*previous, *i)'
Assertion failed on expression: 'pred(*previous, *i)'
Assertion failed on expression: 'pred(*previous, *i)'
Assertion failed on expression: 'pred(*previous, *i)'
Assertion failed on expression: 'pred(*previous, *i)'
Assertion failed on expression: 'pred(*previous, *i)'
Assertion failed on expression: 'pred(*previous, *i)'
Assertion failed on expression: 'pred(*previous, *i)'
Assertion failed on expression: 'pred(*previous, *i)'
Assertion failed on expression: 'pred(*previous, *i)'
Assertion failed on expression: 'pred(*previous, *i)'
Assertion failed on expression: 'pred(*previous, *i)'
Assertion failed on expression: 'pred(*previous, *i)'
Assertion failed on expression: 'pred(*previous, *i)'
Assertion failed on expression: 'pred(*previous, *i)'
Assertion failed on expression: 'pred(*previous, *i)'
Assertion failed on expression: 'pred(*previous, *i)'
Assertion failed on expression: 'pred(*previous, *i)'
Assertion failed on expression: 'pred(*previous, *i)'
Assertion failed on expression: 'pred(*previous, *i)'
Assertion failed on expression: 'pred(*previous, *i)'
Assertion failed on expression: 'pred(*previous, *i)'
Assertion failed on expression: 'pred(*previous, *i)'
Assertion failed on expression: 'pred(*previous, *i)'
Assertion failed on expression: 'pred(*previous, *i)'
Assertion failed on expression: 'pred(*previous, *i)'
Assertion failed on expression: 'pred(*previous, *i)'
Assertion failed on expression: 'pred(*previous, *i)'
Assertion failed on expression: 'pred(*previous, *i)'
Assertion failed on expression: 'pred(*previous, *i)'
Assertion failed on expression: 'pred(*previous, *i)'
Assertion failed on expression: 'pred(*previous, *i)'
Assertion failed on expression: 'pred(*previous, *i)'
Assertion failed on expression: 'pred(*previous, *i)'
Assertion failed on expression: 'pred(*previous, *i)'
Assertion failed on expression: 'pred(*previous, *i)'
Assertion failed on expression: 'pred(*previous, *i)'
Assertion failed on expression: 'pred(*previous, *i)'
Assertion failed on expression: 'pred(*previous, *i)'
Assertion failed on expression: 'pred(*previous, *i)'
Assertion failed on expression: 'pred(*previous, *i)'
Assertion failed on expression: 'pred(*previous, *i)'
Assertion failed on expression: 'pred(*previous, *i)'
Assertion failed on expression: 'pred(*previous, *i)'
Assertion failed on expression: 'pred(*previous, *i)'
Assertion failed on expression: 'pred(*previous, *i)'
Assertion failed on expression: 'pred(*previous, *i)'
Assertion failed on expression: 'pred(*previous, *i)'
Assertion failed on expression: 'pred(*previous, *i)'
Assertion failed on expression: 'pred(*previous, *i)'
Assertion failed on expression: 'pred(*previous, *i)'
Assertion failed on expression: 'pred(*previous, *i)'
Assertion failed on expression: 'pred(*previous, *i)'
Assertion failed on expression: 'pred(*previous, *i)'
Assertion failed on expression: 'pred(*previous, *i)'
Assertion failed on expression: 'pred(*previous, *i)'
Assertion failed on expression: 'pred(*previous, *i)'
Assertion failed on expression: 'pred(*previous, *i)'
Assertion failed on expression: 'pred(*previous, *i)'
Assertion failed on expression: 'pred(*previous, *i)'
Assertion failed on expression: 'pred(*previous, *i)'
Assertion failed on expression: 'pred(*previous, *i)'
Assertion failed on expression: 'pred(*previous, *i)'
Assertion failed on expression: 'pred(*previous, *i)'
Assertion failed on expression: 'pred(*previous, *i)'
Assertion failed on expression: 'pred(*previous, *i)'
Assertion failed on expression: 'pred(*previous, *i)'
Assertion failed on expression: 'pred(*previous, *i)'
Assertion failed on expression: 'pred(*previous, *i)'
Assertion failed on expression: 'pred(*previous, *i)'
Assertion failed on expression: 'pred(*previous, *i)'
Assertion failed on expression: 'pred(*previous, *i)'
Assertion failed on expression: 'pred(*previous, *i)'
Assertion failed on expression: 'pred(*previous, *i)'
Assertion failed on expression: 'pred(*previous, *i)'
Assertion failed on expression: 'pred(*previous, *i)'
Assertion failed on expression: 'pred(*previous, *i)'
Assertion failed on expression: 'pred(*previous, *i)'
Assertion failed on expression: 'pred(*previous, *i)'
Assertion failed on expression: 'pred(*previous, *i)'
Assertion failed on expression: 'pred(*previous, *i)'
Assertion failed on expression: 'pred(*previous, *i)'
Assertion failed on expression: 'pred(*previous, *i)'
Assertion failed on expression: 'pred(*previous, *i)'
Assertion failed on expression: 'pred(*previous, *i)'
Assertion failed on expression: 'pred(*previous, *i)'
Assertion failed on expression: 'pred(*previous, *i)'
Assertion failed on expression: 'pred(*previous, *i)'
Assertion failed on expression: 'pred(*previous, *i)'
Assertion failed on expression: 'pred(*previous, *i)'
Assertion failed on expression: 'pred(*previous, *i)'
Assertion failed on expression: 'pred(*previous, *i)'
Assertion failed on expression: 'pred(*previous, *i)'
Assertion failed on expression: 'pred(*previous, *i)'
Assertion failed on expression: 'pred(*previous, *i)'
Assertion failed on expression: 'pred(*previous, *i)'
Assertion failed on expression: 'pred(*previous, *i)'
Assertion failed on expression: 'pred(*previous, *i)'
Assertion failed on expression: 'pred(*previous, *i)'
Assertion failed on expression: 'pred(*previous, *i)'
Assertion failed on expression: 'pred(*previous, *i)'
Assertion failed on expression: 'pred(*previous, *i)'
Assertion failed on expression: 'pred(*previous, *i)'
Assertion failed on expression: 'pred(*previous, *i)'
Assertion failed on expression: 'pred(*previous, *i)'
Assertion failed on expression: 'pred(*previous, *i)'
Assertion failed on expression: 'pred(*previous, *i)'
Assertion failed on expression: 'pred(*previous, *i)'
Assertion failed on expression: 'pred(*previous, *i)'
Assertion failed on expression: 'pred(*previous, *i)'
Assertion failed on expression: 'pred(*previous, *i)'
Assertion failed on expression: 'pred(*previous, *i)'
Assertion failed on expression: 'pred(*previous, *i)'
Assertion failed on expression: 'pred(*previous, *i)'
Assertion failed on expression: 'pred(*previous, *i)'
Assertion failed on expression: 'pred(*previous, *i)'
Assertion failed on expression: 'pred(*previous, *i)'
Assertion failed on expression: 'pred(*previous, *i)'
Assertion failed on expression: 'pred(*previous, *i)'
Assertion failed on expression: 'pred(*previous, *i)'
Assertion failed on expression: 'pred(*previous, *i)'
Assertion failed on expression: 'pred(*previous, *i)'
Assertion failed on expression: 'pred(*previous, *i)'
Assertion failed on expression: 'pred(*previous, *i)'
Assertion failed on expression: 'pred(*previous, *i)'
Assertion failed on expression: 'pred(*previous, *i)'
Assertion failed on expression: 'pred(*previous, *i)'
Assertion failed on expression: 'pred(*previous, *i)'
Assertion failed on expression: 'pred(*previous, *i)'
Assertion failed on expression: 'pred(*previous, *i)'
Assertion failed on expression: 'pred(*previous, *i)'
Assertion failed on expression: 'pred(*previous, *i)'
Assertion failed on expression: 'pred(*previous, *i)'
Assertion failed on expression: 'pred(*previous, *i)'
Assertion failed on expression: 'pred(*previous, *i)'
Assertion failed on expression: 'pred(*previous, *i)'
Assertion failed on expression: 'pred(*previous, *i)'
Assertion failed on expression: 'pred(*previous, *i)'
Assertion failed on expression: 'pred(*previous, *i)'
Assertion failed on expression: 'pred(*previous, *i)'
Assertion failed on expression: 'pred(*previous, *i)'
Assertion failed on expression: 'pred(*previous, *i)'
Assertion failed on expression: 'pred(*previous, *i)'
Assertion failed on expression: 'pred(*previous, *i)'
Assertion failed on expression: 'pred(*previous, *i)'
Assertion failed on expression: 'pred(*previous, *i)'
Assertion failed on expression: 'pred(*previous, *i)'
Assertion failed on expression: 'pred(*previous, *i)'
Assertion failed on expression: 'pred(*previous, *i)'
Assertion failed on expression: 'pred(*previous, *i)'
Assertion failed on expression: 'pred(*previous, *i)'
Assertion failed on expression: 'pred(*previous, *i)'
Assertion failed on expression: 'pred(*previous, *i)'
Assertion failed on expression: 'pred(*previous, *i)'
Assertion failed on expression: 'pred(*previous, *i)'
Assertion failed on expression: 'pred(*previous, *i)'
Assertion failed on expression: 'pred(*previous, *i)'
Assertion failed on expression: 'pred(*previous, *i)'
Assertion failed on expression: 'pred(*previous, *i)'
Assertion failed on expression: 'pred(*previous, *i)'
Assertion failed on expression: 'pred(*previous, *i)'
Assertion failed on expression: 'pred(*previous, *i)'
Assertion failed on expression: 'pred(*previous, *i)'
Assertion failed on expression: 'pred(*previous, *i)'
Assertion failed on expression: 'pred(*previous, *i)'
Assertion failed on expression: 'pred(*previous, *i)'
Assertion failed on expression: 'pred(*previous, *i)'
Assertion failed on expression: 'pred(*previous, *i)'
Assertion failed on expression: 'pred(*previous, *i)'
Assertion failed on expression: 'pred(*previous, *i)'
Assertion failed on expression: 'pred(*previous, *i)'
Assertion failed on expression: 'pred(*previous, *i)'
Assertion failed on expression: 'pred(*previous, *i)'
Assertion failed on expression: 'pred(*previous, *i)'
Assertion failed on expression: 'pred(*previous, *i)'
Assertion failed on expression: 'pred(*previous, *i)'
Assertion failed on expression: 'pred(*previous, *i)'
Assertion failed on expression: 'pred(*previous, *i)'
Assertion failed on expression: 'pred(*previous, *i)'
Assertion failed on expression: 'pred(*previous, *i)'
Assertion failed on expression: 'pred(*previous, *i)'
Assertion failed on expression: 'pred(*previous, *i)'
Assertion failed on expression: 'pred(*previous, *i)'
Assertion failed on expression: 'pred(*previous, *i)'
Assertion failed on expression: 'pred(*previous, *i)'
Assertion failed on expression: 'pred(*previous, *i)'
Assertion failed on expression: 'pred(*previous, *i)'
Assertion failed on expression: 'pred(*previous, *i)'
Assertion failed on expression: 'pred(*previous, *i)'
Assertion failed on expression: 'pred(*previous, *i)'
Assertion failed on expression: 'pred(*previous, *i)'
Assertion failed on expression: 'pred(*previous, *i)'
Assertion failed on expression: 'pred(*previous, *i)'
Assertion failed on expression: 'pred(*previous, *i)'
Assertion failed on expression: 'pred(*previous, *i)'
Assertion failed on expression: 'pred(*previous, *i)'
Assertion failed on expression: 'pred(*previous, *i)'
Assertion failed on expression: 'pred(*previous, *i)'
Assertion failed on expression: 'pred(*previous, *i)'
Assertion failed on expression: 'pred(*previous, *i)'
Assertion failed on expression: 'pred(*previous, *i)'
Assertion failed on expression: 'pred(*previous, *i)'
Assertion failed on expression: 'pred(*previous, *i)'
Assertion failed on expression: 'pred(*previous, *i)'
Assertion failed on expression: 'pred(*previous, *i)'
Assertion failed on expression: 'pred(*previous, *i)'
Assertion failed on expression: 'pred(*previous, *i)'
Assertion failed on expression: 'pred(*previous, *i)'
Assertion failed on expression: 'pred(*previous, *i)'
Assertion failed on expression: 'pred(*previous, *i)'
Assertion failed on expression: 'pred(*previous, *i)'
Assertion failed on expression: 'pred(*previous, *i)'
Assertion failed on expression: 'pred(*previous, *i)'
Assertion failed on expression: 'pred(*previous, *i)'
Assertion failed on expression: 'pred(*previous, *i)'
Assertion failed on expression: 'pred(*previous, *i)'
Assertion failed on expression: 'pred(*previous, *i)'
Assertion failed on expression: 'pred(*previous, *i)'
Assertion failed on expression: 'pred(*previous, *i)'
Assertion failed on expression: 'pred(*previous, *i)'
Assertion failed on expression: 'pred(*previous, *i)'
Assertion failed on expression: 'pred(*previous, *i)'
Assertion failed on expression: 'pred(*previous, *i)'
Assertion failed on expression: 'pred(*previous, *i)'
Assertion failed on expression: 'pred(*previous, *i)'
Assertion failed on expression: 'pred(*previous, *i)'
Assertion failed on expression: 'pred(*previous, *i)'
Assertion failed on expression: 'pred(*previous, *i)'
Assertion failed on expression: 'pred(*previous, *i)'
Assertion failed on expression: 'pred(*previous, *i)'
Assertion failed on expression: 'pred(*previous, *i)'
Assertion failed on expression: 'pred(*previous, *i)'
Assertion failed on expression: 'pred(*previous, *i)'
Assertion failed on expression: 'pred(*previous, *i)'
Assertion failed on expression: 'pred(*previous, *i)'
Assertion failed on expression: 'pred(*previous, *i)'
Assertion failed on expression: 'pred(*previous, *i)'
Assertion failed on expression: 'pred(*previous, *i)'
Assertion failed on expression: 'pred(*previous, *i)'
Assertion failed on expression: 'pred(*previous, *i)'
Assertion failed on expression: 'pred(*previous, *i)'
Assertion failed on expression: 'pred(*previous, *i)'
Assertion failed on expression: 'pred(*previous, *i)'
Assertion failed on expression: 'pred(*previous, *i)'
Assertion failed on expression: 'pred(*previous, *i)'
Assertion failed on expression: 'pred(*previous, *i)'
Assertion failed on expression: 'pred(*previous, *i)'
Assertion failed on expression: 'pred(*previous, *i)'
Assertion failed on expression: 'pred(*previous, *i)'
Assertion failed on expression: 'pred(*previous, *i)'
Assertion failed on expression: 'pred(*previous, *i)'
Assertion failed on expression: 'pred(*previous, *i)'
Assertion failed on expression: 'pred(*previous, *i)'
Assertion failed on expression: 'pred(*previous, *i)'
Assertion failed on expression: 'pred(*previous, *i)'
Assertion failed on expression: 'pred(*previous, *i)'
Assertion failed on expression: 'pred(*previous, *i)'
Assertion failed on expression: 'pred(*previous, *i)'
Assertion failed on expression: 'pred(*previous, *i)'
Assertion failed on expression: 'pred(*previous, *i)'
Assertion failed on expression: 'pred(*previous, *i)'
Assertion failed on expression: 'pred(*previous, *i)'
Assertion failed on expression: 'pred(*previous, *i)'
Assertion failed on expression: 'pred(*previous, *i)'
Assertion failed on expression: 'pred(*previous, *i)'
Assertion failed on expression: 'pred(*previous, *i)'
Assertion failed on expression: 'pred(*previous, *i)'
Assertion failed on expression: 'pred(*previous, *i)'
Assertion failed on expression: 'pred(*previous, *i)'
Assertion failed on expression: 'pred(*previous, *i)'
Assertion failed on expression: 'pred(*previous, *i)'
Assertion failed on expression: 'pred(*previous, *i)'
Assertion failed on expression: 'pred(*previous, *i)'
Assertion failed on expression: 'pred(*previous, *i)'
Assertion failed on expression: 'pred(*previous, *i)'
Assertion failed on expression: 'pred(*previous, *i)'
Assertion failed on expression: 'pred(*previous, *i)'
Assertion failed on expression: 'pred(*previous, *i)'
Assertion failed on expression: 'pred(*previous, *i)'
Assertion failed on expression: 'pred(*previous, *i)'
Assertion failed on expression: 'pred(*previous, *i)'
Assertion failed on expression: 'pred(*previous, *i)'
Assertion failed on expression: 'pred(*previous, *i)'
Assertion failed on expression: 'pred(*previous, *i)'
Assertion failed on expression: 'pred(*previous, *i)'
Assertion failed on expression: 'pred(*previous, *i)'
Assertion failed on expression: 'pred(*previous, *i)'
Assertion failed on expression: 'pred(*previous, *i)'
Assertion failed on expression: 'pred(*previous, *i)'
Assertion failed on expression: 'pred(*previous, *i)'
Assertion failed on expression: 'pred(*previous, *i)'
Assertion failed on expression: 'pred(*previous, *i)'
Assertion failed on expression: 'pred(*previous, *i)'
Assertion failed on expression: 'pred(*previous, *i)'
Assertion failed on expression: 'pred(*previous, *i)'
Assertion failed on expression: 'pred(*previous, *i)'
Assertion failed on expression: 'pred(*previous, *i)'
Assertion failed on expression: 'pred(*previous, *i)'
Assertion failed on expression: 'pred(*previous, *i)'
Assertion failed on expression: 'pred(*previous, *i)'
Assertion failed on expression: 'pred(*previous, *i)'
Assertion failed on expression: 'pred(*previous, *i)'
Assertion failed on expression: 'pred(*previous, *i)'
Assertion failed on expression: 'pred(*previous, *i)'
Assertion failed on expression: 'pred(*previous, *i)'
Assertion failed on expression: 'pred(*previous, *i)'
Assertion failed on expression: 'pred(*previous, *i)'
Assertion failed on expression: 'pred(*previous, *i)'
Assertion failed on expression: 'pred(*previous, *i)'
Assertion failed on expression: 'pred(*previous, *i)'
Assertion failed on expression: 'pred(*previous, *i)'
Assertion failed on expression: 'pred(*previous, *i)'
Assertion failed on expression: 'pred(*previous, *i)'
Assertion failed on expression: 'pred(*previous, *i)'
Assertion failed on expression: 'pred(*previous, *i)'
Assertion failed on expression: 'pred(*previous, *i)'
Assertion failed on expression: 'pred(*previous, *i)'
Assertion failed on expression: 'pred(*previous, *i)'
Assertion failed on expression: 'pred(*previous, *i)'
Assertion failed on expression: 'pred(*previous, *i)'
Assertion failed on expression: 'pred(*previous, *i)'
Assertion failed on expression: 'pred(*previous, *i)'
Assertion failed on expression: 'pred(*previous, *i)'
Assertion failed on expression: 'pred(*previous, *i)'
Assertion failed on expression: 'pred(*previous, *i)'
Assertion failed on expression: 'pred(*previous, *i)'
Assertion failed on expression: 'pred(*previous, *i)'
Assertion failed on expression: 'pred(*previous, *i)'
Assertion failed on expression: 'pred(*previous, *i)'
Assertion failed on expression: 'pred(*previous, *i)'
Assertion failed on expression: 'pred(*previous, *i)'
Assertion failed on expression: 'pred(*previous, *i)'
Assertion failed on expression: 'pred(*previous, *i)'
Assertion failed on expression: 'pred(*previous, *i)'
Assertion failed on expression: 'pred(*previous, *i)'
Assertion failed on expression: 'pred(*previous, *i)'
Assertion failed on expression: 'pred(*previous, *i)'
Assertion failed on expression: 'pred(*previous, *i)'
Assertion failed on expression: 'pred(*previous, *i)'
Assertion failed on expression: 'pred(*previous, *i)'
Assertion failed on expression: 'pred(*previous, *i)'
Assertion failed on expression: 'pred(*previous, *i)'
Assertion failed on expression: 'pred(*previous, *i)'
Assertion failed on expression: 'pred(*previous, *i)'
Assertion failed on expression: 'pred(*previous, *i)'
Assertion failed on expression: 'pred(*previous, *i)'
Assertion failed on expression: 'pred(*previous, *i)'
Assertion failed on expression: 'pred(*previous, *i)'
Assertion failed on expression: 'pred(*previous, *i)'
Assertion failed on expression: 'pred(*previous, *i)'
Assertion failed on expression: 'pred(*previous, *i)'
Assertion failed on expression: 'pred(*previous, *i)'
Assertion failed on expression: 'pred(*previous, *i)'
Assertion failed on expression: 'pred(*previous, *i)'
Assertion failed on expression: 'pred(*previous, *i)'
Assertion failed on expression: 'pred(*previous, *i)'
Assertion failed on expression: 'pred(*previous, *i)'
Assertion failed on expression: 'pred(*previous, *i)'
Assertion failed on expression: 'pred(*previous, *i)'
Assertion failed on expression: 'pred(*previous, *i)'
Assertion failed on expression: 'pred(*previous, *i)'
Assertion failed on expression: 'pred(*previous, *i)'
Assertion failed on expression: 'pred(*previous, *i)'
Assertion failed on expression: 'pred(*previous, *i)'
Assertion failed on expression: 'pred(*previous, *i)'
Assertion failed on expression: 'pred(*previous, *i)'
Assertion failed on expression: 'pred(*previous, *i)'
Assertion failed on expression: 'pred(*previous, *i)'
Assertion failed on expression: 'pred(*previous, *i)'
Assertion failed on expression: 'pred(*previous, *i)'
Assertion failed on expression: 'pred(*previous, *i)'
Assertion failed on expression: 'pred(*previous, *i)'
Assertion failed on expression: 'pred(*previous, *i)'
Assertion failed on expression: 'pred(*previous, *i)'
Assertion failed on expression: 'pred(*previous, *i)'
Assertion failed on expression: 'pred(*previous, *i)'
Assertion failed on expression: 'pred(*previous, *i)'
Assertion failed on expression: 'pred(*previous, *i)'
Assertion failed on expression: 'pred(*previous, *i)'
Assertion failed on expression: 'pred(*previous, *i)'
Assertion failed on expression: 'pred(*previous, *i)'
Assertion failed on expression: 'pred(*previous, *i)'
Assertion failed on expression: 'pred(*previous, *i)'
Assertion failed on expression: 'pred(*previous, *i)'
Assertion failed on expression: 'pred(*previous, *i)'
Assertion failed on expression: 'pred(*previous, *i)'
Assertion failed on expression: 'pred(*previous, *i)'
Assertion failed on expression: 'pred(*previous, *i)'
Assertion failed on expression: 'pred(*previous, *i)'
Assertion failed on expression: 'pred(*previous, *i)'
Assertion failed on expression: 'pred(*previous, *i)'
Assertion failed on expression: 'pred(*previous, *i)'
Assertion failed on expression: 'pred(*previous, *i)'
Assertion failed on expression: 'pred(*previous, *i)'
Assertion failed on expression: 'pred(*previous, *i)'
Assertion failed on expression: 'pred(*previous, *i)'
Assertion failed on expression: 'pred(*previous, *i)'
Assertion failed on expression: 'pred(*previous, *i)'
Assertion failed on expression: 'pred(*previous, *i)'
Assertion failed on expression: 'pred(*previous, *i)'
Assertion failed on expression: 'pred(*previous, *i)'
Assertion failed on expression: 'pred(*previous, *i)'
Assertion failed on expression: 'pred(*previous, *i)'
Assertion failed on expression: 'pred(*previous, *i)'
Assertion failed on expression: 'pred(*previous, *i)'
Assertion failed on expression: 'pred(*previous, *i)'
Assertion failed on expression: 'pred(*previous, *i)'
Assertion failed on expression: 'pred(*previous, *i)'
Assertion failed on expression: 'pred(*previous, *i)'
Assertion failed on expression: 'pred(*previous, *i)'
Assertion failed on expression: 'pred(*previous, *i)'
Assertion failed on expression: 'pred(*previous, *i)'
Assertion failed on expression: 'pred(*previous, *i)'
Assertion failed on expression: 'pred(*previous, *i)'
Assertion failed on expression: 'pred(*previous, *i)'
Assertion failed on expression: 'pred(*previous, *i)'
Assertion failed on expression: 'pred(*previous, *i)'
Assertion failed on expression: 'pred(*previous, *i)'
Assertion failed on expression: 'pred(*previous, *i)'
Assertion failed on expression: 'pred(*previous, *i)'
Assertion failed on expression: 'pred(*previous, *i)'
Assertion failed on expression: 'pred(*previous, *i)'
Assertion failed on expression: 'pred(*previous, *i)'
Assertion failed on expression: 'pred(*previous, *i)'
Assertion failed on expression: 'pred(*previous, *i)'
Assertion failed on expression: 'pred(*previous, *i)'
Assertion failed on expression: 'pred(*previous, *i)'
Assertion failed on expression: 'pred(*previous, *i)'
Assertion failed on expression: 'pred(*previous, *i)'
Assertion failed on expression: 'pred(*previous, *i)'
Assertion failed on expression: 'pred(*previous, *i)'
Assertion failed on expression: 'pred(*previous, *i)'
Assertion failed on expression: 'pred(*previous, *i)'
Assertion failed on expression: 'pred(*previous, *i)'
Assertion failed on expression: 'pred(*previous, *i)'
Assertion failed on expression: 'pred(*previous, *i)'
Assertion failed on expression: 'pred(*previous, *i)'
Assertion failed on expression: 'pred(*previous, *i)'
Assertion failed on expression: 'pred(*previous, *i)'
Assertion failed on expression: 'pred(*previous, *i)'
Assertion failed on expression: 'pred(*previous, *i)'
Assertion failed on expression: 'pred(*previous, *i)'
Assertion failed on expression: 'pred(*previous, *i)'
Assertion failed on expression: 'pred(*previous, *i)'
Assertion failed on expression: 'pred(*previous, *i)'
Assertion failed on expression: 'pred(*previous, *i)'
Assertion failed on expression: 'pred(*previous, *i)'
Assertion failed on expression: 'pred(*previous, *i)'
Assertion failed on expression: 'pred(*previous, *i)'
Assertion failed on expression: 'pred(*previous, *i)'
Assertion failed on expression: 'pred(*previous, *i)'
Assertion failed on expression: 'pred(*previous, *i)'
Assertion failed on expression: 'pred(*previous, *i)'
Assertion failed on expression: 'pred(*previous, *i)'
Assertion failed on expression: 'pred(*previous, *i)'
Assertion failed on expression: 'pred(*previous, *i)'
Assertion failed on expression: 'pred(*previous, *i)'
Assertion failed on expression: 'pred(*previous, *i)'
Assertion failed on expression: 'pred(*previous, *i)'
Assertion failed on expression: 'pred(*previous, *i)'
Assertion failed on expression: 'pred(*previous, *i)'
Assertion failed on expression: 'pred(*previous, *i)'
Assertion failed on expression: 'pred(*previous, *i)'
Assertion failed on expression: 'pred(*previous, *i)'
Assertion failed on expression: 'pred(*previous, *i)'
Assertion failed on expression: 'pred(*previous, *i)'
Assertion failed on expression: 'pred(*previous, *i)'
Assertion failed on expression: 'pred(*previous, *i)'
Assertion failed on expression: 'pred(*previous, *i)'
Assertion failed on expression: 'pred(*previous, *i)'
Assertion failed on expression: 'pred(*previous, *i)'
Assertion failed on expression: 'pred(*previous, *i)'
Assertion failed on expression: 'pred(*previous, *i)'
Assertion failed on expression: 'pred(*previous, *i)'
Assertion failed on expression: 'pred(*previous, *i)'
Assertion failed on expression: 'pred(*previous, *i)'
Assertion failed on expression: 'pred(*previous, *i)'
Assertion failed on expression: 'pred(*previous, *i)'
Assertion failed on expression: 'pred(*previous, *i)'
Assertion failed on expression: 'pred(*previous, *i)'
Assertion failed on expression: 'pred(*previous, *i)'
Assertion failed on expression: 'pred(*previous, *i)'
Assertion failed on expression: 'pred(*previous, *i)'
Assertion failed on expression: 'pred(*previous, *i)'
Assertion failed on expression: 'pred(*previous, *i)'
Assertion failed on expression: 'pred(*previous, *i)'
Assertion failed on expression: 'pred(*previous, *i)'
Assertion failed on expression: 'pred(*previous, *i)'
Assertion failed on expression: 'pred(*previous, *i)'
Assertion failed on expression: 'pred(*previous, *i)'
Assertion failed on expression: 'pred(*previous, *i)'
Assertion failed on expression: 'pred(*previous, *i)'
Assertion failed on expression: 'pred(*previous, *i)'
Assertion failed on expression: 'pred(*previous, *i)'
Assertion failed on expression: 'pred(*previous, *i)'
Assertion failed on expression: 'pred(*previous, *i)'
Assertion failed on expression: 'pred(*previous, *i)'
Assertion failed on expression: 'pred(*previous, *i)'
Assertion failed on expression: 'pred(*previous, *i)'
Assertion failed on expression: 'pred(*previous, *i)'
Assertion failed on expression: 'pred(*previous, *i)'
Assertion failed on expression: 'pred(*previous, *i)'
Assertion failed on expression: 'pred(*previous, *i)'
Assertion failed on expression: 'pred(*previous, *i)'
Assertion failed on expression: 'pred(*previous, *i)'
Assertion failed on expression: 'pred(*previous, *i)'
Assertion failed on expression: 'pred(*previous, *i)'
Assertion failed on expression: 'pred(*previous, *i)'
Assertion failed on expression: 'pred(*previous, *i)'
Assertion failed on expression: 'pred(*previous, *i)'
Assertion failed on expression: 'pred(*previous, *i)'
Assertion failed on expression: 'pred(*previous, *i)'
Assertion failed on expression: 'pred(*previous, *i)'
Assertion failed on expression: 'pred(*previous, *i)'
Assertion failed on expression: 'pred(*previous, *i)'
Assertion failed on expression: 'pred(*previous, *i)'
Assertion failed on expression: 'pred(*previous, *i)'
Assertion failed on expression: 'pred(*previous, *i)'
Assertion failed on expression: 'pred(*previous, *i)'
Assertion failed on expression: 'pred(*previous, *i)'
Assertion failed on expression: 'pred(*previous, *i)'
Assertion failed on expression: 'pred(*previous, *i)'
Assertion failed on expression: 'pred(*previous, *i)'
Assertion failed on expression: 'pred(*previous, *i)'
Assertion failed on expression: 'pred(*previous, *i)'
Assertion failed on expression: 'pred(*previous, *i)'
Assertion failed on expression: 'pred(*previous, *i)'
Assertion failed on expression: 'pred(*previous, *i)'
Assertion failed on expression: 'pred(*previous, *i)'
Assertion failed on expression: 'pred(*previous, *i)'
Assertion failed on expression: 'pred(*previous, *i)'
Assertion failed on expression: 'pred(*previous, *i)'
Assertion failed on expression: 'pred(*previous, *i)'
Assertion failed on expression: 'pred(*previous, *i)'
Assertion failed on expression: 'pred(*previous, *i)'
Assertion failed on expression: 'pred(*previous, *i)'
Assertion failed on expression: 'pred(*previous, *i)'
Assertion failed on expression: 'pred(*previous, *i)'
Assertion failed on expression: 'pred(*previous, *i)'
Assertion failed on expression: 'pred(*previous, *i)'
Assertion failed on expression: 'pred(*previous, *i)'
Assertion failed on expression: 'pred(*previous, *i)'
Assertion failed on expression: 'pred(*previous, *i)'
Assertion failed on expression: 'pred(*previous, *i)'
Assertion failed on expression: 'pred(*previous, *i)'
Assertion failed on expression: 'pred(*previous, *i)'
Assertion failed on expression: 'pred(*previous, *i)'
Assertion failed on expression: 'pred(*previous, *i)'
Assertion failed on expression: 'pred(*previous, *i)'
Assertion failed on expression: 'pred(*previous, *i)'
Assertion failed on expression: 'pred(*previous, *i)'
Assertion failed on expression: 'pred(*previous, *i)'
Assertion failed on expression: 'pred(*previous, *i)'
Assertion failed on expression: 'pred(*previous, *i)'
Assertion failed on expression: 'pred(*previous, *i)'
Assertion failed on expression: 'pred(*previous, *i)'
Assertion failed on expression: 'pred(*previous, *i)'
Assertion failed on expression: 'pred(*previous, *i)'
Assertion failed on expression: 'pred(*previous, *i)'
Assertion failed on expression: 'pred(*previous, *i)'
Assertion failed on expression: 'pred(*previous, *i)'
Assertion failed on expression: 'pred(*previous, *i)'
Assertion failed on expression: 'pred(*previous, *i)'
Assertion failed on expression: 'pred(*previous, *i)'
Assertion failed on expression: 'pred(*previous, *i)'
Assertion failed on expression: 'pred(*previous, *i)'
Assertion failed on expression: 'pred(*previous, *i)'
Assertion failed on expression: 'pred(*previous, *i)'
Assertion failed on expression: 'pred(*previous, *i)'
Assertion failed on expression: 'pred(*previous, *i)'
Assertion failed on expression: 'pred(*previous, *i)'
Assertion failed on expression: 'pred(*previous, *i)'
Assertion failed on expression: 'pred(*previous, *i)'
Assertion failed on expression: 'pred(*previous, *i)'
Assertion failed on expression: 'pred(*previous, *i)'
Assertion failed on expression: 'pred(*previous, *i)'
Assertion failed on expression: 'pred(*previous, *i)'
Assertion failed on expression: 'pred(*previous, *i)'
Assertion failed on expression: 'pred(*previous, *i)'
Assertion failed on expression: 'pred(*previous, *i)'
Assertion failed on expression: 'pred(*previous, *i)'
Assertion failed on expression: 'pred(*previous, *i)'
Assertion failed on expression: 'pred(*previous, *i)'
Assertion failed on expression: 'pred(*previous, *i)'
Assertion failed on expression: 'pred(*previous, *i)'
Assertion failed on expression: 'pred(*previous, *i)'
Assertion failed on expression: 'pred(*previous, *i)'
Assertion failed on expression: 'pred(*previous, *i)'
Assertion failed on expression: 'pred(*previous, *i)'
Assertion failed on expression: 'pred(*previous, *i)'
Assertion failed on expression: 'pred(*previous, *i)'
Assertion failed on expression: 'pred(*previous, *i)'
Assertion failed on expression: 'pred(*previous, *i)'
Assertion failed on expression: 'pred(*previous, *i)'
Assertion failed on expression: 'pred(*previous, *i)'
Assertion failed on expression: 'pred(*previous, *i)'
Assertion failed on expression: 'pred(*previous, *i)'
Assertion failed on expression: 'pred(*previous, *i)'
Assertion failed on expression: 'pred(*previous, *i)'
Assertion failed on expression: 'pred(*previous, *i)'
Assertion failed on expression: 'pred(*previous, *i)'
Assertion failed on expression: 'pred(*previous, *i)'
Assertion failed on expression: 'pred(*previous, *i)'
Assertion failed on expression: 'pred(*previous, *i)'
Assertion failed on expression: 'pred(*previous, *i)'
Assertion failed on expression: 'pred(*previous, *i)'
Assertion failed on expression: 'pred(*previous, *i)'
Assertion failed on expression: 'pred(*previous, *i)'
Assertion failed on expression: 'pred(*previous, *i)'
Assertion failed on expression: 'pred(*previous, *i)'
Assertion failed on expression: 'pred(*previous, *i)'
Assertion failed on expression: 'pred(*previous, *i)'
Assertion failed on expression: 'pred(*previous, *i)'
Assertion failed on expression: 'pred(*previous, *i)'
Assertion failed on expression: 'pred(*previous, *i)'
Assertion failed on expression: 'pred(*previous, *i)'
Assertion failed on expression: 'pred(*previous, *i)'
Assertion failed on expression: 'pred(*previous, *i)'
Assertion failed on expression: 'pred(*previous, *i)'
Assertion failed on expression: 'pred(*previous, *i)'
Assertion failed on expression: 'pred(*previous, *i)'
Assertion failed on expression: 'pred(*previous, *i)'
Assertion failed on expression: 'pred(*previous, *i)'
Assertion failed on expression: 'pred(*previous, *i)'
Assertion failed on expression: 'pred(*previous, *i)'
Assertion failed on expression: 'pred(*previous, *i)'
Assertion failed on expression: 'pred(*previous, *i)'
Assertion failed on expression: 'pred(*previous, *i)'
Assertion failed on expression: 'pred(*previous, *i)'
Assertion failed on expression: 'pred(*previous, *i)'
Assertion failed on expression: 'pred(*previous, *i)'
Assertion failed on expression: 'pred(*previous, *i)'
Assertion failed on expression: 'pred(*previous, *i)'
Assertion failed on expression: 'pred(*previous, *i)'
Assertion failed on expression: 'pred(*previous, *i)'
Assertion failed on expression: 'pred(*previous, *i)'
Assertion failed on expression: 'pred(*previous, *i)'
Assertion failed on expression: 'pred(*previous, *i)'
Assertion failed on expression: 'pred(*previous, *i)'
Assertion failed on expression: 'pred(*previous, *i)'
Assertion failed on expression: 'pred(*previous, *i)'
Assertion failed on expression: 'pred(*previous, *i)'
Assertion failed on expression: 'pred(*previous, *i)'
Assertion failed on expression: 'pred(*previous, *i)'
Assertion failed on expression: 'pred(*previous, *i)'
Assertion failed on expression: 'pred(*previous, *i)'
Assertion failed on expression: 'pred(*previous, *i)'
Assertion failed on expression: 'pred(*previous, *i)'
Assertion failed on expression: 'pred(*previous, *i)'
Assertion failed on expression: 'pred(*previous, *i)'
Assertion failed on expression: 'pred(*previous, *i)'
Assertion failed on expression: 'pred(*previous, *i)'
Assertion failed on expression: 'pred(*previous, *i)'
Assertion failed on expression: 'pred(*previous, *i)'
Assertion failed on expression: 'pred(*previous, *i)'
Assertion failed on expression: 'pred(*previous, *i)'
Assertion failed on expression: 'pred(*previous, *i)'
Assertion failed on expression: 'pred(*previous, *i)'
Assertion failed on expression: 'pred(*previous, *i)'
Assertion failed on expression: 'pred(*previous, *i)'
Assertion failed on expression: 'pred(*previous, *i)'
Assertion failed on expression: 'pred(*previous, *i)'
Assertion failed on expression: 'pred(*previous, *i)'
Assertion failed on expression: 'pred(*previous, *i)'
Assertion failed on expression: 'pred(*previous, *i)'
Assertion failed on expression: 'pred(*previous, *i)'
Assertion failed on expression: 'pred(*previous, *i)'
Assertion failed on expression: 'pred(*previous, *i)'
Assertion failed on expression: 'pred(*previous, *i)'
Assertion failed on expression: 'pred(*previous, *i)'
Assertion failed on expression: 'pred(*previous, *i)'
Assertion failed on expression: 'pred(*previous, *i)'
Assertion failed on expression: 'pred(*previous, *i)'
Assertion failed on expression: 'pred(*previous, *i)'
Assertion failed on expression: 'pred(*previous, *i)'
Assertion failed on expression: 'pred(*previous, *i)'
Assertion failed on expression: 'pred(*previous, *i)'
Assertion failed on expression: 'pred(*previous, *i)'
Assertion failed on expression: 'pred(*previous, *i)'
Assertion failed on expression: 'pred(*previous, *i)'
Assertion failed on expression: 'pred(*previous, *i)'
Assertion failed on expression: 'pred(*previous, *i)'
Assertion failed on expression: 'pred(*previous, *i)'
Assertion failed on expression: 'pred(*previous, *i)'
Assertion failed on expression: 'pred(*previous, *i)'
Assertion failed on expression: 'pred(*previous, *i)'
Assertion failed on expression: 'pred(*previous, *i)'
Assertion failed on expression: 'pred(*previous, *i)'
Assertion failed on expression: 'pred(*previous, *i)'
Assertion failed on expression: 'pred(*previous, *i)'
Assertion failed on expression: 'pred(*previous, *i)'
Assertion failed on expression: 'pred(*previous, *i)'
Assertion failed on expression: 'pred(*previous, *i)'
Assertion failed on expression: 'pred(*previous, *i)'
Assertion failed on expression: 'pred(*previous, *i)'
Assertion failed on expression: 'pred(*previous, *i)'
Assertion failed on expression: 'pred(*previous, *i)'
Assertion failed on expression: 'pred(*previous, *i)'
Assertion failed on expression: 'pred(*previous, *i)'
Assertion failed on expression: 'pred(*previous, *i)'
Assertion failed on expression: 'pred(*previous, *i)'
Assertion failed on expression: 'pred(*previous, *i)'
Assertion failed on expression: 'pred(*previous, *i)'
Assertion failed on expression: 'pred(*previous, *i)'
Assertion failed on expression: 'pred(*previous, *i)'
Assertion failed on expression: 'pred(*previous, *i)'
Assertion failed on expression: 'pred(*previous, *i)'
Assertion failed on expression: 'pred(*previous, *i)'
Assertion failed on expression: 'pred(*previous, *i)'
Assertion failed on expression: 'pred(*previous, *i)'
Assertion failed on expression: 'pred(*previous, *i)'
Assertion failed on expression: 'pred(*previous, *i)'
Assertion failed on expression: 'pred(*previous, *i)'
Assertion failed on expression: 'pred(*previous, *i)'
Assertion failed on expression: 'pred(*previous, *i)'
Assertion failed on expression: 'pred(*previous, *i)'
Assertion failed on expression: 'pred(*previous, *i)'
Assertion failed on expression: 'pred(*previous, *i)'
Assertion failed on expression: 'pred(*previous, *i)'
Assertion failed on expression: 'pred(*previous, *i)'
Assertion failed on expression: 'pred(*previous, *i)'
Assertion failed on expression: 'pred(*previous, *i)'
Assertion failed on expression: 'pred(*previous, *i)'
Assertion failed on expression: 'pred(*previous, *i)'
Assertion failed on expression: 'pred(*previous, *i)'
Assertion failed on expression: 'pred(*previous, *i)'
Assertion failed on expression: 'pred(*previous, *i)'
Assertion failed on expression: 'pred(*previous, *i)'
Assertion failed on expression: 'pred(*previous, *i)'
Assertion failed on expression: 'pred(*previous, *i)'
Assertion failed on expression: 'pred(*previous, *i)'
Assertion failed on expression: 'pred(*previous, *i)'
Assertion failed on expression: 'pred(*previous, *i)'
Assertion failed on expression: 'pred(*previous, *i)'
Assertion failed on expression: 'pred(*previous, *i)'
Assertion failed on expression: 'pred(*previous, *i)'
Assertion failed on expression: 'pred(*previous, *i)'
Assertion failed on expression: 'pred(*previous, *i)'
Assertion failed on expression: 'pred(*previous, *i)'
Assertion failed on expression: 'pred(*previous, *i)'
Assertion failed on expression: 'pred(*previous, *i)'
Assertion failed on expression: 'pred(*previous, *i)'
Assertion failed on expression: 'pred(*previous, *i)'
Assertion failed on expression: 'pred(*previous, *i)'
Assertion failed on expression: 'pred(*previous, *i)'
Assertion failed on expression: 'pred(*previous, *i)'
Assertion failed on expression: 'pred(*previous, *i)'
Assertion failed on expression: 'pred(*previous, *i)'
Assertion failed on expression: 'pred(*previous, *i)'
Assertion failed on expression: 'pred(*previous, *i)'
Assertion failed on expression: 'pred(*previous, *i)'
Assertion failed on expression: 'pred(*previous, *i)'
Assertion failed on expression: 'pred(*previous, *i)'
Assertion failed on expression: 'pred(*previous, *i)'
Assertion failed on expression: 'pred(*previous, *i)'
Assertion failed on expression: 'pred(*previous, *i)'
Assertion failed on expression: 'pred(*previous, *i)'
Assertion failed on expression: 'pred(*previous, *i)'
Assertion failed on expression: 'pred(*previous, *i)'
Assertion failed on expression: 'pred(*previous, *i)'
Assertion failed on expression: 'pred(*previous, *i)'
Assertion failed on expression: 'pred(*previous, *i)'
Assertion failed on expression: 'pred(*previous, *i)'
Assertion failed on expression: 'pred(*previous, *i)'
Assertion failed on expression: 'pred(*previous, *i)'
Assertion failed on expression: 'pred(*previous, *i)'
Assertion failed on expression: 'pred(*previous, *i)'
Assertion failed on expression: 'pred(*previous, *i)'
Assertion failed on expression: 'pred(*previous, *i)'
Assertion failed on expression: 'pred(*previous, *i)'
Assertion failed on expression: 'pred(*previous, *i)'
Assertion failed on expression: 'pred(*previous, *i)'
Assertion failed on expression: 'pred(*previous, *i)'
Assertion failed on expression: 'pred(*previous, *i)'
Assertion failed on expression: 'pred(*previous, *i)'
Assertion failed on expression: 'pred(*previous, *i)'
Assertion failed on expression: 'pred(*previous, *i)'
Assertion failed on expression: 'pred(*previous, *i)'
Assertion failed on expression: 'pred(*previous, *i)'
Assertion failed on expression: 'pred(*previous, *i)'
Assertion failed on expression: 'pred(*previous, *i)'
Assertion failed on expression: 'pred(*previous, *i)'
Assertion failed on expression: 'pred(*previous, *i)'
Assertion failed on expression: 'pred(*previous, *i)'
Assertion failed on expression: 'pred(*previous, *i)'
Assertion failed on expression: 'pred(*previous, *i)'
Assertion failed on expression: 'pred(*previous, *i)'
Assertion failed on expression: 'pred(*previous, *i)'
Assertion failed on expression: 'pred(*previous, *i)'
Assertion failed on expression: 'pred(*previous, *i)'
Assertion failed on expression: 'pred(*previous, *i)'
Assertion failed on expression: 'pred(*previous, *i)'
Assertion failed on expression: 'pred(*previous, *i)'
Assertion failed on expression: 'pred(*previous, *i)'
Assertion failed on expression: 'pred(*previous, *i)'
Assertion failed on expression: 'pred(*previous, *i)'
Assertion failed on expression: 'pred(*previous, *i)'
Assertion failed on expression: 'pred(*previous, *i)'
Assertion failed on expression: 'pred(*previous, *i)'
Assertion failed on expression: 'pred(*previous, *i)'
Assertion failed on expression: 'pred(*previous, *i)'
Assertion failed on expression: 'pred(*previous, *i)'
Assertion failed on expression: 'pred(*previous, *i)'
Assertion failed on expression: 'pred(*previous, *i)'
Assertion failed on expression: 'pred(*previous, *i)'
Assertion failed on expression: 'pred(*previous, *i)'
Assertion failed on expression: 'pred(*previous, *i)'
Assertion failed on expression: 'pred(*previous, *i)'
Assertion failed on expression: 'pred(*previous, *i)'
Assertion failed on expression: 'pred(*previous, *i)'
Assertion failed on expression: 'pred(*previous, *i)'
Assertion failed on expression: 'pred(*previous, *i)'
Assertion failed on expression: 'pred(*previous, *i)'
Assertion failed on expression: 'pred(*previous, *i)'
Assertion failed on expression: 'pred(*previous, *i)'
Assertion failed on expression: 'pred(*previous, *i)'
Assertion failed on expression: 'pred(*previous, *i)'
Assertion failed on expression: 'pred(*previous, *i)'
Assertion failed on expression: 'pred(*previous, *i)'
Assertion failed on expression: 'pred(*previous, *i)'
Assertion failed on expression: 'pred(*previous, *i)'
Assertion failed on expression: 'pred(*previous, *i)'
Assertion failed on expression: 'pred(*previous, *i)'
Assertion failed on expression: 'pred(*previous, *i)'
Assertion failed on expression: 'pred(*previous, *i)'
Assertion failed on expression: 'pred(*previous, *i)'
Assertion failed on expression: 'pred(*previous, *i)'
Assertion failed on expression: 'pred(*previous, *i)'
Assertion failed on expression: 'pred(*previous, *i)'
Assertion failed on expression: 'pred(*previous, *i)'
Assertion failed on expression: 'pred(*previous, *i)'
Assertion failed on expression: 'pred(*previous, *i)'
Assertion failed on expression: 'pred(*previous, *i)'
Assertion failed on expression: 'pred(*previous, *i)'
Assertion failed on expression: 'pred(*previous, *i)'
Assertion failed on expression: 'pred(*previous, *i)'
Assertion failed on expression: 'pred(*previous, *i)'
Assertion failed on expression: 'pred(*previous, *i)'
Assertion failed on expression: 'pred(*previous, *i)'
Assertion failed on expression: 'pred(*previous, *i)'
Assertion failed on expression: 'pred(*previous, *i)'
Assertion failed on expression: 'pred(*previous, *i)'
Assertion failed on expression: 'pred(*previous, *i)'
Assertion failed on expression: 'pred(*previous, *i)'
Assertion failed on expression: 'pred(*previous, *i)'
Assertion failed on expression: 'pred(*previous, *i)'
Assertion failed on expression: 'pred(*previous, *i)'
Assertion failed on expression: 'pred(*previous, *i)'
Assertion failed on expression: 'pred(*previous, *i)'
Assertion failed on expression: 'pred(*previous, *i)'
Assertion failed on expression: 'pred(*previous, *i)'
Assertion failed on expression: 'pred(*previous, *i)'
Assertion failed on expression: 'pred(*previous, *i)'
Assertion failed on expression: 'pred(*previous, *i)'
Assertion failed on expression: 'pred(*previous, *i)'
Assertion failed on expression: 'pred(*previous, *i)'
Assertion failed on expression: 'pred(*previous, *i)'
Assertion failed on expression: 'pred(*previous, *i)'
Assertion failed on expression: 'pred(*previous, *i)'
Assertion failed on expression: 'pred(*previous, *i)'
Assertion failed on expression: 'pred(*previous, *i)'
Assertion failed on expression: 'pred(*previous, *i)'
Assertion failed on expression: 'pred(*previous, *i)'
Assertion failed on expression: 'pred(*previous, *i)'
Assertion failed on expression: 'pred(*previous, *i)'
Assertion failed on expression: 'pred(*previous, *i)'
Assertion failed on expression: 'pred(*previous, *i)'
Assertion failed on expression: 'pred(*previous, *i)'
Assertion failed on expression: 'pred(*previous, *i)'
Assertion failed on expression: 'pred(*previous, *i)'
Assertion failed on expression: 'pred(*previous, *i)'
Assertion failed on expression: 'pred(*previous, *i)'
Assertion failed on expression: 'pred(*previous, *i)'
Assertion failed on expression: 'pred(*previous, *i)'
Assertion failed on expression: 'pred(*previous, *i)'
Assertion failed on expression: 'pred(*previous, *i)'
Assertion failed on expression: 'pred(*previous, *i)'
Assertion failed on expression: 'pred(*previous, *i)'
Assertion failed on expression: 'pred(*previous, *i)'
Assertion failed on expression: 'pred(*previous, *i)'
Assertion failed on expression: 'pred(*previous, *i)'
Assertion failed on expression: 'pred(*previous, *i)'
Assertion failed on expression: 'pred(*previous, *i)'
Assertion failed on expression: 'pred(*previous, *i)'
Assertion failed on expression: 'pred(*previous, *i)'
Assertion failed on expression: 'pred(*previous, *i)'
Assertion failed on expression: 'pred(*previous, *i)'
Assertion failed on expression: 'pred(*previous, *i)'
Assertion failed on expression: 'pred(*previous, *i)'
Assertion failed on expression: 'pred(*previous, *i)'
Assertion failed on expression: 'pred(*previous, *i)'
Assertion failed on expression: 'pred(*previous, *i)'
Assertion failed on expression: 'pred(*previous, *i)'
Assertion failed on expression: 'pred(*previous, *i)'
Assertion failed on expression: 'pred(*previous, *i)'
Assertion failed on expression: 'pred(*previous, *i)'
Assertion failed on expression: 'pred(*previous, *i)'
Assertion failed on expression: 'pred(*previous, *i)'
Assertion failed on expression: 'pred(*previous, *i)'
Assertion failed on expression: 'pred(*previous, *i)'
Assertion failed on expression: 'pred(*previous, *i)'
Assertion failed on expression: 'pred(*previous, *i)'
Assertion failed on expression: 'pred(*previous, *i)'
Assertion failed on expression: 'pred(*previous, *i)'
Assertion failed on expression: 'pred(*previous, *i)'
Assertion failed on expression: 'pred(*previous, *i)'
Assertion failed on expression: 'pred(*previous, *i)'
Assertion failed on expression: 'pred(*previous, *i)'
Assertion failed on expression: 'pred(*previous, *i)'
Assertion failed on expression: 'pred(*previous, *i)'
Assertion failed on expression: 'pred(*previous, *i)'
Assertion failed on expression: 'pred(*previous, *i)'
Assertion failed on expression: 'pred(*previous, *i)'
Assertion failed on expression: 'pred(*previous, *i)'
Assertion failed on expression: 'pred(*previous, *i)'
Assertion failed on expression: 'pred(*previous, *i)'
Assertion failed on expression: 'pred(*previous, *i)'
Assertion failed on expression: 'pred(*previous, *i)'
Assertion failed on expression: 'pred(*previous, *i)'
Assertion failed on expression: 'pred(*previous, *i)'
Assertion failed on expression: 'pred(*previous, *i)'
Assertion failed on expression: 'pred(*previous, *i)'
Assertion failed on expression: 'pred(*previous, *i)'
Assertion failed on expression: 'pred(*previous, *i)'
Assertion failed on expression: 'pred(*previous, *i)'
Assertion failed on expression: 'pred(*previous, *i)'
Assertion failed on expression: 'pred(*previous, *i)'
Assertion failed on expression: 'pred(*previous, *i)'
Assertion failed on expression: 'pred(*previous, *i)'
Assertion failed on expression: 'pred(*previous, *i)'
Assertion failed on expression: 'pred(*previous, *i)'
Assertion failed on expression: 'pred(*previous, *i)'
Assertion failed on expression: 'pred(*previous, *i)'
Assertion failed on expression: 'pred(*previous, *i)'
Assertion failed on expression: 'pred(*previous, *i)'
Assertion failed on expression: 'pred(*previous, *i)'
Assertion failed on expression: 'pred(*previous, *i)'
Assertion failed on expression: 'pred(*previous, *i)'
Assertion failed on expression: 'pred(*previous, *i)'
Assertion failed on expression: 'pred(*previous, *i)'
Assertion failed on expression: 'pred(*previous, *i)'
Assertion failed on expression: 'pred(*previous, *i)'
Assertion failed on expression: 'pred(*previous, *i)'
Assertion failed on expression: 'pred(*previous, *i)'
Assertion failed on expression: 'pred(*previous, *i)'
Assertion failed on expression: 'pred(*previous, *i)'
Assertion failed on expression: 'pred(*previous, *i)'
Assertion failed on expression: 'pred(*previous, *i)'
Assertion failed on expression: 'pred(*previous, *i)'
Assertion failed on expression: 'pred(*previous, *i)'
Assertion failed on expression: 'pred(*previous, *i)'
Assertion failed on expression: 'pred(*previous, *i)'
Assertion failed on expression: 'pred(*previous, *i)'
Assertion failed on expression: 'pred(*previous, *i)'
Assertion failed on expression: 'pred(*previous, *i)'
Assertion failed on expression: 'pred(*previous, *i)'
Assertion failed on expression: 'pred(*previous, *i)'
Assertion failed on expression: 'pred(*previous, *i)'
Assertion failed on expression: 'pred(*previous, *i)'
Assertion failed on expression: 'pred(*previous, *i)'
Assertion failed on expression: 'pred(*previous, *i)'
Assertion failed on expression: 'pred(*previous, *i)'
Assertion failed on expression: 'pred(*previous, *i)'
Assertion failed on expression: 'pred(*previous, *i)'
Assertion failed on expression: 'pred(*previous, *i)'
Assertion failed on expression: 'pred(*previous, *i)'
Assertion failed on expression: 'pred(*previous, *i)'
Assertion failed on expression: 'pred(*previous, *i)'
Assertion failed on expression: 'pred(*previous, *i)'
Assertion failed on expression: 'pred(*previous, *i)'
Assertion failed on expression: 'pred(*previous, *i)'
Assertion failed on expression: 'pred(*previous, *i)'
Assertion failed on expression: 'pred(*previous, *i)'
Assertion failed on expression: 'pred(*previous, *i)'
Assertion failed on expression: 'pred(*previous, *i)'
Assertion failed on expression: 'pred(*previous, *i)'
Assertion failed on expression: 'pred(*previous, *i)'
Assertion failed on expression: 'pred(*previous, *i)'
Assertion failed on expression: 'pred(*previous, *i)'
Assertion failed on expression: 'pred(*previous, *i)'
Assertion failed on expression: 'pred(*previous, *i)'
Assertion failed on expression: 'pred(*previous, *i)'
Assertion failed on expression: 'pred(*previous, *i)'
Assertion failed on expression: 'pred(*previous, *i)'
Assertion failed on expression: 'pred(*previous, *i)'
Assertion failed on expression: 'pred(*previous, *i)'
Assertion failed on expression: 'pred(*previous, *i)'
Assertion failed on expression: 'pred(*previous, *i)'
Assertion failed on expression: 'pred(*previous, *i)'
Assertion failed on expression: 'pred(*previous, *i)'
Assertion failed on expression: 'pred(*previous, *i)'
Assertion failed on expression: 'pred(*previous, *i)'
Assertion failed on expression: 'pred(*previous, *i)'
Assertion failed on expression: 'pred(*previous, *i)'
Assertion failed on expression: 'pred(*previous, *i)'
Assertion failed on expression: 'pred(*previous, *i)'
Assertion failed on expression: 'pred(*previous, *i)'
Assertion failed on expression: 'pred(*previous, *i)'
Assertion failed on expression: 'pred(*previous, *i)'
Assertion failed on expression: 'pred(*previous, *i)'
Assertion failed on expression: 'pred(*previous, *i)'
Assertion failed on expression: 'pred(*previous, *i)'
Assertion failed on expression: 'pred(*previous, *i)'
Assertion failed on expression: 'pred(*previous, *i)'
Assertion failed on expression: 'pred(*previous, *i)'
Assertion failed on expression: 'pred(*previous, *i)'
Assertion failed on expression: 'pred(*previous, *i)'
Assertion failed on expression: 'pred(*previous, *i)'
Assertion failed on expression: 'pred(*previous, *i)'
Assertion failed on expression: 'pred(*previous, *i)'
Assertion failed on expression: 'pred(*previous, *i)'
Assertion failed on expression: 'pred(*previous, *i)'
Assertion failed on expression: 'pred(*previous, *i)'
Assertion failed on expression: 'pred(*previous, *i)'
Assertion failed on expression: 'pred(*previous, *i)'
Assertion failed on expression: 'pred(*previous, *i)'
Assertion failed on expression: 'pred(*previous, *i)'
Assertion failed on expression: 'pred(*previous, *i)'
Assertion failed on expression: 'pred(*previous, *i)'
Assertion failed on expression: 'pred(*previous, *i)'
Assertion failed on expression: 'pred(*previous, *i)'
Assertion failed on expression: 'pred(*previous, *i)'
Assertion failed on expression: 'pred(*previous, *i)'
Assertion failed on expression: 'pred(*previous, *i)'
Assertion failed on expression: 'pred(*previous, *i)'
Assertion failed on expression: 'pred(*previous, *i)'
Assertion failed on expression: 'pred(*previous, *i)'
Assertion failed on expression: 'pred(*previous, *i)'
Assertion failed on expression: 'pred(*previous, *i)'
Assertion failed on expression: 'pred(*previous, *i)'
Assertion failed on expression: 'pred(*previous, *i)'
Assertion failed on expression: 'pred(*previous, *i)'
Assertion failed on expression: 'pred(*previous, *i)'
Assertion failed on expression: 'pred(*previous, *i)'
Assertion failed on expression: 'pred(*previous, *i)'
Assertion failed on expression: 'pred(*previous, *i)'
Assertion failed on expression: 'pred(*previous, *i)'
Assertion failed on expression: 'pred(*previous, *i)'
Assertion failed on expression: 'pred(*previous, *i)'
Assertion failed on expression: 'pred(*previous, *i)'
Assertion failed on expression: 'pred(*previous, *i)'
Assertion failed on expression: 'pred(*previous, *i)'
Assertion failed on expression: 'pred(*previous, *i)'
Assertion failed on expression: 'pred(*previous, *i)'
Assertion failed on expression: 'pred(*previous, *i)'
Assertion failed on expression: 'pred(*previous, *i)'
Assertion failed on expression: 'pred(*previous, *i)'
Assertion failed on expression: 'pred(*previous, *i)'
Assertion failed on expression: 'pred(*previous, *i)'
Assertion failed on expression: 'pred(*previous, *i)'
Assertion failed on expression: 'pred(*previous, *i)'
Assertion failed on expression: 'pred(*previous, *i)'
Assertion failed on expression: 'pred(*previous, *i)'
Assertion failed on expression: 'pred(*previous, *i)'
Assertion failed on expression: 'pred(*previous, *i)'
Assertion failed on expression: 'pred(*previous, *i)'
Assertion failed on expression: 'pred(*previous, *i)'
Assertion failed on expression: 'pred(*previous, *i)'
Assertion failed on expression: 'pred(*previous, *i)'
Assertion failed on expression: 'pred(*previous, *i)'
Assertion failed on expression: 'pred(*previous, *i)'
Assertion failed on expression: 'pred(*previous, *i)'
Assertion failed on expression: 'pred(*previous, *i)'
Assertion failed on expression: 'pred(*previous, *i)'
Assertion failed on expression: 'pred(*previous, *i)'
Assertion failed on expression: 'pred(*previous, *i)'
Assertion failed on expression: 'pred(*previous, *i)'
Assertion failed on expression: 'pred(*previous, *i)'
Assertion failed on expression: 'pred(*previous, *i)'
Assertion failed on expression: 'pred(*previous, *i)'
Assertion failed on expression: 'pred(*previous, *i)'
Assertion failed on expression: 'pred(*previous, *i)'
Assertion failed on expression: 'pred(*previous, *i)'
Assertion failed on expression: 'pred(*previous, *i)'
Assertion failed on expression: 'pred(*previous, *i)'
Assertion failed on expression: 'pred(*previous, *i)'
Assertion failed on expression: 'pred(*previous, *i)'
Assertion failed on expression: 'pred(*previous, *i)'
Assertion failed on expression: 'pred(*previous, *i)'
Assertion failed on expression: 'pred(*previous, *i)'
Assertion failed on expression: 'pred(*previous, *i)'
Assertion failed on expression: 'pred(*previous, *i)'
Assertion failed on expression: 'pred(*previous, *i)'
Assertion failed on expression: 'pred(*previous, *i)'
Assertion failed on expression: 'pred(*previous, *i)'
Assertion failed on expression: 'pred(*previous, *i)'
Assertion failed on expression: 'pred(*previous, *i)'
Assertion failed on expression: 'pred(*previous, *i)'
Assertion failed on expression: 'pred(*previous, *i)'
Assertion failed on expression: 'pred(*previous, *i)'
Assertion failed on expression: 'pred(*previous, *i)'
Assertion failed on expression: 'pred(*previous, *i)'
Assertion failed on expression: 'pred(*previous, *i)'
Assertion failed on expression: 'pred(*previous, *i)'
Assertion failed on expression: 'pred(*previous, *i)'
Assertion failed on expression: 'pred(*previous, *i)'
Assertion failed on expression: 'pred(*previous, *i)'
Assertion failed on expression: 'pred(*previous, *i)'
Assertion failed on expression: 'pred(*previous, *i)'
Assertion failed on expression: 'pred(*previous, *i)'
Assertion failed on expression: 'pred(*previous, *i)'
Assertion failed on expression: 'pred(*previous, *i)'
Assertion failed on expression: 'pred(*previous, *i)'
Assertion failed on expression: 'pred(*previous, *i)'
Assertion failed on expression: 'pred(*previous, *i)'
Assertion failed on expression: 'pred(*previous, *i)'
Assertion failed on expression: 'pred(*previous, *i)'
Assertion failed on expression: 'pred(*previous, *i)'
Assertion failed on expression: 'pred(*previous, *i)'
Assertion failed on expression: 'pred(*previous, *i)'
Assertion failed on expression: 'pred(*previous, *i)'
Assertion failed on expression: 'pred(*previous, *i)'
Assertion failed on expression: 'pred(*previous, *i)'
Assertion failed on expression: 'pred(*previous, *i)'
Assertion failed on expression: 'pred(*previous, *i)'
Assertion failed on expression: 'pred(*previous, *i)'
Assertion failed on expression: 'pred(*previous, *i)'
Assertion failed on expression: 'pred(*previous, *i)'
Assertion failed on expression: 'pred(*previous, *i)'
Assertion failed on expression: 'pred(*previous, *i)'
Assertion failed on expression: 'pred(*previous, *i)'
Assertion failed on expression: 'pred(*previous, *i)'
Assertion failed on expression: 'pred(*previous, *i)'
Assertion failed on expression: 'pred(*previous, *i)'
Assertion failed on expression: 'pred(*previous, *i)'
Assertion failed on expression: 'pred(*previous, *i)'
Assertion failed on expression: 'pred(*previous, *i)'
Assertion failed on expression: 'pred(*previous, *i)'
Assertion failed on expression: 'pred(*previous, *i)'
Assertion failed on expression: 'pred(*previous, *i)'
Assertion failed on expression: 'pred(*previous, *i)'
Assertion failed on expression: 'pred(*previous, *i)'
Assertion failed on expression: 'pred(*previous, *i)'
Assertion failed on expression: 'pred(*previous, *i)'
Assertion failed on expression: 'pred(*previous, *i)'
Assertion failed on expression: 'pred(*previous, *i)'
Assertion failed on expression: 'pred(*previous, *i)'
Assertion failed on expression: 'pred(*previous, *i)'
Assertion failed on expression: 'pred(*previous, *i)'
Assertion failed on expression: 'pred(*previous, *i)'
Assertion failed on expression: 'pred(*previous, *i)'
Assertion failed on expression: 'pred(*previous, *i)'
Assertion failed on expression: 'pred(*previous, *i)'
Assertion failed on expression: 'pred(*previous, *i)'
Assertion failed on expression: 'pred(*previous, *i)'
Assertion failed on expression: 'pred(*previous, *i)'
Assertion failed on expression: 'pred(*previous, *i)'
Assertion failed on expression: 'pred(*previous, *i)'
Assertion failed on expression: 'pred(*previous, *i)'
Assertion failed on expression: 'pred(*previous, *i)'
Assertion failed on expression: 'pred(*previous, *i)'
Assertion failed on expression: 'pred(*previous, *i)'
Assertion failed on expression: 'pred(*previous, *i)'
Assertion failed on expression: 'pred(*previous, *i)'
Assertion failed on expression: 'pred(*previous, *i)'
Assertion failed on expression: 'pred(*previous, *i)'
Assertion failed on expression: 'pred(*previous, *i)'
Assertion failed on expression: 'pred(*previous, *i)'
Assertion failed on expression: 'pred(*previous, *i)'
Assertion failed on expression: 'pred(*previous, *i)'
Assertion failed on expression: 'pred(*previous, *i)'
Assertion failed on expression: 'pred(*previous, *i)'
Assertion failed on expression: 'pred(*previous, *i)'
Assertion failed on expression: 'pred(*previous, *i)'
Assertion failed on expression: 'pred(*previous, *i)'
Assertion failed on expression: 'pred(*previous, *i)'
Assertion failed on expression: 'pred(*previous, *i)'
Assertion failed on expression: 'pred(*previous, *i)'
Assertion failed on expression: 'pred(*previous, *i)'
Assertion failed on expression: 'pred(*previous, *i)'
Assertion failed on expression: 'pred(*previous, *i)'
Assertion failed on expression: 'pred(*previous, *i)'
Assertion failed on expression: 'pred(*previous, *i)'
Assertion failed on expression: 'pred(*previous, *i)'
Assertion failed on expression: 'pred(*previous, *i)'
Assertion failed on expression: 'pred(*previous, *i)'
Assertion failed on expression: 'pred(*previous, *i)'
Assertion failed on expression: 'pred(*previous, *i)'
Assertion failed on expression: 'pred(*previous, *i)'
Assertion failed on expression: 'pred(*previous, *i)'
Assertion failed on expression: 'pred(*previous, *i)'
Assertion failed on expression: 'pred(*previous, *i)'
Assertion failed on expression: 'pred(*previous, *i)'
Assertion failed on expression: 'pred(*previous, *i)'
Assertion failed on expression: 'pred(*previous, *i)'
Assertion failed on expression: 'pred(*previous, *i)'
Assertion failed on expression: 'pred(*previous, *i)'
Assertion failed on expression: 'pred(*previous, *i)'
Assertion failed on expression: 'pred(*previous, *i)'
Assertion failed on expression: 'pred(*previous, *i)'
Assertion failed on expression: 'pred(*previous, *i)'
Assertion failed on expression: 'pred(*previous, *i)'
Assertion failed on expression: 'pred(*previous, *i)'
Assertion failed on expression: 'pred(*previous, *i)'
Assertion failed on expression: 'pred(*previous, *i)'
Assertion failed on expression: 'pred(*previous, *i)'
Assertion failed on expression: 'pred(*previous, *i)'
Assertion failed on expression: 'pred(*previous, *i)'
Assertion failed on expression: 'pred(*previous, *i)'
Assertion failed on expression: 'pred(*previous, *i)'
Assertion failed on expression: 'pred(*previous, *i)'
Assertion failed on expression: 'pred(*previous, *i)'
Assertion failed on expression: 'pred(*previous, *i)'
Assertion failed on expression: 'pred(*previous, *i)'
Assertion failed on expression: 'pred(*previous, *i)'
Assertion failed on expression: 'pred(*previous, *i)'
Assertion failed on expression: 'pred(*previous, *i)'
Assertion failed on expression: 'pred(*previous, *i)'
Assertion failed on expression: 'pred(*previous, *i)'
Assertion failed on expression: 'pred(*previous, *i)'
Assertion failed on expression: 'pred(*previous, *i)'
Assertion failed on expression: 'pred(*previous, *i)'
Assertion failed on expression: 'pred(*previous, *i)'
Assertion failed on expression: 'pred(*previous, *i)'
Assertion failed on expression: 'pred(*previous, *i)'
Assertion failed on expression: 'pred(*previous, *i)'
Assertion failed on expression: 'pred(*previous, *i)'
Assertion failed on expression: 'pred(*previous, *i)'
Assertion failed on expression: 'pred(*previous, *i)'
Assertion failed on expression: 'pred(*previous, *i)'
Assertion failed on expression: 'pred(*previous, *i)'
Assertion failed on expression: 'pred(*previous, *i)'
Assertion failed on expression: 'pred(*previous, *i)'
Assertion failed on expression: 'pred(*previous, *i)'
Assertion failed on expression: 'pred(*previous, *i)'
Assertion failed on expression: 'pred(*previous, *i)'
Assertion failed on expression: 'pred(*previous, *i)'
Assertion failed on expression: 'pred(*previous, *i)'
Assertion failed on expression: 'pred(*previous, *i)'
Assertion failed on expression: 'pred(*previous, *i)'
Assertion failed on expression: 'pred(*previous, *i)'
Assertion failed on expression: 'pred(*previous, *i)'
Assertion failed on expression: 'pred(*previous, *i)'
Assertion failed on expression: 'pred(*previous, *i)'
Assertion failed on expression: 'pred(*previous, *i)'
Assertion failed on expression: 'pred(*previous, *i)'
Assertion failed on expression: 'pred(*previous, *i)'
Assertion failed on expression: 'pred(*previous, *i)'
Assertion failed on expression: 'pred(*previous, *i)'
Assertion failed on expression: 'pred(*previous, *i)'
Assertion failed on expression: 'pred(*previous, *i)'
Assertion failed on expression: 'pred(*previous, *i)'
Assertion failed on expression: 'pred(*previous, *i)'
Assertion failed on expression: 'pred(*previous, *i)'
Assertion failed on expression: 'pred(*previous, *i)'
Assertion failed on expression: 'pred(*previous, *i)'
Assertion failed on expression: 'pred(*previous, *i)'
Assertion failed on expression: 'pred(*previous, *i)'
Assertion failed on expression: 'pred(*previous, *i)'
Assertion failed on expression: 'pred(*previous, *i)'
Assertion failed on expression: 'pred(*previous, *i)'
Assertion failed on expression: 'pred(*previous, *i)'
Assertion failed on expression: 'pred(*previous, *i)'
Assertion failed on expression: 'pred(*previous, *i)'
Assertion failed on expression: 'pred(*previous, *i)'
Assertion failed on expression: 'pred(*previous, *i)'
Assertion failed on expression: 'pred(*previous, *i)'
Assertion failed on expression: 'pred(*previous, *i)'
Assertion failed on expression: 'pred(*previous, *i)'
Assertion failed on expression: 'pred(*previous, *i)'
Assertion failed on expression: 'pred(*previous, *i)'
Assertion failed on expression: 'pred(*previous, *i)'
Assertion failed on expression: 'pred(*previous, *i)'
Assertion failed on expression: 'pred(*previous, *i)'
Assertion failed on expression: 'pred(*previous, *i)'
Assertion failed on expression: 'pred(*previous, *i)'
Assertion failed on expression: 'pred(*previous, *i)'
Assertion failed on expression: 'pred(*previous, *i)'
Assertion failed on expression: 'pred(*previous, *i)'
Assertion failed on expression: 'pred(*previous, *i)'
Assertion failed on expression: 'pred(*previous, *i)'
Assertion failed on expression: 'pred(*previous, *i)'
Assertion failed on expression: 'pred(*previous, *i)'
Assertion failed on expression: 'pred(*previous, *i)'
Assertion failed on expression: 'pred(*previous, *i)'
Assertion failed on expression: 'pred(*previous, *i)'
Assertion failed on expression: 'pred(*previous, *i)'
Assertion failed on expression: 'pred(*previous, *i)'
Assertion failed on expression: 'pred(*previous, *i)'
Assertion failed on expression: 'pred(*previous, *i)'
Assertion failed on expression: 'pred(*previous, *i)'
Assertion failed on expression: 'pred(*previous, *i)'
Assertion failed on expression: 'pred(*previous, *i)'
Assertion failed on expression: 'pred(*previous, *i)'
Assertion failed on expression: 'pred(*previous, *i)'
Assertion failed on expression: 'pred(*previous, *i)'
Assertion failed on expression: 'pred(*previous, *i)'
Assertion failed on expression: 'pred(*previous, *i)'
Assertion failed on expression: 'pred(*previous, *i)'
Assertion failed on expression: 'pred(*previous, *i)'
Assertion failed on expression: 'pred(*previous, *i)'
Assertion failed on expression: 'pred(*previous, *i)'
Assertion failed on expression: 'pred(*previous, *i)'
Assertion failed on expression: 'pred(*previous, *i)'
Assertion failed on expression: 'pred(*previous, *i)'
Assertion failed on expression: 'pred(*previous, *i)'
Assertion failed on expression: 'pred(*previous, *i)'
Assertion failed on expression: 'pred(*previous, *i)'
Assertion failed on expression: 'pred(*previous, *i)'
Assertion failed on expression: 'pred(*previous, *i)'
Assertion failed on expression: 'pred(*previous, *i)'
Assertion failed on expression: 'pred(*previous, *i)'
Assertion failed on expression: 'pred(*previous, *i)'
Assertion failed on expression: 'pred(*previous, *i)'
Assertion failed on expression: 'pred(*previous, *i)'
Assertion failed on expression: 'pred(*previous, *i)'
Assertion failed on expression: 'pred(*previous, *i)'
Assertion failed on expression: 'pred(*previous, *i)'
Assertion failed on expression: 'pred(*previous, *i)'
Assertion failed on expression: 'pred(*previous, *i)'
Assertion failed on expression: 'pred(*previous, *i)'
Assertion failed on expression: 'pred(*previous, *i)'
Assertion failed on expression: 'pred(*previous, *i)'
Assertion failed on expression: 'pred(*previous, *i)'
Assertion failed on expression: 'pred(*previous, *i)'
Assertion failed on expression: 'pred(*previous, *i)'
Assertion failed on expression: 'pred(*previous, *i)'
Assertion failed on expression: 'pred(*previous, *i)'
Assertion failed on expression: 'pred(*previous, *i)'
Assertion failed on expression: 'pred(*previous, *i)'
Assertion failed on expression: 'pred(*previous, *i)'
Assertion failed on expression: 'pred(*previous, *i)'
Assertion failed on expression: 'pred(*previous, *i)'
Assertion failed on expression: 'pred(*previous, *i)'
Assertion failed on expression: 'pred(*previous, *i)'
Assertion failed on expression: 'pred(*previous, *i)'
Assertion failed on expression: 'pred(*previous, *i)'
Assertion failed on expression: 'pred(*previous, *i)'
Assertion failed on expression: 'pred(*previous, *i)'
Assertion failed on expression: 'pred(*previous, *i)'
Assertion failed on expression: 'pred(*previous, *i)'
Assertion failed on expression: 'pred(*previous, *i)'
Assertion failed on expression: 'pred(*previous, *i)'
Assertion failed on expression: 'pred(*previous, *i)'
Assertion failed on expression: 'pred(*previous, *i)'
Assertion failed on expression: 'pred(*previous, *i)'
Assertion failed on expression: 'pred(*previous, *i)'
Assertion failed on expression: 'pred(*previous, *i)'
Assertion failed on expression: 'pred(*previous, *i)'
Assertion failed on expression: 'pred(*previous, *i)'
Assertion failed on expression: 'pred(*previous, *i)'
Assertion failed on expression: 'pred(*previous, *i)'
Assertion failed on expression: 'pred(*previous, *i)'
Assertion failed on expression: 'pred(*previous, *i)'
Assertion failed on expression: 'pred(*previous, *i)'
Assertion failed on expression: 'pred(*previous, *i)'
Assertion failed on expression: 'pred(*previous, *i)'
Assertion failed on expression: 'pred(*previous, *i)'
Assertion failed on expression: 'pred(*previous, *i)'
Assertion failed on expression: 'pred(*previous, *i)'
Assertion failed on expression: 'pred(*previous, *i)'
Assertion failed on expression: 'pred(*previous, *i)'
Assertion failed on expression: 'pred(*previous, *i)'
Assertion failed on expression: 'pred(*previous, *i)'
Assertion failed on expression: 'pred(*previous, *i)'
Assertion failed on expression: 'pred(*previous, *i)'
Assertion failed on expression: 'pred(*previous, *i)'
Assertion failed on expression: 'pred(*previous, *i)'
Assertion failed on expression: 'pred(*previous, *i)'
Assertion failed on expression: 'pred(*previous, *i)'
Assertion failed on expression: 'pred(*previous, *i)'
Assertion failed on expression: 'pred(*previous, *i)'
Assertion failed on expression: 'pred(*previous, *i)'
Assertion failed on expression: 'pred(*previous, *i)'
Assertion failed on expression: 'pred(*previous, *i)'
Assertion failed on expression: 'pred(*previous, *i)'
Assertion failed on expression: 'pred(*previous, *i)'
Assertion failed on expression: 'pred(*previous, *i)'
Assertion failed on expression: 'pred(*previous, *i)'
Assertion failed on expression: 'pred(*previous, *i)'
Assertion failed on expression: 'pred(*previous, *i)'
Assertion failed on expression: 'pred(*previous, *i)'
Assertion failed on expression: 'pred(*previous, *i)'
Assertion failed on expression: 'pred(*previous, *i)'
Assertion failed on expression: 'pred(*previous, *i)'
Assertion failed on expression: 'pred(*previous, *i)'
Assertion failed on expression: 'pred(*previous, *i)'
Assertion failed on expression: 'pred(*previous, *i)'
Assertion failed on expression: 'pred(*previous, *i)'
Assertion failed on expression: 'pred(*previous, *i)'
Assertion failed on expression: 'pred(*previous, *i)'
Assertion failed on expression: 'pred(*previous, *i)'
Assertion failed on expression: 'pred(*previous, *i)'
Assertion failed on expression: 'pred(*previous, *i)'
Assertion failed on expression: 'pred(*previous, *i)'
Assertion failed on expression: 'pred(*previous, *i)'
Assertion failed on expression: 'pred(*previous, *i)'
Assertion failed on expression: 'pred(*previous, *i)'
Assertion failed on expression: 'pred(*previous, *i)'
Assertion failed on expression: 'pred(*previous, *i)'
Assertion failed on expression: 'pred(*previous, *i)'
Assertion failed on expression: 'pred(*previous, *i)'
Assertion failed on expression: 'pred(*previous, *i)'
Assertion failed on expression: 'pred(*previous, *i)'
Assertion failed on expression: 'pred(*previous, *i)'
Assertion failed on expression: 'pred(*previous, *i)'
Assertion failed on expression: 'pred(*previous, *i)'
Assertion failed on expression: 'pred(*previous, *i)'
Assertion failed on expression: 'pred(*previous, *i)'
Assertion failed on expression: 'pred(*previous, *i)'
Assertion failed on expression: 'pred(*previous, *i)'
Assertion failed on expression: 'pred(*previous, *i)'
Assertion failed on expression: 'pred(*previous, *i)'
Assertion failed on expression: 'pred(*previous, *i)'
Assertion failed on expression: 'pred(*previous, *i)'
Assertion failed on expression: 'pred(*previous, *i)'
Assertion failed on expression: 'pred(*previous, *i)'
Assertion failed on expression: 'pred(*previous, *i)'
Assertion failed on expression: 'pred(*previous, *i)'
Assertion failed on expression: 'pred(*previous, *i)'
Assertion failed on expression: 'pred(*previous, *i)'
Assertion failed on expression: 'pred(*previous, *i)'
Assertion failed on expression: 'pred(*previous, *i)'
Assertion failed on expression: 'pred(*previous, *i)'
Assertion failed on expression: 'pred(*previous, *i)'
Assertion failed on expression: 'pred(*previous, *i)'
Assertion failed on expression: 'pred(*previous, *i)'
Assertion failed on expression: 'pred(*previous, *i)'
Assertion failed on expression: 'pred(*previous, *i)'
Assertion failed on expression: 'pred(*previous, *i)'
Assertion failed on expression: 'pred(*previous, *i)'
Assertion failed on expression: 'pred(*previous, *i)'
Assertion failed on expression: 'pred(*previous, *i)'
Assertion failed on expression: 'pred(*previous, *i)'
Assertion failed on expression: 'pred(*previous, *i)'
Assertion failed on expression: 'pred(*previous, *i)'
Assertion failed on expression: 'pred(*previous, *i)'
Assertion failed on expression: 'pred(*previous, *i)'
Assertion failed on expression: 'pred(*previous, *i)'
Assertion failed on expression: 'pred(*previous, *i)'
Assertion failed on expression: 'pred(*previous, *i)'
Assertion failed on expression: 'pred(*previous, *i)'
Assertion failed on expression: 'pred(*previous, *i)'
Assertion failed on expression: 'pred(*previous, *i)'
Assertion failed on expression: 'pred(*previous, *i)'
Assertion failed on expression: 'pred(*previous, *i)'
Assertion failed on expression: 'pred(*previous, *i)'
Assertion failed on expression: 'pred(*previous, *i)'
Assertion failed on expression: 'pred(*previous, *i)'
Assertion failed on expression: 'pred(*previous, *i)'
Assertion failed on expression: 'pred(*previous, *i)'
Assertion failed on expression: 'pred(*previous, *i)'
Assertion failed on expression: 'pred(*previous, *i)'
Assertion failed on expression: 'pred(*previous, *i)'
Assertion failed on expression: 'pred(*previous, *i)'
Assertion failed on expression: 'pred(*previous, *i)'
Assertion failed on expression: 'pred(*previous, *i)'
Assertion failed on expression: 'pred(*previous, *i)'
Assertion failed on expression: 'pred(*previous, *i)'
Assertion failed on expression: 'pred(*previous, *i)'
Assertion failed on expression: 'pred(*previous, *i)'
Assertion failed on expression: 'pred(*previous, *i)'
Assertion failed on expression: 'pred(*previous, *i)'
Assertion failed on expression: 'pred(*previous, *i)'
Assertion failed on expression: 'pred(*previous, *i)'
Assertion failed on expression: 'pred(*previous, *i)'
Assertion failed on expression: 'pred(*previous, *i)'
Assertion failed on expression: 'pred(*previous, *i)'
Assertion failed on expression: 'pred(*previous, *i)'
Assertion failed on expression: 'pred(*previous, *i)'
Assertion failed on expression: 'pred(*previous, *i)'
Assertion failed on expression: 'pred(*previous, *i)'
Assertion failed on expression: 'pred(*previous, *i)'
Assertion failed on expression: 'pred(*previous, *i)'
Assertion failed on expression: 'pred(*previous, *i)'
Assertion failed on expression: 'pred(*previous, *i)'
Assertion failed on expression: 'pred(*previous, *i)'
Assertion failed on expression: 'pred(*previous, *i)'
Assertion failed on expression: 'pred(*previous, *i)'
Assertion failed on expression: 'pred(*previous, *i)'
Assertion failed on expression: 'pred(*previous, *i)'
Assertion failed on expression: 'pred(*previous, *i)'
Assertion failed on expression: 'pred(*previous, *i)'
Assertion failed on expression: 'pred(*previous, *i)'
Assertion failed on expression: 'pred(*previous, *i)'
Assertion failed on expression: 'pred(*previous, *i)'
Assertion failed on expression: 'pred(*previous, *i)'
Assertion failed on expression: 'pred(*previous, *i)'
Assertion failed on expression: 'pred(*previous, *i)'
Assertion failed on expression: 'pred(*previous, *i)'
Assertion failed on expression: 'pred(*previous, *i)'
Assertion failed on expression: 'pred(*previous, *i)'
Assertion failed on expression: 'pred(*previous, *i)'
Assertion failed on expression: 'pred(*previous, *i)'
Assertion failed on expression: 'pred(*previous, *i)'
Assertion failed on expression: 'pred(*previous, *i)'
Assertion failed on expression: 'pred(*previous, *i)'
Assertion failed on expression: 'pred(*previous, *i)'
Assertion failed on expression: 'pred(*previous, *i)'
Assertion failed on expression: 'pred(*previous, *i)'
Assertion failed on expression: 'pred(*previous, *i)'
Assertion failed on expression: 'pred(*previous, *i)'
Assertion failed on expression: 'pred(*previous, *i)'
Assertion failed on expression: 'pred(*previous, *i)'
Assertion failed on expression: 'pred(*previous, *i)'
Assertion failed on expression: 'pred(*previous, *i)'
Assertion failed on expression: 'pred(*previous, *i)'
Assertion failed on expression: 'pred(*previous, *i)'
Assertion failed on expression: 'pred(*previous, *i)'
Assertion failed on expression: 'pred(*previous, *i)'
Assertion failed on expression: 'pred(*previous, *i)'
Assertion failed on expression: 'pred(*previous, *i)'
Assertion failed on expression: 'pred(*previous, *i)'
Assertion failed on expression: 'pred(*previous, *i)'
Assertion failed on expression: 'pred(*previous, *i)'
Assertion failed on expression: 'pred(*previous, *i)'
Assertion failed on expression: 'pred(*previous, *i)'
Assertion failed on expression: 'pred(*previous, *i)'
Assertion failed on expression: 'pred(*previous, *i)'
Assertion failed on expression: 'pred(*previous, *i)'
Assertion failed on expression: 'pred(*previous, *i)'
Assertion failed on expression: 'pred(*previous, *i)'
Assertion failed on expression: 'pred(*previous, *i)'
Assertion failed on expression: 'pred(*previous, *i)'
Assertion failed on expression: 'pred(*previous, *i)'
Assertion failed on expression: 'pred(*previous, *i)'
Assertion failed on expression: 'pred(*previous, *i)'
Assertion failed on expression: 'pred(*previous, *i)'
Assertion failed on expression: 'pred(*previous, *i)'
Assertion failed on expression: 'pred(*previous, *i)'
Assertion failed on expression: 'pred(*previous, *i)'
Assertion failed on expression: 'pred(*previous, *i)'
Assertion failed on expression: 'pred(*previous, *i)'
Assertion failed on expression: 'pred(*previous, *i)'
Assertion failed on expression: 'pred(*previous, *i)'
Assertion failed on expression: 'pred(*previous, *i)'
Assertion failed on expression: 'pred(*previous, *i)'
Assertion failed on expression: 'pred(*previous, *i)'
Assertion failed on expression: 'pred(*previous, *i)'
Assertion failed on expression: 'pred(*previous, *i)'
Assertion failed on expression: 'pred(*previous, *i)'
Assertion failed on expression: 'pred(*previous, *i)'
Assertion failed on expression: 'pred(*previous, *i)'
Assertion failed on expression: 'pred(*previous, *i)'
Assertion failed on expression: 'pred(*previous, *i)'
Assertion failed on expression: 'pred(*previous, *i)'
Assertion failed on expression: 'pred(*previous, *i)'
Assertion failed on expression: 'pred(*previous, *i)'
Assertion failed on expression: 'pred(*previous, *i)'
Assertion failed on expression: 'pred(*previous, *i)'
Assertion failed on expression: 'pred(*previous, *i)'
Assertion failed on expression: 'pred(*previous, *i)'
Assertion failed on expression: 'pred(*previous, *i)'
Assertion failed on expression: 'pred(*previous, *i)'
Assertion failed on expression: 'pred(*previous, *i)'
Assertion failed on expression: 'pred(*previous, *i)'
Assertion failed on expression: 'pred(*previous, *i)'
Assertion failed on expression: 'pred(*previous, *i)'
Assertion failed on expression: 'pred(*previous, *i)'
Assertion failed on expression: 'pred(*previous, *i)'
Assertion failed on expression: 'pred(*previous, *i)'
Assertion failed on expression: 'pred(*previous, *i)'
Assertion failed on expression: 'pred(*previous, *i)'
Assertion failed on expression: 'pred(*previous, *i)'
Assertion failed on expression: 'pred(*previous, *i)'
Assertion failed on expression: 'pred(*previous, *i)'
Assertion failed on expression: 'pred(*previous, *i)'
Assertion failed on expression: 'pred(*previous, *i)'
Assertion failed on expression: 'pred(*previous, *i)'
Assertion failed on expression: 'pred(*previous, *i)'
Assertion failed on expression: 'pred(*previous, *i)'
Assertion failed on expression: 'pred(*previous, *i)'
Assertion failed on expression: 'pred(*previous, *i)'
Assertion failed on expression: 'pred(*previous, *i)'
Assertion failed on expression: 'pred(*previous, *i)'
Assertion failed on expression: 'pred(*previous, *i)'
Assertion failed on expression: 'pred(*previous, *i)'
Assertion failed on expression: 'pred(*previous, *i)'
Assertion failed on expression: 'pred(*previous, *i)'
Assertion failed on expression: 'pred(*previous, *i)'
Assertion failed on expression: 'pred(*previous, *i)'
Assertion failed on expression: 'pred(*previous, *i)'
Assertion failed on expression: 'pred(*previous, *i)'
Assertion failed on expression: 'pred(*previous, *i)'
Assertion failed on expression: 'pred(*previous, *i)'
Assertion failed on expression: 'pred(*previous, *i)'
Assertion failed on expression: 'pred(*previous, *i)'
Assertion failed on expression: 'pred(*previous, *i)'
Assertion failed on expression: 'pred(*previous, *i)'
Assertion failed on expression: 'pred(*previous, *i)'
Assertion failed on expression: 'pred(*previous, *i)'
Assertion failed on expression: 'pred(*previous, *i)'
Assertion failed on expression: 'pred(*previous, *i)'
Assertion failed on expression: 'pred(*previous, *i)'
Assertion failed on expression: 'pred(*previous, *i)'
Assertion failed on expression: 'pred(*previous, *i)'
Assertion failed on expression: 'pred(*previous, *i)'
Assertion failed on expression: 'pred(*previous, *i)'
Assertion failed on expression: 'pred(*previous, *i)'
Assertion failed on expression: 'pred(*previous, *i)'
Assertion failed on expression: 'pred(*previous, *i)'
Assertion failed on expression: 'pred(*previous, *i)'
Assertion failed on expression: 'pred(*previous, *i)'
Assertion failed on expression: 'pred(*previous, *i)'
Assertion failed on expression: 'pred(*previous, *i)'
Assertion failed on expression: 'pred(*previous, *i)'
Assertion failed on expression: 'pred(*previous, *i)'
Assertion failed on expression: 'pred(*previous, *i)'
Assertion failed on expression: 'pred(*previous, *i)'
Assertion failed on expression: 'pred(*previous, *i)'
Assertion failed on expression: 'pred(*previous, *i)'
Assertion failed on expression: 'pred(*previous, *i)'
Assertion failed on expression: 'pred(*previous, *i)'
Assertion failed on expression: 'pred(*previous, *i)'
Assertion failed on expression: 'pred(*previous, *i)'
Assertion failed on expression: 'pred(*previous, *i)'
Assertion failed on expression: 'pred(*previous, *i)'
Assertion failed on expression: 'pred(*previous, *i)'
Assertion failed on expression: 'pred(*previous, *i)'
Assertion failed on expression: 'pred(*previous, *i)'
Assertion failed on expression: 'pred(*previous, *i)'
Assertion failed on expression: 'pred(*previous, *i)'
Assertion failed on expression: 'pred(*previous, *i)'
Assertion failed on expression: 'pred(*previous, *i)'
Assertion failed on expression: 'pred(*previous, *i)'
Assertion failed on expression: 'pred(*previous, *i)'
Assertion failed on expression: 'pred(*previous, *i)'
Assertion failed on expression: 'pred(*previous, *i)'
Assertion failed on expression: 'pred(*previous, *i)'
Assertion failed on expression: 'pred(*previous, *i)'
Assertion failed on expression: 'pred(*previous, *i)'
Assertion failed on expression: 'pred(*previous, *i)'
Assertion failed on expression: 'pred(*previous, *i)'
Assertion failed on expression: 'pred(*previous, *i)'
Assertion failed on expression: 'pred(*previous, *i)'
Assertion failed on expression: 'pred(*previous, *i)'
Assertion failed on expression: 'pred(*previous, *i)'
Assertion failed on expression: 'pred(*previous, *i)'
Assertion failed on expression: 'pred(*previous, *i)'
Assertion failed on expression: 'pred(*previous, *i)'
Assertion failed on expression: 'pred(*previous, *i)'
Assertion failed on expression: 'pred(*previous, *i)'
Assertion failed on expression: 'pred(*previous, *i)'
Assertion failed on expression: 'pred(*previous, *i)'
Assertion failed on expression: 'pred(*previous, *i)'
Assertion failed on expression: 'pred(*previous, *i)'
Assertion failed on expression: 'pred(*previous, *i)'
Assertion failed on expression: 'pred(*previous, *i)'
Assertion failed on expression: 'pred(*previous, *i)'
Assertion failed on expression: 'pred(*previous, *i)'
Assertion failed on expression: 'pred(*previous, *i)'
Assertion failed on expression: 'pred(*previous, *i)'
Assertion failed on expression: 'pred(*previous, *i)'
Assertion failed on expression: 'pred(*previous, *i)'
Assertion failed on expression: 'pred(*previous, *i)'
Assertion failed on expression: 'pred(*previous, *i)'
Assertion failed on expression: 'pred(*previous, *i)'
Assertion failed on expression: 'pred(*previous, *i)'
Assertion failed on expression: 'pred(*previous, *i)'
Assertion failed on expression: 'pred(*previous, *i)'
Assertion failed on expression: 'pred(*previous, *i)'
Assertion failed on expression: 'pred(*previous, *i)'
Assertion failed on expression: 'pred(*previous, *i)'
Assertion failed on expression: 'pred(*previous, *i)'
Assertion failed on expression: 'pred(*previous, *i)'
Assertion failed on expression: 'pred(*previous, *i)'
Assertion failed on expression: 'pred(*previous, *i)'
Native extension for UWP target not found
Native extension for WindowsStandalone target not found
Native extension for WebGL target not found
[Package Manager] Failed to launch server process. Reason: Unity was launched with the -noUpm command-line argument
[Package Manager] Unable to send message (not connected to server process).
[Package Manager] Cannot connect to Unity Package Manager local server
Mono: successfully reloaded assembly
- Finished resetting the current domain, in  0.532 seconds
Domain Reload Profiling: 965ms
	BeginReloadAssembly (139ms)
		ExecutionOrderSort (0ms)
		DisableScriptedObjects (15ms)
		BackupInstance (0ms)
		ReleaseScriptingObjects (0ms)
		CreateAndSetChildDomain (33ms)
	RebuildCommonClasses (21ms)
	RebuildNativeTypeToScriptingClass (8ms)
	initialDomainReloadingComplete (15ms)
	LoadAllAssembliesAndSetupDomain (249ms)
		LoadAssemblies (184ms)
		RebuildTransferFunctionScriptingTraits (0ms)
		AnalyzeDomain (119ms)
			TypeCache.Refresh (5ms)
				TypeCache.ScanAssembly (0ms)
			BuildScriptInfoCaches (105ms)
			ResolveRequiredComponents (7ms)
	FinalizeReload (533ms)
		ReleaseScriptCaches (0ms)
		RebuildScriptCaches (0ms)
		SetupLoadedEditorAssemblies (410ms)
			LogAssemblyErrors (0ms)
			InitializePlatformSupportModulesInManaged (3ms)
			SetLoadedEditorAssemblies (4ms)
			BeforeProcessingInitializeOnLoad (87ms)
			ProcessInitializeOnLoadAttributes (271ms)
			ProcessInitializeOnLoadMethodAttributes (43ms)
			AfterProcessingInitializeOnLoad (1ms)
			EditorAssembliesLoaded (0ms)
		ExecutionOrderSort2 (0ms)
		AwakeInstancesAfterBackupRestoration (12ms)
Refreshing native plugins compatible for Editor in 1.04 ms, found 4 plugins.
Preloading 0 native plugins for Editor in 0.00 ms.
Unloading 34 Unused Serialized files (Serialized files now loaded: 0)
Unloading 6728 unused Assets / (6.4 MB). Loaded Objects now: 7491.
Memory consumption went from 166.0 MB to 159.6 MB.
Total: 5.754300 ms (FindLiveObjects: 0.380000 ms CreateObjectMapping: 0.234400 ms MarkObjects: 2.892700 ms  DeleteObjects: 2.246700 ms)

Prepare: number of updated asset objects reloaded= 0
========================================================================
Received Import Request.
  Time since last request: 453.866003 seconds.
  path: Assets/Scripts/Projectile.cs
  artifactKey: Guid(16eaeca5cc73fe945a51a60472535417) Importer(815301076,1909f56bfc062723c751e8b465ee728b)
Start importing Assets/Scripts/Projectile.cs using Guid(16eaeca5cc73fe945a51a60472535417) Importer(815301076,1909f56bfc062723c751e8b465ee728b) (PreviewImporter) -> (artifact id: 'bef08aff5e7701b0f6220a785d69f53c') in 0.0053899 seconds
Number of updated asset objects reloaded before import = 0Number of asset objects unloaded after import = 0

========================================================================
Received Import Request.
  Time since last request: 1359.845372 seconds.
  path: Assets/Scripts/SpawnManager.cs
  artifactKey: Guid(d03b0ae2a4c3e8443b64a7c59bc1915b) Importer(815301076,1909f56bfc062723c751e8b465ee728b)
Start importing Assets/Scripts/SpawnManager.cs using Guid(d03b0ae2a4c3e8443b64a7c59bc1915b) Importer(815301076,1909f56bfc062723c751e8b465ee728b) (PreviewImporter) -> (artifact id: 'c089427289015fe4db243e3bd5844b95') in 0.0006827 seconds
Number of updated asset objects reloaded before import = 0Number of asset objects unloaded after import = 0

========================================================================
Received Import Request.
  Time since last request: 1.215764 seconds.
  path: Assets/Scripts/PlayerController.cs
  artifactKey: Guid(e9a14c95632c72d4194578194dddf664) Importer(815301076,1909f56bfc062723c751e8b465ee728b)
Start importing Assets/Scripts/PlayerController.cs using Guid(e9a14c95632c72d4194578194dddf664) Importer(815301076,1909f56bfc062723c751e8b465ee728b) (PreviewImporter) -> (artifact id: '6fafe516e5b931c9ac80e44703b113ad') in 0.0003483 seconds
Number of updated asset objects reloaded before import = 0Number of asset objects unloaded after import = 0

