Using pre-set license
Built from '6000.0/staging' branch; Version is '6000.0.56f1 (9c7b5e468860) revision 10255198'; Using compiler version '193933523'; Build Type 'Release'
OS: 'Windows 11  (10.0.26100) 64bit Professional' Language: 'en' Physical Memory: 32537 MB
BatchMode: 1, IsHumanControllingUs: 0, StartBugReporterOnCrash: 0, Is64bit: 1
Date: 2025-12-01T19:15:22Z

COMMAND LINE ARGUMENTS:
W:\Unity Editor\6000.0.56f1\Editor\Unity.exe
-adb2
-batchMode
-noUpm
-name
AssetImportWorker1
-projectPath
W:/unity files/CRISPR/CRISPR/CRISPR
-logFile
Logs/AssetImportWorker1.log
-srvPort
56629
-job-worker-count
11
-background-job-worker-count
8
-gc-helper-count
1
-name
AssetImport
Successfully changed project path to: W:/unity files/CRISPR/CRISPR/CRISPR
W:/unity files/CRISPR/CRISPR/CRISPR
[UnityMemory] Configuration Parameters - Can be set up in boot.config
    "memorysetup-bucket-allocator-granularity=16"
    "memorysetup-bucket-allocator-bucket-count=8"
    "memorysetup-bucket-allocator-block-size=33554432"
    "memorysetup-bucket-allocator-block-count=8"
    "memorysetup-main-allocator-block-size=16777216"
    "memorysetup-thread-allocator-block-size=16777216"
    "memorysetup-gfx-main-allocator-block-size=16777216"
    "memorysetup-gfx-thread-allocator-block-size=16777216"
    "memorysetup-cache-allocator-block-size=4194304"
    "memorysetup-typetree-allocator-block-size=2097152"
    "memorysetup-profiler-bucket-allocator-granularity=16"
    "memorysetup-profiler-bucket-allocator-bucket-count=8"
    "memorysetup-profiler-bucket-allocator-block-size=33554432"
    "memorysetup-profiler-bucket-allocator-block-count=8"
    "memorysetup-profiler-allocator-block-size=16777216"
    "memorysetup-profiler-editor-allocator-block-size=1048576"
    "memorysetup-temp-allocator-size-main=16777216"
    "memorysetup-job-temp-allocator-block-size=2097152"
    "memorysetup-job-temp-allocator-block-size-background=1048576"
    "memorysetup-job-temp-allocator-reduction-small-platforms=262144"
    "memorysetup-allocator-temp-initial-block-size-main=262144"
    "memorysetup-allocator-temp-initial-block-size-worker=262144"
    "memorysetup-temp-allocator-size-background-worker=32768"
    "memorysetup-temp-allocator-size-job-worker=262144"
    "memorysetup-temp-allocator-size-preload-manager=33554432"
    "memorysetup-temp-allocator-size-nav-mesh-worker=65536"
    "memorysetup-temp-allocator-size-audio-worker=65536"
    "memorysetup-temp-allocator-size-cloud-worker=32768"
    "memorysetup-temp-allocator-size-gi-baking-worker=262144"
    "memorysetup-temp-allocator-size-gi-baking-worker=262144"
    "memorysetup-temp-allocator-size-gi-baking-worker=262144"
    "memorysetup-temp-allocator-size-gi-baking-worker=262144"
    "memorysetup-temp-allocator-size-gi-baking-worker=262144"
    "memorysetup-temp-allocator-size-gfx=262144"
Player connection [13176]  Target information:

Player connection [13176]  * "[IP] 169.254.83.107 [Port] 0 [Flags] 2 [Guid] 2890092451 [EditorId] 2890092451 [Version] 1048832 [Id] WindowsEditor(7,Boofbox) [Debug] 1 [PackageName] WindowsEditor [ProjectName] Editor" 

Player connection [13176]  * "[IP] 10.80.22.84 [Port] 0 [Flags] 2 [Guid] 2890092451 [EditorId] 2890092451 [Version] 1048832 [Id] WindowsEditor(7,Boofbox) [Debug] 1 [PackageName] WindowsEditor [ProjectName] Editor" 

Player connection [13176] Host joined multi-casting on [225.0.0.222:54997]...
Player connection [13176] Host joined alternative multi-casting on [225.0.0.222:34997]...
JobSystem: Creating JobQueue using job-worker-count value 11
Input System module state changed to: Initialized.
[Physics::Module] Initialized fallback backend.
[Physics::Module] Id: 0xdecafbad
Library Redirect Path: Library/
[Physics::Module] Selected backend.
[Physics::Module] Name: PhysX
[Physics::Module] Id: 0xf2b8ea05
[Physics::Module] SDK Version: 4.1.2
[Physics::Module] Integration Version: 1.0.0
[Physics::Module] Threading Mode: Multi-Threaded
Refreshing native plugins compatible for Editor in 186.26 ms, found 4 plugins.
Preloading 0 native plugins for Editor in 0.00 ms.
Initialize engine version: 6000.0.56f1 (9c7b5e468860)
[Subsystems] Discovering subsystems at path W:/Unity Editor/6000.0.56f1/Editor/Data/Resources/UnitySubsystems
[Subsystems] Discovering subsystems at path W:/unity files/CRISPR/CRISPR/CRISPR/Assets
GfxDevice: creating device client; kGfxThreadingModeNonThreaded
Direct3D:
    Version:  Direct3D 11.0 [level 11.1]
    Renderer: NVIDIA GeForce RTX 4070 (ID=0x2786)
    Vendor:   NVIDIA
    VRAM:     12012 MB
    Driver:   32.0.15.8129
Initialize mono
Mono path[0] = 'W:/Unity Editor/6000.0.56f1/Editor/Data/Managed'
Mono path[1] = 'W:/Unity Editor/6000.0.56f1/Editor/Data/MonoBleedingEdge/lib/mono/unityjit-win32'
Mono config path = 'W:/Unity Editor/6000.0.56f1/Editor/Data/MonoBleedingEdge/etc'
Using monoOptions --debugger-agent=transport=dt_socket,embedding=1,server=y,suspend=n,address=127.0.0.1:56664
Begin MonoManager ReloadAssembly
Registering precompiled unity dll's ...
Register platform support module: W:/Unity Editor/6000.0.56f1/Editor/Data/PlaybackEngines/WebGLSupport/UnityEditor.WebGL.Extensions.dll
Register platform support module: W:/Unity Editor/6000.0.56f1/Editor/Data/PlaybackEngines/WindowsStandaloneSupport/UnityEditor.WindowsStandalone.Extensions.dll
Register platform support module: W:/Unity Editor/6000.0.56f1/Editor/Data/PlaybackEngines/MetroSupport/UnityEditor.UWP.Extensions.dll
Registered in 0.130954 seconds.
- Loaded All Assemblies, in  8.052 seconds
Native extension for UWP target not found
Native extension for WindowsStandalone target not found
Native extension for WebGL target not found
Mono: successfully reloaded assembly
- Finished resetting the current domain, in  0.200 seconds
Domain Reload Profiling: 8252ms
	BeginReloadAssembly (6400ms)
		ExecutionOrderSort (0ms)
		DisableScriptedObjects (0ms)
		BackupInstance (0ms)
		ReleaseScriptingObjects (0ms)
		CreateAndSetChildDomain (0ms)
	RebuildCommonClasses (248ms)
	RebuildNativeTypeToScriptingClass (7ms)
	initialDomainReloadingComplete (156ms)
	LoadAllAssembliesAndSetupDomain (1241ms)
		LoadAssemblies (6400ms)
		RebuildTransferFunctionScriptingTraits (0ms)
		AnalyzeDomain (1239ms)
			TypeCache.Refresh (1237ms)
				TypeCache.ScanAssembly (988ms)
			BuildScriptInfoCaches (0ms)
			ResolveRequiredComponents (0ms)
	FinalizeReload (200ms)
		ReleaseScriptCaches (0ms)
		RebuildScriptCaches (0ms)
		SetupLoadedEditorAssemblies (181ms)
			LogAssemblyErrors (0ms)
			InitializePlatformSupportModulesInManaged (15ms)
			SetLoadedEditorAssemblies (3ms)
			BeforeProcessingInitializeOnLoad (35ms)
			ProcessInitializeOnLoadAttributes (89ms)
			ProcessInitializeOnLoadMethodAttributes (40ms)
			AfterProcessingInitializeOnLoad (0ms)
			EditorAssembliesLoaded (0ms)
		ExecutionOrderSort2 (0ms)
		AwakeInstancesAfterBackupRestoration (0ms)
========================================================================
Worker process is ready to serve import requests
Import Worker Mode flag is 0x00
Begin MonoManager ReloadAssembly
- Loaded All Assemblies, in  1.964 seconds
Refreshing native plugins compatible for Editor in 0.66 ms, found 4 plugins.
Native extension for UWP target not found
Native extension for WindowsStandalone target not found
Native extension for WebGL target not found
Package Manager log level set to [2]
[Package Manager] Failed to launch server process. Reason: Unity was launched with the -noUpm command-line argument
[Package Manager] Unable to send message (not connected to server process).
[Package Manager] Cannot connect to Unity Package Manager local server
Mono: successfully reloaded assembly
- Finished resetting the current domain, in  0.934 seconds
Domain Reload Profiling: 2898ms
	BeginReloadAssembly (100ms)
		ExecutionOrderSort (0ms)
		DisableScriptedObjects (4ms)
		BackupInstance (0ms)
		ReleaseScriptingObjects (0ms)
		CreateAndSetChildDomain (17ms)
	RebuildCommonClasses (21ms)
	RebuildNativeTypeToScriptingClass (7ms)
	initialDomainReloadingComplete (20ms)
	LoadAllAssembliesAndSetupDomain (1816ms)
		LoadAssemblies (1708ms)
		RebuildTransferFunctionScriptingTraits (0ms)
		AnalyzeDomain (163ms)
			TypeCache.Refresh (112ms)
				TypeCache.ScanAssembly (103ms)
			BuildScriptInfoCaches (39ms)
			ResolveRequiredComponents (9ms)
	FinalizeReload (934ms)
		ReleaseScriptCaches (0ms)
		RebuildScriptCaches (0ms)
		SetupLoadedEditorAssemblies (590ms)
			LogAssemblyErrors (0ms)
			InitializePlatformSupportModulesInManaged (2ms)
			SetLoadedEditorAssemblies (3ms)
			BeforeProcessingInitializeOnLoad (72ms)
			ProcessInitializeOnLoadAttributes (238ms)
			ProcessInitializeOnLoadMethodAttributes (274ms)
			AfterProcessingInitializeOnLoad (1ms)
			EditorAssembliesLoaded (0ms)
		ExecutionOrderSort2 (0ms)
		AwakeInstancesAfterBackupRestoration (4ms)
Launched and connected shader compiler UnityShaderCompiler.exe after 0.03 seconds
Refreshing native plugins compatible for Editor in 1.26 ms, found 4 plugins.
Preloading 0 native plugins for Editor in 0.00 ms.
Unloading 35 Unused Serialized files (Serialized files now loaded: 0)
Unloading 6730 unused Assets / (5.7 MB). Loaded Objects now: 7410.
Memory consumption went from 156.7 MB to 151.0 MB.
Total: 5.965800 ms (FindLiveObjects: 0.375100 ms CreateObjectMapping: 0.284700 ms MarkObjects: 3.380000 ms  DeleteObjects: 1.925200 ms)

========================================================================
Received Prepare
Begin MonoManager ReloadAssembly
- Loaded All Assemblies, in  0.505 seconds
Refreshing native plugins compatible for Editor in 0.93 ms, found 4 plugins.
Native extension for UWP target not found
Native extension for WindowsStandalone target not found
Native extension for WebGL target not found
[Package Manager] Failed to launch server process. Reason: Unity was launched with the -noUpm command-line argument
[Package Manager] Unable to send message (not connected to server process).
[Package Manager] Cannot connect to Unity Package Manager local server
Mono: successfully reloaded assembly
- Finished resetting the current domain, in  0.487 seconds
Domain Reload Profiling: 993ms
	BeginReloadAssembly (159ms)
		ExecutionOrderSort (0ms)
		DisableScriptedObjects (12ms)
		BackupInstance (0ms)
		ReleaseScriptingObjects (0ms)
		CreateAndSetChildDomain (37ms)
	RebuildCommonClasses (25ms)
	RebuildNativeTypeToScriptingClass (9ms)
	initialDomainReloadingComplete (18ms)
	LoadAllAssembliesAndSetupDomain (296ms)
		LoadAssemblies (225ms)
		RebuildTransferFunctionScriptingTraits (0ms)
		AnalyzeDomain (137ms)
			TypeCache.Refresh (5ms)
				TypeCache.ScanAssembly (0ms)
			BuildScriptInfoCaches (121ms)
			ResolveRequiredComponents (8ms)
	FinalizeReload (487ms)
		ReleaseScriptCaches (0ms)
		RebuildScriptCaches (0ms)
		SetupLoadedEditorAssemblies (384ms)
			LogAssemblyErrors (0ms)
			InitializePlatformSupportModulesInManaged (2ms)
			SetLoadedEditorAssemblies (4ms)
			BeforeProcessingInitializeOnLoad (83ms)
			ProcessInitializeOnLoadAttributes (253ms)
			ProcessInitializeOnLoadMethodAttributes (40ms)
			AfterProcessingInitializeOnLoad (1ms)
			EditorAssembliesLoaded (0ms)
		ExecutionOrderSort2 (0ms)
		AwakeInstancesAfterBackupRestoration (10ms)
Refreshing native plugins compatible for Editor in 0.66 ms, found 4 plugins.
Preloading 0 native plugins for Editor in 0.00 ms.
Unloading 34 Unused Serialized files (Serialized files now loaded: 0)
Unloading 6728 unused Assets / (6.5 MB). Loaded Objects now: 7414.
Memory consumption went from 157.5 MB to 151.0 MB.
Total: 5.936800 ms (FindLiveObjects: 0.424900 ms CreateObjectMapping: 0.192500 ms MarkObjects: 3.102600 ms  DeleteObjects: 2.215900 ms)

Prepare: number of updated asset objects reloaded= 0
========================================================================
Received Prepare
Begin MonoManager ReloadAssembly
- Loaded All Assemblies, in  0.416 seconds
Refreshing native plugins compatible for Editor in 0.67 ms, found 4 plugins.
Native extension for UWP target not found
Native extension for WindowsStandalone target not found
Native extension for WebGL target not found
[Package Manager] Failed to launch server process. Reason: Unity was launched with the -noUpm command-line argument
[Package Manager] Unable to send message (not connected to server process).
[Package Manager] Cannot connect to Unity Package Manager local server
Mono: successfully reloaded assembly
- Finished resetting the current domain, in  0.475 seconds
Domain Reload Profiling: 893ms
	BeginReloadAssembly (126ms)
		ExecutionOrderSort (0ms)
		DisableScriptedObjects (8ms)
		BackupInstance (0ms)
		ReleaseScriptingObjects (0ms)
		CreateAndSetChildDomain (27ms)
	RebuildCommonClasses (21ms)
	RebuildNativeTypeToScriptingClass (7ms)
	initialDomainReloadingComplete (14ms)
	LoadAllAssembliesAndSetupDomain (249ms)
		LoadAssemblies (182ms)
		RebuildTransferFunctionScriptingTraits (0ms)
		AnalyzeDomain (122ms)
			TypeCache.Refresh (5ms)
				TypeCache.ScanAssembly (0ms)
			BuildScriptInfoCaches (108ms)
			ResolveRequiredComponents (6ms)
	FinalizeReload (476ms)
		ReleaseScriptCaches (0ms)
		RebuildScriptCaches (0ms)
		SetupLoadedEditorAssemblies (387ms)
			LogAssemblyErrors (0ms)
			InitializePlatformSupportModulesInManaged (2ms)
			SetLoadedEditorAssemblies (4ms)
			BeforeProcessingInitializeOnLoad (77ms)
			ProcessInitializeOnLoadAttributes (264ms)
			ProcessInitializeOnLoadMethodAttributes (38ms)
			AfterProcessingInitializeOnLoad (1ms)
			EditorAssembliesLoaded (0ms)
		ExecutionOrderSort2 (0ms)
		AwakeInstancesAfterBackupRestoration (9ms)
Refreshing native plugins compatible for Editor in 1.07 ms, found 4 plugins.
Preloading 0 native plugins for Editor in 0.00 ms.
Unloading 34 Unused Serialized files (Serialized files now loaded: 0)
Unloading 6728 unused Assets / (6.3 MB). Loaded Objects now: 7417.
Memory consumption went from 157.4 MB to 151.1 MB.
Total: 5.895000 ms (FindLiveObjects: 0.473600 ms CreateObjectMapping: 0.302000 ms MarkObjects: 3.037500 ms  DeleteObjects: 2.081100 ms)

Prepare: number of updated asset objects reloaded= 0
========================================================================
Received Prepare
Begin MonoManager ReloadAssembly
- Loaded All Assemblies, in  0.421 seconds
Refreshing native plugins compatible for Editor in 0.68 ms, found 4 plugins.
Native extension for UWP target not found
Native extension for WindowsStandalone target not found
Native extension for WebGL target not found
[Package Manager] Failed to launch server process. Reason: Unity was launched with the -noUpm command-line argument
[Package Manager] Unable to send message (not connected to server process).
[Package Manager] Cannot connect to Unity Package Manager local server
Mono: successfully reloaded assembly
- Finished resetting the current domain, in  0.489 seconds
Domain Reload Profiling: 912ms
	BeginReloadAssembly (127ms)
		ExecutionOrderSort (0ms)
		DisableScriptedObjects (8ms)
		BackupInstance (0ms)
		ReleaseScriptingObjects (0ms)
		CreateAndSetChildDomain (27ms)
	RebuildCommonClasses (21ms)
	RebuildNativeTypeToScriptingClass (12ms)
	initialDomainReloadingComplete (15ms)
	LoadAllAssembliesAndSetupDomain (248ms)
		LoadAssemblies (185ms)
		RebuildTransferFunctionScriptingTraits (0ms)
		AnalyzeDomain (119ms)
			TypeCache.Refresh (5ms)
				TypeCache.ScanAssembly (0ms)
			BuildScriptInfoCaches (105ms)
			ResolveRequiredComponents (7ms)
	FinalizeReload (490ms)
		ReleaseScriptCaches (0ms)
		RebuildScriptCaches (0ms)
		SetupLoadedEditorAssemblies (395ms)
			LogAssemblyErrors (0ms)
			InitializePlatformSupportModulesInManaged (2ms)
			SetLoadedEditorAssemblies (4ms)
			BeforeProcessingInitializeOnLoad (79ms)
			ProcessInitializeOnLoadAttributes (266ms)
			ProcessInitializeOnLoadMethodAttributes (43ms)
			AfterProcessingInitializeOnLoad (1ms)
			EditorAssembliesLoaded (0ms)
		ExecutionOrderSort2 (0ms)
		AwakeInstancesAfterBackupRestoration (10ms)
Refreshing native plugins compatible for Editor in 0.73 ms, found 4 plugins.
Preloading 0 native plugins for Editor in 0.00 ms.
Unloading 34 Unused Serialized files (Serialized files now loaded: 0)
Unloading 6728 unused Assets / (6.4 MB). Loaded Objects now: 7420.
Memory consumption went from 157.5 MB to 151.0 MB.
Total: 6.137700 ms (FindLiveObjects: 0.418400 ms CreateObjectMapping: 0.382400 ms MarkObjects: 3.086100 ms  DeleteObjects: 2.250100 ms)

Prepare: number of updated asset objects reloaded= 0
========================================================================
Received Prepare
Begin MonoManager ReloadAssembly
- Loaded All Assemblies, in  0.422 seconds
Refreshing native plugins compatible for Editor in 0.64 ms, found 4 plugins.
Native extension for UWP target not found
Native extension for WindowsStandalone target not found
Native extension for WebGL target not found
[Package Manager] Failed to launch server process. Reason: Unity was launched with the -noUpm command-line argument
[Package Manager] Unable to send message (not connected to server process).
[Package Manager] Cannot connect to Unity Package Manager local server
Mono: successfully reloaded assembly
- Finished resetting the current domain, in  0.479 seconds
Domain Reload Profiling: 903ms
	BeginReloadAssembly (127ms)
		ExecutionOrderSort (0ms)
		DisableScriptedObjects (8ms)
		BackupInstance (0ms)
		ReleaseScriptingObjects (0ms)
		CreateAndSetChildDomain (27ms)
	RebuildCommonClasses (21ms)
	RebuildNativeTypeToScriptingClass (8ms)
	initialDomainReloadingComplete (15ms)
	LoadAllAssembliesAndSetupDomain (252ms)
		LoadAssemblies (185ms)
		RebuildTransferFunctionScriptingTraits (0ms)
		AnalyzeDomain (122ms)
			TypeCache.Refresh (5ms)
				TypeCache.ScanAssembly (0ms)
			BuildScriptInfoCaches (108ms)
			ResolveRequiredComponents (7ms)
	FinalizeReload (479ms)
		ReleaseScriptCaches (0ms)
		RebuildScriptCaches (0ms)
		SetupLoadedEditorAssemblies (386ms)
			LogAssemblyErrors (0ms)
			InitializePlatformSupportModulesInManaged (2ms)
			SetLoadedEditorAssemblies (4ms)
			BeforeProcessingInitializeOnLoad (75ms)
			ProcessInitializeOnLoadAttributes (265ms)
			ProcessInitializeOnLoadMethodAttributes (39ms)
			AfterProcessingInitializeOnLoad (1ms)
			EditorAssembliesLoaded (0ms)
		ExecutionOrderSort2 (0ms)
		AwakeInstancesAfterBackupRestoration (10ms)
Refreshing native plugins compatible for Editor in 0.85 ms, found 4 plugins.
Preloading 0 native plugins for Editor in 0.00 ms.
Unloading 34 Unused Serialized files (Serialized files now loaded: 0)
Unloading 6728 unused Assets / (6.0 MB). Loaded Objects now: 7423.
Memory consumption went from 157.5 MB to 151.5 MB.
Total: 5.889700 ms (FindLiveObjects: 0.386600 ms CreateObjectMapping: 0.248000 ms MarkObjects: 3.112600 ms  DeleteObjects: 2.141800 ms)

Prepare: number of updated asset objects reloaded= 0
========================================================================
Received Prepare
Begin MonoManager ReloadAssembly
- Loaded All Assemblies, in  0.422 seconds
Refreshing native plugins compatible for Editor in 0.68 ms, found 4 plugins.
Native extension for UWP target not found
Native extension for WindowsStandalone target not found
Native extension for WebGL target not found
[Package Manager] Failed to launch server process. Reason: Unity was launched with the -noUpm command-line argument
[Package Manager] Unable to send message (not connected to server process).
[Package Manager] Cannot connect to Unity Package Manager local server
Mono: successfully reloaded assembly
- Finished resetting the current domain, in  0.504 seconds
Domain Reload Profiling: 928ms
	BeginReloadAssembly (126ms)
		ExecutionOrderSort (0ms)
		DisableScriptedObjects (8ms)
		BackupInstance (0ms)
		ReleaseScriptingObjects (0ms)
		CreateAndSetChildDomain (27ms)
	RebuildCommonClasses (21ms)
	RebuildNativeTypeToScriptingClass (8ms)
	initialDomainReloadingComplete (14ms)
	LoadAllAssembliesAndSetupDomain (254ms)
		LoadAssemblies (191ms)
		RebuildTransferFunctionScriptingTraits (0ms)
		AnalyzeDomain (118ms)
			TypeCache.Refresh (5ms)
				TypeCache.ScanAssembly (0ms)
			BuildScriptInfoCaches (104ms)
			ResolveRequiredComponents (7ms)
	FinalizeReload (505ms)
		ReleaseScriptCaches (0ms)
		RebuildScriptCaches (0ms)
		SetupLoadedEditorAssemblies (411ms)
			LogAssemblyErrors (0ms)
			InitializePlatformSupportModulesInManaged (2ms)
			SetLoadedEditorAssemblies (5ms)
			BeforeProcessingInitializeOnLoad (94ms)
			ProcessInitializeOnLoadAttributes (265ms)
			ProcessInitializeOnLoadMethodAttributes (44ms)
			AfterProcessingInitializeOnLoad (1ms)
			EditorAssembliesLoaded (0ms)
		ExecutionOrderSort2 (0ms)
		AwakeInstancesAfterBackupRestoration (10ms)
Refreshing native plugins compatible for Editor in 0.92 ms, found 4 plugins.
Preloading 0 native plugins for Editor in 0.00 ms.
Unloading 34 Unused Serialized files (Serialized files now loaded: 0)
Unloading 6728 unused Assets / (6.4 MB). Loaded Objects now: 7426.
Memory consumption went from 157.5 MB to 151.0 MB.
Total: 5.805200 ms (FindLiveObjects: 0.450900 ms CreateObjectMapping: 0.301900 ms MarkObjects: 2.924200 ms  DeleteObjects: 2.127200 ms)

Prepare: number of updated asset objects reloaded= 0
========================================================================
Received Prepare
Begin MonoManager ReloadAssembly
- Loaded All Assemblies, in  0.435 seconds
Refreshing native plugins compatible for Editor in 0.69 ms, found 4 plugins.
Assertion failed on expression: 'pred(*previous, *i)'
Assertion failed on expression: 'pred(*previous, *i)'
Assertion failed on expression: 'pred(*previous, *i)'
Assertion failed on expression: 'pred(*previous, *i)'
Assertion failed on expression: 'pred(*previous, *i)'
Assertion failed on expression: 'pred(*previous, *i)'
Assertion failed on expression: 'pred(*previous, *i)'
Assertion failed on expression: 'pred(*previous, *i)'
Assertion failed on expression: 'pred(*previous, *i)'
Assertion failed on expression: 'pred(*previous, *i)'
Assertion failed on expression: 'pred(*previous, *i)'
Assertion failed on expression: 'pred(*previous, *i)'
Assertion failed on expression: 'pred(*previous, *i)'
Assertion failed on expression: 'pred(*previous, *i)'
Assertion failed on expression: 'pred(*previous, *i)'
Assertion failed on expression: 'pred(*previous, *i)'
Assertion failed on expression: 'pred(*previous, *i)'
Assertion failed on expression: 'pred(*previous, *i)'
Assertion failed on expression: 'pred(*previous, *i)'
Assertion failed on expression: 'pred(*previous, *i)'
Assertion failed on expression: 'pred(*previous, *i)'
Assertion failed on expression: 'pred(*previous, *i)'
Assertion failed on expression: 'pred(*previous, *i)'
Assertion failed on expression: 'pred(*previous, *i)'
Assertion failed on expression: 'pred(*previous, *i)'
Assertion failed on expression: 'pred(*previous, *i)'
Assertion failed on expression: 'pred(*previous, *i)'
Assertion failed on expression: 'pred(*previous, *i)'
Assertion failed on expression: 'pred(*previous, *i)'
Assertion failed on expression: 'pred(*previous, *i)'
Assertion failed on expression: 'pred(*previous, *i)'
Assertion failed on expression: 'pred(*previous, *i)'
Assertion failed on expression: 'pred(*previous, *i)'
Assertion failed on expression: 'pred(*previous, *i)'
Assertion failed on expression: 'pred(*previous, *i)'
Assertion failed on expression: 'pred(*previous, *i)'
Assertion failed on expression: 'pred(*previous, *i)'
Assertion failed on expression: 'pred(*previous, *i)'
Assertion failed on expression: 'pred(*previous, *i)'
Assertion failed on expression: 'pred(*previous, *i)'
Assertion failed on expression: 'pred(*previous, *i)'
Assertion failed on expression: 'pred(*previous, *i)'
Assertion failed on expression: 'pred(*previous, *i)'
Assertion failed on expression: 'pred(*previous, *i)'
Assertion failed on expression: 'pred(*previous, *i)'
Assertion failed on expression: 'pred(*previous, *i)'
Assertion failed on expression: 'pred(*previous, *i)'
Assertion failed on expression: 'pred(*previous, *i)'
Assertion failed on expression: 'pred(*previous, *i)'
Assertion failed on expression: 'pred(*previous, *i)'
Assertion failed on expression: 'pred(*previous, *i)'
Assertion failed on expression: 'pred(*previous, *i)'
Assertion failed on expression: 'pred(*previous, *i)'
Assertion failed on expression: 'pred(*previous, *i)'
Assertion failed on expression: 'pred(*previous, *i)'
Assertion failed on expression: 'pred(*previous, *i)'
Assertion failed on expression: 'pred(*previous, *i)'
Assertion failed on expression: 'pred(*previous, *i)'
Assertion failed on expression: 'pred(*previous, *i)'
Assertion failed on expression: 'pred(*previous, *i)'
Assertion failed on expression: 'pred(*previous, *i)'
Assertion failed on expression: 'pred(*previous, *i)'
Assertion failed on expression: 'pred(*previous, *i)'
Assertion failed on expression: 'pred(*previous, *i)'
Assertion failed on expression: 'pred(*previous, *i)'
Assertion failed on expression: 'pred(*previous, *i)'
Assertion failed on expression: 'pred(*previous, *i)'
Assertion failed on expression: 'pred(*previous, *i)'
Assertion failed on expression: 'pred(*previous, *i)'
Assertion failed on expression: 'pred(*previous, *i)'
Assertion failed on expression: 'pred(*previous, *i)'
Assertion failed on expression: 'pred(*previous, *i)'
Assertion failed on expression: 'pred(*previous, *i)'
Assertion failed on expression: 'pred(*previous, *i)'
Assertion failed on expression: 'pred(*previous, *i)'
Assertion failed on expression: 'pred(*previous, *i)'
Assertion failed on expression: 'pred(*previous, *i)'
Assertion failed on expression: 'pred(*previous, *i)'
Assertion failed on expression: 'pred(*previous, *i)'
Assertion failed on expression: 'pred(*previous, *i)'
Assertion failed on expression: 'pred(*previous, *i)'
Assertion failed on expression: 'pred(*previous, *i)'
Assertion failed on expression: 'pred(*previous, *i)'
Assertion failed on expression: 'pred(*previous, *i)'
Assertion failed on expression: 'pred(*previous, *i)'
Assertion failed on expression: 'pred(*previous, *i)'
Assertion failed on expression: 'pred(*previous, *i)'
Assertion failed on expression: 'pred(*previous, *i)'
Assertion failed on expression: 'pred(*previous, *i)'
Assertion failed on expression: 'pred(*previous, *i)'
Assertion failed on expression: 'pred(*previous, *i)'
Assertion failed on expression: 'pred(*previous, *i)'
Assertion failed on expression: 'pred(*previous, *i)'
Assertion failed on expression: 'pred(*previous, *i)'
Assertion failed on expression: 'pred(*previous, *i)'
Assertion failed on expression: 'pred(*previous, *i)'
Assertion failed on expression: 'pred(*previous, *i)'
Assertion failed on expression: 'pred(*previous, *i)'
Assertion failed on expression: 'pred(*previous, *i)'
Assertion failed on expression: 'pred(*previous, *i)'
Assertion failed on expression: 'pred(*previous, *i)'
Assertion failed on expression: 'pred(*previous, *i)'
Assertion failed on expression: 'pred(*previous, *i)'
Assertion failed on expression: 'pred(*previous, *i)'
Assertion failed on expression: 'pred(*previous, *i)'
Assertion failed on expression: 'pred(*previous, *i)'
Assertion failed on expression: 'pred(*previous, *i)'
Assertion failed on expression: 'pred(*previous, *i)'
Assertion failed on expression: 'pred(*previous, *i)'
Assertion failed on expression: 'pred(*previous, *i)'
Assertion failed on expression: 'pred(*previous, *i)'
Assertion failed on expression: 'pred(*previous, *i)'
Assertion failed on expression: 'pred(*previous, *i)'
Assertion failed on expression: 'pred(*previous, *i)'
Assertion failed on expression: 'pred(*previous, *i)'
Assertion failed on expression: 'pred(*previous, *i)'
Assertion failed on expression: 'pred(*previous, *i)'
Assertion failed on expression: 'pred(*previous, *i)'
Assertion failed on expression: 'pred(*previous, *i)'
Assertion failed on expression: 'pred(*previous, *i)'
Assertion failed on expression: 'pred(*previous, *i)'
Assertion failed on expression: 'pred(*previous, *i)'
Assertion failed on expression: 'pred(*previous, *i)'
Assertion failed on expression: 'pred(*previous, *i)'
Assertion failed on expression: 'pred(*previous, *i)'
Assertion failed on expression: 'pred(*previous, *i)'
Assertion failed on expression: 'pred(*previous, *i)'
Assertion failed on expression: 'pred(*previous, *i)'
Assertion failed on expression: 'pred(*previous, *i)'
Assertion failed on expression: 'pred(*previous, *i)'
Assertion failed on expression: 'pred(*previous, *i)'
Assertion failed on expression: 'pred(*previous, *i)'
Assertion failed on expression: 'pred(*previous, *i)'
Assertion failed on expression: 'pred(*previous, *i)'
Assertion failed on expression: 'pred(*previous, *i)'
Assertion failed on expression: 'pred(*previous, *i)'
Assertion failed on expression: 'pred(*previous, *i)'
Assertion failed on expression: 'pred(*previous, *i)'
Assertion failed on expression: 'pred(*previous, *i)'
Assertion failed on expression: 'pred(*previous, *i)'
Assertion failed on expression: 'pred(*previous, *i)'
Assertion failed on expression: 'pred(*previous, *i)'
Assertion failed on expression: 'pred(*previous, *i)'
Assertion failed on expression: 'pred(*previous, *i)'
Assertion failed on expression: 'pred(*previous, *i)'
Assertion failed on expression: 'pred(*previous, *i)'
Assertion failed on expression: 'pred(*previous, *i)'
Assertion failed on expression: 'pred(*previous, *i)'
Assertion failed on expression: 'pred(*previous, *i)'
Assertion failed on expression: 'pred(*previous, *i)'
Assertion failed on expression: 'pred(*previous, *i)'
Assertion failed on expression: 'pred(*previous, *i)'
Assertion failed on expression: 'pred(*previous, *i)'
Assertion failed on expression: 'pred(*previous, *i)'
Assertion failed on expression: 'pred(*previous, *i)'
Assertion failed on expression: 'pred(*previous, *i)'
Assertion failed on expression: 'pred(*previous, *i)'
Assertion failed on expression: 'pred(*previous, *i)'
Assertion failed on expression: 'pred(*previous, *i)'
Assertion failed on expression: 'pred(*previous, *i)'
Assertion failed on expression: 'pred(*previous, *i)'
Assertion failed on expression: 'pred(*previous, *i)'
Assertion failed on expression: 'pred(*previous, *i)'
Assertion failed on expression: 'pred(*previous, *i)'
Assertion failed on expression: 'pred(*previous, *i)'
Assertion failed on expression: 'pred(*previous, *i)'
Assertion failed on expression: 'pred(*previous, *i)'
Assertion failed on expression: 'pred(*previous, *i)'
Assertion failed on expression: 'pred(*previous, *i)'
Assertion failed on expression: 'pred(*previous, *i)'
Assertion failed on expression: 'pred(*previous, *i)'
Assertion failed on expression: 'pred(*previous, *i)'
Assertion failed on expression: 'pred(*previous, *i)'
Assertion failed on expression: 'pred(*previous, *i)'
Assertion failed on expression: 'pred(*previous, *i)'
Assertion failed on expression: 'pred(*previous, *i)'
Assertion failed on expression: 'pred(*previous, *i)'
Assertion failed on expression: 'pred(*previous, *i)'
Assertion failed on expression: 'pred(*previous, *i)'
Assertion failed on expression: 'pred(*previous, *i)'
Assertion failed on expression: 'pred(*previous, *i)'
Assertion failed on expression: 'pred(*previous, *i)'
Assertion failed on expression: 'pred(*previous, *i)'
Assertion failed on expression: 'pred(*previous, *i)'
Assertion failed on expression: 'pred(*previous, *i)'
Assertion failed on expression: 'pred(*previous, *i)'
Assertion failed on expression: 'pred(*previous, *i)'
Assertion failed on expression: 'pred(*previous, *i)'
Assertion failed on expression: 'pred(*previous, *i)'
Assertion failed on expression: 'pred(*previous, *i)'
Assertion failed on expression: 'pred(*previous, *i)'
Assertion failed on expression: 'pred(*previous, *i)'
Assertion failed on expression: 'pred(*previous, *i)'
Assertion failed on expression: 'pred(*previous, *i)'
Assertion failed on expression: 'pred(*previous, *i)'
Assertion failed on expression: 'pred(*previous, *i)'
Assertion failed on expression: 'pred(*previous, *i)'
Assertion failed on expression: 'pred(*previous, *i)'
Assertion failed on expression: 'pred(*previous, *i)'
Assertion failed on expression: 'pred(*previous, *i)'
Assertion failed on expression: 'pred(*previous, *i)'
Assertion failed on expression: 'pred(*previous, *i)'
Assertion failed on expression: 'pred(*previous, *i)'
Assertion failed on expression: 'pred(*previous, *i)'
Assertion failed on expression: 'pred(*previous, *i)'
Assertion failed on expression: 'pred(*previous, *i)'
Assertion failed on expression: 'pred(*previous, *i)'
Assertion failed on expression: 'pred(*previous, *i)'
Assertion failed on expression: 'pred(*previous, *i)'
Assertion failed on expression: 'pred(*previous, *i)'
Assertion failed on expression: 'pred(*previous, *i)'
Assertion failed on expression: 'pred(*previous, *i)'
Assertion failed on expression: 'pred(*previous, *i)'
Assertion failed on expression: 'pred(*previous, *i)'
Assertion failed on expression: 'pred(*previous, *i)'
Assertion failed on expression: 'pred(*previous, *i)'
Assertion failed on expression: 'pred(*previous, *i)'
Assertion failed on expression: 'pred(*previous, *i)'
Assertion failed on expression: 'pred(*previous, *i)'
Assertion failed on expression: 'pred(*previous, *i)'
Assertion failed on expression: 'pred(*previous, *i)'
Assertion failed on expression: 'pred(*previous, *i)'
Assertion failed on expression: 'pred(*previous, *i)'
Assertion failed on expression: 'pred(*previous, *i)'
Assertion failed on expression: 'pred(*previous, *i)'
Assertion failed on expression: 'pred(*previous, *i)'
Assertion failed on expression: 'pred(*previous, *i)'
Assertion failed on expression: 'pred(*previous, *i)'
Assertion failed on expression: 'pred(*previous, *i)'
Assertion failed on expression: 'pred(*previous, *i)'
Assertion failed on expression: 'pred(*previous, *i)'
Assertion failed on expression: 'pred(*previous, *i)'
Assertion failed on expression: 'pred(*previous, *i)'
Assertion failed on expression: 'pred(*previous, *i)'
Assertion failed on expression: 'pred(*previous, *i)'
Assertion failed on expression: 'pred(*previous, *i)'
Assertion failed on expression: 'pred(*previous, *i)'
Assertion failed on expression: 'pred(*previous, *i)'
Assertion failed on expression: 'pred(*previous, *i)'
Assertion failed on expression: 'pred(*previous, *i)'
Assertion failed on expression: 'pred(*previous, *i)'
Assertion failed on expression: 'pred(*previous, *i)'
Assertion failed on expression: 'pred(*previous, *i)'
Assertion failed on expression: 'pred(*previous, *i)'
Assertion failed on expression: 'pred(*previous, *i)'
Assertion failed on expression: 'pred(*previous, *i)'
Assertion failed on expression: 'pred(*previous, *i)'
Assertion failed on expression: 'pred(*previous, *i)'
Assertion failed on expression: 'pred(*previous, *i)'
Assertion failed on expression: 'pred(*previous, *i)'
Assertion failed on expression: 'pred(*previous, *i)'
Assertion failed on expression: 'pred(*previous, *i)'
Assertion failed on expression: 'pred(*previous, *i)'
Assertion failed on expression: 'pred(*previous, *i)'
Assertion failed on expression: 'pred(*previous, *i)'
Assertion failed on expression: 'pred(*previous, *i)'
Assertion failed on expression: 'pred(*previous, *i)'
Assertion failed on expression: 'pred(*previous, *i)'
Assertion failed on expression: 'pred(*previous, *i)'
Assertion failed on expression: 'pred(*previous, *i)'
Assertion failed on expression: 'pred(*previous, *i)'
Assertion failed on expression: 'pred(*previous, *i)'
Assertion failed on expression: 'pred(*previous, *i)'
Assertion failed on expression: 'pred(*previous, *i)'
Assertion failed on expression: 'pred(*previous, *i)'
Assertion failed on expression: 'pred(*previous, *i)'
Assertion failed on expression: 'pred(*previous, *i)'
Assertion failed on expression: 'pred(*previous, *i)'
Assertion failed on expression: 'pred(*previous, *i)'
Assertion failed on expression: 'pred(*previous, *i)'
Assertion failed on expression: 'pred(*previous, *i)'
Assertion failed on expression: 'pred(*previous, *i)'
Assertion failed on expression: 'pred(*previous, *i)'
Assertion failed on expression: 'pred(*previous, *i)'
Assertion failed on expression: 'pred(*previous, *i)'
Assertion failed on expression: 'pred(*previous, *i)'
Assertion failed on expression: 'pred(*previous, *i)'
Assertion failed on expression: 'pred(*previous, *i)'
Assertion failed on expression: 'pred(*previous, *i)'
Assertion failed on expression: 'pred(*previous, *i)'
Assertion failed on expression: 'pred(*previous, *i)'
Assertion failed on expression: 'pred(*previous, *i)'
Assertion failed on expression: 'pred(*previous, *i)'
Assertion failed on expression: 'pred(*previous, *i)'
Assertion failed on expression: 'pred(*previous, *i)'
Assertion failed on expression: 'pred(*previous, *i)'
Assertion failed on expression: 'pred(*previous, *i)'
Assertion failed on expression: 'pred(*previous, *i)'
Assertion failed on expression: 'pred(*previous, *i)'
Assertion failed on expression: 'pred(*previous, *i)'
Assertion failed on expression: 'pred(*previous, *i)'
Assertion failed on expression: 'pred(*previous, *i)'
Assertion failed on expression: 'pred(*previous, *i)'
Assertion failed on expression: 'pred(*previous, *i)'
Assertion failed on expression: 'pred(*previous, *i)'
Assertion failed on expression: 'pred(*previous, *i)'
Assertion failed on expression: 'pred(*previous, *i)'
Assertion failed on expression: 'pred(*previous, *i)'
Assertion failed on expression: 'pred(*previous, *i)'
Assertion failed on expression: 'pred(*previous, *i)'
Assertion failed on expression: 'pred(*previous, *i)'
Assertion failed on expression: 'pred(*previous, *i)'
Assertion failed on expression: 'pred(*previous, *i)'
Assertion failed on expression: 'pred(*previous, *i)'
Assertion failed on expression: 'pred(*previous, *i)'
Assertion failed on expression: 'pred(*previous, *i)'
Assertion failed on expression: 'pred(*previous, *i)'
Assertion failed on expression: 'pred(*previous, *i)'
Assertion failed on expression: 'pred(*previous, *i)'
Assertion failed on expression: 'pred(*previous, *i)'
Assertion failed on expression: 'pred(*previous, *i)'
Assertion failed on expression: 'pred(*previous, *i)'
Assertion failed on expression: 'pred(*previous, *i)'
Assertion failed on expression: 'pred(*previous, *i)'
Assertion failed on expression: 'pred(*previous, *i)'
Assertion failed on expression: 'pred(*previous, *i)'
Assertion failed on expression: 'pred(*previous, *i)'
Assertion failed on expression: 'pred(*previous, *i)'
Assertion failed on expression: 'pred(*previous, *i)'
Assertion failed on expression: 'pred(*previous, *i)'
Assertion failed on expression: 'pred(*previous, *i)'
Assertion failed on expression: 'pred(*previous, *i)'
Assertion failed on expression: 'pred(*previous, *i)'
Assertion failed on expression: 'pred(*previous, *i)'
Assertion failed on expression: 'pred(*previous, *i)'
Assertion failed on expression: 'pred(*previous, *i)'
Assertion failed on expression: 'pred(*previous, *i)'
Assertion failed on expression: 'pred(*previous, *i)'
Assertion failed on expression: 'pred(*previous, *i)'
Assertion failed on expression: 'pred(*previous, *i)'
Assertion failed on expression: 'pred(*previous, *i)'
Assertion failed on expression: 'pred(*previous, *i)'
Assertion failed on expression: 'pred(*previous, *i)'
Assertion failed on expression: 'pred(*previous, *i)'
Assertion failed on expression: 'pred(*previous, *i)'
Assertion failed on expression: 'pred(*previous, *i)'
Assertion failed on expression: 'pred(*previous, *i)'
Assertion failed on expression: 'pred(*previous, *i)'
Assertion failed on expression: 'pred(*previous, *i)'
Assertion failed on expression: 'pred(*previous, *i)'
Assertion failed on expression: 'pred(*previous, *i)'
Assertion failed on expression: 'pred(*previous, *i)'
Assertion failed on expression: 'pred(*previous, *i)'
Assertion failed on expression: 'pred(*previous, *i)'
Assertion failed on expression: 'pred(*previous, *i)'
Assertion failed on expression: 'pred(*previous, *i)'
Assertion failed on expression: 'pred(*previous, *i)'
Assertion failed on expression: 'pred(*previous, *i)'
Assertion failed on expression: 'pred(*previous, *i)'
Assertion failed on expression: 'pred(*previous, *i)'
Assertion failed on expression: 'pred(*previous, *i)'
Assertion failed on expression: 'pred(*previous, *i)'
Assertion failed on expression: 'pred(*previous, *i)'
Assertion failed on expression: 'pred(*previous, *i)'
Assertion failed on expression: 'pred(*previous, *i)'
Assertion failed on expression: 'pred(*previous, *i)'
Assertion failed on expression: 'pred(*previous, *i)'
Assertion failed on expression: 'pred(*previous, *i)'
Assertion failed on expression: 'pred(*previous, *i)'
Assertion failed on expression: 'pred(*previous, *i)'
Assertion failed on expression: 'pred(*previous, *i)'
Assertion failed on expression: 'pred(*previous, *i)'
Assertion failed on expression: 'pred(*previous, *i)'
Assertion failed on expression: 'pred(*previous, *i)'
Assertion failed on expression: 'pred(*previous, *i)'
Assertion failed on expression: 'pred(*previous, *i)'
Assertion failed on expression: 'pred(*previous, *i)'
Assertion failed on expression: 'pred(*previous, *i)'
Assertion failed on expression: 'pred(*previous, *i)'
Assertion failed on expression: 'pred(*previous, *i)'
Assertion failed on expression: 'pred(*previous, *i)'
Assertion failed on expression: 'pred(*previous, *i)'
Assertion failed on expression: 'pred(*previous, *i)'
Assertion failed on expression: 'pred(*previous, *i)'
Assertion failed on expression: 'pred(*previous, *i)'
Assertion failed on expression: 'pred(*previous, *i)'
Assertion failed on expression: 'pred(*previous, *i)'
Assertion failed on expression: 'pred(*previous, *i)'
Assertion failed on expression: 'pred(*previous, *i)'
Assertion failed on expression: 'pred(*previous, *i)'
Assertion failed on expression: 'pred(*previous, *i)'
Assertion failed on expression: 'pred(*previous, *i)'
Assertion failed on expression: 'pred(*previous, *i)'
Assertion failed on expression: 'pred(*previous, *i)'
Assertion failed on expression: 'pred(*previous, *i)'
Assertion failed on expression: 'pred(*previous, *i)'
Assertion failed on expression: 'pred(*previous, *i)'
Assertion failed on expression: 'pred(*previous, *i)'
Assertion failed on expression: 'pred(*previous, *i)'
Assertion failed on expression: 'pred(*previous, *i)'
Assertion failed on expression: 'pred(*previous, *i)'
Assertion failed on expression: 'pred(*previous, *i)'
Assertion failed on expression: 'pred(*previous, *i)'
Assertion failed on expression: 'pred(*previous, *i)'
Assertion failed on expression: 'pred(*previous, *i)'
Assertion failed on expression: 'pred(*previous, *i)'
Assertion failed on expression: 'pred(*previous, *i)'
Assertion failed on expression: 'pred(*previous, *i)'
Assertion failed on expression: 'pred(*previous, *i)'
Assertion failed on expression: 'pred(*previous, *i)'
Assertion failed on expression: 'pred(*previous, *i)'
Assertion failed on expression: 'pred(*previous, *i)'
Assertion failed on expression: 'pred(*previous, *i)'
Assertion failed on expression: 'pred(*previous, *i)'
Assertion failed on expression: 'pred(*previous, *i)'
Assertion failed on expression: 'pred(*previous, *i)'
Assertion failed on expression: 'pred(*previous, *i)'
Assertion failed on expression: 'pred(*previous, *i)'
Assertion failed on expression: 'pred(*previous, *i)'
Assertion failed on expression: 'pred(*previous, *i)'
Assertion failed on expression: 'pred(*previous, *i)'
Assertion failed on expression: 'pred(*previous, *i)'
Assertion failed on expression: 'pred(*previous, *i)'
Assertion failed on expression: 'pred(*previous, *i)'
Assertion failed on expression: 'pred(*previous, *i)'
Assertion failed on expression: 'pred(*previous, *i)'
Assertion failed on expression: 'pred(*previous, *i)'
Assertion failed on expression: 'pred(*previous, *i)'
Assertion failed on expression: 'pred(*previous, *i)'
Assertion failed on expression: 'pred(*previous, *i)'
Assertion failed on expression: 'pred(*previous, *i)'
Assertion failed on expression: 'pred(*previous, *i)'
Assertion failed on expression: 'pred(*previous, *i)'
Assertion failed on expression: 'pred(*previous, *i)'
Assertion failed on expression: 'pred(*previous, *i)'
Assertion failed on expression: 'pred(*previous, *i)'
Assertion failed on expression: 'pred(*previous, *i)'
Assertion failed on expression: 'pred(*previous, *i)'
Assertion failed on expression: 'pred(*previous, *i)'
Assertion failed on expression: 'pred(*previous, *i)'
Assertion failed on expression: 'pred(*previous, *i)'
Assertion failed on expression: 'pred(*previous, *i)'
Assertion failed on expression: 'pred(*previous, *i)'
Assertion failed on expression: 'pred(*previous, *i)'
Assertion failed on expression: 'pred(*previous, *i)'
Assertion failed on expression: 'pred(*previous, *i)'
Assertion failed on expression: 'pred(*previous, *i)'
Assertion failed on expression: 'pred(*previous, *i)'
Assertion failed on expression: 'pred(*previous, *i)'
Assertion failed on expression: 'pred(*previous, *i)'
Assertion failed on expression: 'pred(*previous, *i)'
Assertion failed on expression: 'pred(*previous, *i)'
Assertion failed on expression: 'pred(*previous, *i)'
Assertion failed on expression: 'pred(*previous, *i)'
Assertion failed on expression: 'pred(*previous, *i)'
Assertion failed on expression: 'pred(*previous, *i)'
Assertion failed on expression: 'pred(*previous, *i)'
Assertion failed on expression: 'pred(*previous, *i)'
Assertion failed on expression: 'pred(*previous, *i)'
Assertion failed on expression: 'pred(*previous, *i)'
Assertion failed on expression: 'pred(*previous, *i)'
Assertion failed on expression: 'pred(*previous, *i)'
Assertion failed on expression: 'pred(*previous, *i)'
Assertion failed on expression: 'pred(*previous, *i)'
Assertion failed on expression: 'pred(*previous, *i)'
Assertion failed on expression: 'pred(*previous, *i)'
Assertion failed on expression: 'pred(*previous, *i)'
Assertion failed on expression: 'pred(*previous, *i)'
Assertion failed on expression: 'pred(*previous, *i)'
Assertion failed on expression: 'pred(*previous, *i)'
Assertion failed on expression: 'pred(*previous, *i)'
Assertion failed on expression: 'pred(*previous, *i)'
Assertion failed on expression: 'pred(*previous, *i)'
Assertion failed on expression: 'pred(*previous, *i)'
Assertion failed on expression: 'pred(*previous, *i)'
Assertion failed on expression: 'pred(*previous, *i)'
Assertion failed on expression: 'pred(*previous, *i)'
Assertion failed on expression: 'pred(*previous, *i)'
Assertion failed on expression: 'pred(*previous, *i)'
Assertion failed on expression: 'pred(*previous, *i)'
Assertion failed on expression: 'pred(*previous, *i)'
Assertion failed on expression: 'pred(*previous, *i)'
Assertion failed on expression: 'pred(*previous, *i)'
Assertion failed on expression: 'pred(*previous, *i)'
Assertion failed on expression: 'pred(*previous, *i)'
Assertion failed on expression: 'pred(*previous, *i)'
Assertion failed on expression: 'pred(*previous, *i)'
Assertion failed on expression: 'pred(*previous, *i)'
Assertion failed on expression: 'pred(*previous, *i)'
Assertion failed on expression: 'pred(*previous, *i)'
Assertion failed on expression: 'pred(*previous, *i)'
Assertion failed on expression: 'pred(*previous, *i)'
Assertion failed on expression: 'pred(*previous, *i)'
Assertion failed on expression: 'pred(*previous, *i)'
Assertion failed on expression: 'pred(*previous, *i)'
Assertion failed on expression: 'pred(*previous, *i)'
Assertion failed on expression: 'pred(*previous, *i)'
Assertion failed on expression: 'pred(*previous, *i)'
Assertion failed on expression: 'pred(*previous, *i)'
Assertion failed on expression: 'pred(*previous, *i)'
Assertion failed on expression: 'pred(*previous, *i)'
Assertion failed on expression: 'pred(*previous, *i)'
Assertion failed on expression: 'pred(*previous, *i)'
Assertion failed on expression: 'pred(*previous, *i)'
Assertion failed on expression: 'pred(*previous, *i)'
Assertion failed on expression: 'pred(*previous, *i)'
Assertion failed on expression: 'pred(*previous, *i)'
Assertion failed on expression: 'pred(*previous, *i)'
Assertion failed on expression: 'pred(*previous, *i)'
Assertion failed on expression: 'pred(*previous, *i)'
Assertion failed on expression: 'pred(*previous, *i)'
Assertion failed on expression: 'pred(*previous, *i)'
Assertion failed on expression: 'pred(*previous, *i)'
Assertion failed on expression: 'pred(*previous, *i)'
Assertion failed on expression: 'pred(*previous, *i)'
Assertion failed on expression: 'pred(*previous, *i)'
Assertion failed on expression: 'pred(*previous, *i)'
Assertion failed on expression: 'pred(*previous, *i)'
Assertion failed on expression: 'pred(*previous, *i)'
Assertion failed on expression: 'pred(*previous, *i)'
Assertion failed on expression: 'pred(*previous, *i)'
Assertion failed on expression: 'pred(*previous, *i)'
Assertion failed on expression: 'pred(*previous, *i)'
Assertion failed on expression: 'pred(*previous, *i)'
Assertion failed on expression: 'pred(*previous, *i)'
Assertion failed on expression: 'pred(*previous, *i)'
Assertion failed on expression: 'pred(*previous, *i)'
Assertion failed on expression: 'pred(*previous, *i)'
Assertion failed on expression: 'pred(*previous, *i)'
Assertion failed on expression: 'pred(*previous, *i)'
Assertion failed on expression: 'pred(*previous, *i)'
Assertion failed on expression: 'pred(*previous, *i)'
Assertion failed on expression: 'pred(*previous, *i)'
Assertion failed on expression: 'pred(*previous, *i)'
Assertion failed on expression: 'pred(*previous, *i)'
Assertion failed on expression: 'pred(*previous, *i)'
Assertion failed on expression: 'pred(*previous, *i)'
Assertion failed on expression: 'pred(*previous, *i)'
Assertion failed on expression: 'pred(*previous, *i)'
Assertion failed on expression: 'pred(*previous, *i)'
Assertion failed on expression: 'pred(*previous, *i)'
Assertion failed on expression: 'pred(*previous, *i)'
Assertion failed on expression: 'pred(*previous, *i)'
Assertion failed on expression: 'pred(*previous, *i)'
Assertion failed on expression: 'pred(*previous, *i)'
Assertion failed on expression: 'pred(*previous, *i)'
Assertion failed on expression: 'pred(*previous, *i)'
Assertion failed on expression: 'pred(*previous, *i)'
Assertion failed on expression: 'pred(*previous, *i)'
Assertion failed on expression: 'pred(*previous, *i)'
Assertion failed on expression: 'pred(*previous, *i)'
Assertion failed on expression: 'pred(*previous, *i)'
Assertion failed on expression: 'pred(*previous, *i)'
Assertion failed on expression: 'pred(*previous, *i)'
Assertion failed on expression: 'pred(*previous, *i)'
Assertion failed on expression: 'pred(*previous, *i)'
Assertion failed on expression: 'pred(*previous, *i)'
Assertion failed on expression: 'pred(*previous, *i)'
Assertion failed on expression: 'pred(*previous, *i)'
Assertion failed on expression: 'pred(*previous, *i)'
Assertion failed on expression: 'pred(*previous, *i)'
Assertion failed on expression: 'pred(*previous, *i)'
Assertion failed on expression: 'pred(*previous, *i)'
Assertion failed on expression: 'pred(*previous, *i)'
Assertion failed on expression: 'pred(*previous, *i)'
Assertion failed on expression: 'pred(*previous, *i)'
Assertion failed on expression: 'pred(*previous, *i)'
Assertion failed on expression: 'pred(*previous, *i)'
Assertion failed on expression: 'pred(*previous, *i)'
Assertion failed on expression: 'pred(*previous, *i)'
Assertion failed on expression: 'pred(*previous, *i)'
Assertion failed on expression: 'pred(*previous, *i)'
Assertion failed on expression: 'pred(*previous, *i)'
Assertion failed on expression: 'pred(*previous, *i)'
Assertion failed on expression: 'pred(*previous, *i)'
Assertion failed on expression: 'pred(*previous, *i)'
Assertion failed on expression: 'pred(*previous, *i)'
Assertion failed on expression: 'pred(*previous, *i)'
Assertion failed on expression: 'pred(*previous, *i)'
Assertion failed on expression: 'pred(*previous, *i)'
Assertion failed on expression: 'pred(*previous, *i)'
Assertion failed on expression: 'pred(*previous, *i)'
Assertion failed on expression: 'pred(*previous, *i)'
Assertion failed on expression: 'pred(*previous, *i)'
Assertion failed on expression: 'pred(*previous, *i)'
Assertion failed on expression: 'pred(*previous, *i)'
Assertion failed on expression: 'pred(*previous, *i)'
Assertion failed on expression: 'pred(*previous, *i)'
Assertion failed on expression: 'pred(*previous, *i)'
Assertion failed on expression: 'pred(*previous, *i)'
Assertion failed on expression: 'pred(*previous, *i)'
Assertion failed on expression: 'pred(*previous, *i)'
Assertion failed on expression: 'pred(*previous, *i)'
Assertion failed on expression: 'pred(*previous, *i)'
Assertion failed on expression: 'pred(*previous, *i)'
Assertion failed on expression: 'pred(*previous, *i)'
Assertion failed on expression: 'pred(*previous, *i)'
Assertion failed on expression: 'pred(*previous, *i)'
Assertion failed on expression: 'pred(*previous, *i)'
Assertion failed on expression: 'pred(*previous, *i)'
Assertion failed on expression: 'pred(*previous, *i)'
Assertion failed on expression: 'pred(*previous, *i)'
Assertion failed on expression: 'pred(*previous, *i)'
Assertion failed on expression: 'pred(*previous, *i)'
Assertion failed on expression: 'pred(*previous, *i)'
Assertion failed on expression: 'pred(*previous, *i)'
Assertion failed on expression: 'pred(*previous, *i)'
Assertion failed on expression: 'pred(*previous, *i)'
Assertion failed on expression: 'pred(*previous, *i)'
Assertion failed on expression: 'pred(*previous, *i)'
Assertion failed on expression: 'pred(*previous, *i)'
Assertion failed on expression: 'pred(*previous, *i)'
Assertion failed on expression: 'pred(*previous, *i)'
Assertion failed on expression: 'pred(*previous, *i)'
Assertion failed on expression: 'pred(*previous, *i)'
Assertion failed on expression: 'pred(*previous, *i)'
Assertion failed on expression: 'pred(*previous, *i)'
Assertion failed on expression: 'pred(*previous, *i)'
Assertion failed on expression: 'pred(*previous, *i)'
Assertion failed on expression: 'pred(*previous, *i)'
Assertion failed on expression: 'pred(*previous, *i)'
Assertion failed on expression: 'pred(*previous, *i)'
Assertion failed on expression: 'pred(*previous, *i)'
Assertion failed on expression: 'pred(*previous, *i)'
Assertion failed on expression: 'pred(*previous, *i)'
Assertion failed on expression: 'pred(*previous, *i)'
Assertion failed on expression: 'pred(*previous, *i)'
Assertion failed on expression: 'pred(*previous, *i)'
Assertion failed on expression: 'pred(*previous, *i)'
Assertion failed on expression: 'pred(*previous, *i)'
Assertion failed on expression: 'pred(*previous, *i)'
Assertion failed on expression: 'pred(*previous, *i)'
Assertion failed on expression: 'pred(*previous, *i)'
Assertion failed on expression: 'pred(*previous, *i)'
Assertion failed on expression: 'pred(*previous, *i)'
Assertion failed on expression: 'pred(*previous, *i)'
Assertion failed on expression: 'pred(*previous, *i)'
Assertion failed on expression: 'pred(*previous, *i)'
Assertion failed on expression: 'pred(*previous, *i)'
Assertion failed on expression: 'pred(*previous, *i)'
Assertion failed on expression: 'pred(*previous, *i)'
Assertion failed on expression: 'pred(*previous, *i)'
Assertion failed on expression: 'pred(*previous, *i)'
Assertion failed on expression: 'pred(*previous, *i)'
Assertion failed on expression: 'pred(*previous, *i)'
Assertion failed on expression: 'pred(*previous, *i)'
Assertion failed on expression: 'pred(*previous, *i)'
Assertion failed on expression: 'pred(*previous, *i)'
Assertion failed on expression: 'pred(*previous, *i)'
Assertion failed on expression: 'pred(*previous, *i)'
Assertion failed on expression: 'pred(*previous, *i)'
Assertion failed on expression: 'pred(*previous, *i)'
Assertion failed on expression: 'pred(*previous, *i)'
Assertion failed on expression: 'pred(*previous, *i)'
Assertion failed on expression: 'pred(*previous, *i)'
Assertion failed on expression: 'pred(*previous, *i)'
Assertion failed on expression: 'pred(*previous, *i)'
Assertion failed on expression: 'pred(*previous, *i)'
Assertion failed on expression: 'pred(*previous, *i)'
Assertion failed on expression: 'pred(*previous, *i)'
Assertion failed on expression: 'pred(*previous, *i)'
Assertion failed on expression: 'pred(*previous, *i)'
Assertion failed on expression: 'pred(*previous, *i)'
Assertion failed on expression: 'pred(*previous, *i)'
Assertion failed on expression: 'pred(*previous, *i)'
Assertion failed on expression: 'pred(*previous, *i)'
Assertion failed on expression: 'pred(*previous, *i)'
Assertion failed on expression: 'pred(*previous, *i)'
Assertion failed on expression: 'pred(*previous, *i)'
Assertion failed on expression: 'pred(*previous, *i)'
Assertion failed on expression: 'pred(*previous, *i)'
Assertion failed on expression: 'pred(*previous, *i)'
Assertion failed on expression: 'pred(*previous, *i)'
Assertion failed on expression: 'pred(*previous, *i)'
Assertion failed on expression: 'pred(*previous, *i)'
Assertion failed on expression: 'pred(*previous, *i)'
Assertion failed on expression: 'pred(*previous, *i)'
Assertion failed on expression: 'pred(*previous, *i)'
Assertion failed on expression: 'pred(*previous, *i)'
Assertion failed on expression: 'pred(*previous, *i)'
Assertion failed on expression: 'pred(*previous, *i)'
Assertion failed on expression: 'pred(*previous, *i)'
Assertion failed on expression: 'pred(*previous, *i)'
Assertion failed on expression: 'pred(*previous, *i)'
Assertion failed on expression: 'pred(*previous, *i)'
Assertion failed on expression: 'pred(*previous, *i)'
Assertion failed on expression: 'pred(*previous, *i)'
Assertion failed on expression: 'pred(*previous, *i)'
Assertion failed on expression: 'pred(*previous, *i)'
Assertion failed on expression: 'pred(*previous, *i)'
Assertion failed on expression: 'pred(*previous, *i)'
Assertion failed on expression: 'pred(*previous, *i)'
Assertion failed on expression: 'pred(*previous, *i)'
Assertion failed on expression: 'pred(*previous, *i)'
Assertion failed on expression: 'pred(*previous, *i)'
Assertion failed on expression: 'pred(*previous, *i)'
Assertion failed on expression: 'pred(*previous, *i)'
Assertion failed on expression: 'pred(*previous, *i)'
Assertion failed on expression: 'pred(*previous, *i)'
Assertion failed on expression: 'pred(*previous, *i)'
Assertion failed on expression: 'pred(*previous, *i)'
Assertion failed on expression: 'pred(*previous, *i)'
Assertion failed on expression: 'pred(*previous, *i)'
Assertion failed on expression: 'pred(*previous, *i)'
Assertion failed on expression: 'pred(*previous, *i)'
Assertion failed on expression: 'pred(*previous, *i)'
Assertion failed on expression: 'pred(*previous, *i)'
Assertion failed on expression: 'pred(*previous, *i)'
Assertion failed on expression: 'pred(*previous, *i)'
Assertion failed on expression: 'pred(*previous, *i)'
Assertion failed on expression: 'pred(*previous, *i)'
Assertion failed on expression: 'pred(*previous, *i)'
Assertion failed on expression: 'pred(*previous, *i)'
Assertion failed on expression: 'pred(*previous, *i)'
Assertion failed on expression: 'pred(*previous, *i)'
Assertion failed on expression: 'pred(*previous, *i)'
Assertion failed on expression: 'pred(*previous, *i)'
Assertion failed on expression: 'pred(*previous, *i)'
Assertion failed on expression: 'pred(*previous, *i)'
Assertion failed on expression: 'pred(*previous, *i)'
Assertion failed on expression: 'pred(*previous, *i)'
Assertion failed on expression: 'pred(*previous, *i)'
Assertion failed on expression: 'pred(*previous, *i)'
Assertion failed on expression: 'pred(*previous, *i)'
Assertion failed on expression: 'pred(*previous, *i)'
Assertion failed on expression: 'pred(*previous, *i)'
Assertion failed on expression: 'pred(*previous, *i)'
Assertion failed on expression: 'pred(*previous, *i)'
Assertion failed on expression: 'pred(*previous, *i)'
Assertion failed on expression: 'pred(*previous, *i)'
Assertion failed on expression: 'pred(*previous, *i)'
Assertion failed on expression: 'pred(*previous, *i)'
Assertion failed on expression: 'pred(*previous, *i)'
Assertion failed on expression: 'pred(*previous, *i)'
Assertion failed on expression: 'pred(*previous, *i)'
Assertion failed on expression: 'pred(*previous, *i)'
Assertion failed on expression: 'pred(*previous, *i)'
Assertion failed on expression: 'pred(*previous, *i)'
Assertion failed on expression: 'pred(*previous, *i)'
Assertion failed on expression: 'pred(*previous, *i)'
Assertion failed on expression: 'pred(*previous, *i)'
Assertion failed on expression: 'pred(*previous, *i)'
Assertion failed on expression: 'pred(*previous, *i)'
Assertion failed on expression: 'pred(*previous, *i)'
Assertion failed on expression: 'pred(*previous, *i)'
Assertion failed on expression: 'pred(*previous, *i)'
Assertion failed on expression: 'pred(*previous, *i)'
Assertion failed on expression: 'pred(*previous, *i)'
Assertion failed on expression: 'pred(*previous, *i)'
Assertion failed on expression: 'pred(*previous, *i)'
Assertion failed on expression: 'pred(*previous, *i)'
Assertion failed on expression: 'pred(*previous, *i)'
Assertion failed on expression: 'pred(*previous, *i)'
Assertion failed on expression: 'pred(*previous, *i)'
Assertion failed on expression: 'pred(*previous, *i)'
Assertion failed on expression: 'pred(*previous, *i)'
Assertion failed on expression: 'pred(*previous, *i)'
Assertion failed on expression: 'pred(*previous, *i)'
Assertion failed on expression: 'pred(*previous, *i)'
Assertion failed on expression: 'pred(*previous, *i)'
Assertion failed on expression: 'pred(*previous, *i)'
Assertion failed on expression: 'pred(*previous, *i)'
Assertion failed on expression: 'pred(*previous, *i)'
Assertion failed on expression: 'pred(*previous, *i)'
Assertion failed on expression: 'pred(*previous, *i)'
Assertion failed on expression: 'pred(*previous, *i)'
Assertion failed on expression: 'pred(*previous, *i)'
Assertion failed on expression: 'pred(*previous, *i)'
Assertion failed on expression: 'pred(*previous, *i)'
Assertion failed on expression: 'pred(*previous, *i)'
Assertion failed on expression: 'pred(*previous, *i)'
Assertion failed on expression: 'pred(*previous, *i)'
Assertion failed on expression: 'pred(*previous, *i)'
Assertion failed on expression: 'pred(*previous, *i)'
Assertion failed on expression: 'pred(*previous, *i)'
Assertion failed on expression: 'pred(*previous, *i)'
Assertion failed on expression: 'pred(*previous, *i)'
Assertion failed on expression: 'pred(*previous, *i)'
Assertion failed on expression: 'pred(*previous, *i)'
Assertion failed on expression: 'pred(*previous, *i)'
Assertion failed on expression: 'pred(*previous, *i)'
Assertion failed on expression: 'pred(*previous, *i)'
Assertion failed on expression: 'pred(*previous, *i)'
Assertion failed on expression: 'pred(*previous, *i)'
Assertion failed on expression: 'pred(*previous, *i)'
Assertion failed on expression: 'pred(*previous, *i)'
Assertion failed on expression: 'pred(*previous, *i)'
Assertion failed on expression: 'pred(*previous, *i)'
Assertion failed on expression: 'pred(*previous, *i)'
Assertion failed on expression: 'pred(*previous, *i)'
Assertion failed on expression: 'pred(*previous, *i)'
Assertion failed on expression: 'pred(*previous, *i)'
Assertion failed on expression: 'pred(*previous, *i)'
Assertion failed on expression: 'pred(*previous, *i)'
Assertion failed on expression: 'pred(*previous, *i)'
Assertion failed on expression: 'pred(*previous, *i)'
Assertion failed on expression: 'pred(*previous, *i)'
Assertion failed on expression: 'pred(*previous, *i)'
Assertion failed on expression: 'pred(*previous, *i)'
Assertion failed on expression: 'pred(*previous, *i)'
Assertion failed on expression: 'pred(*previous, *i)'
Assertion failed on expression: 'pred(*previous, *i)'
Assertion failed on expression: 'pred(*previous, *i)'
Assertion failed on expression: 'pred(*previous, *i)'
Assertion failed on expression: 'pred(*previous, *i)'
Assertion failed on expression: 'pred(*previous, *i)'
Assertion failed on expression: 'pred(*previous, *i)'
Assertion failed on expression: 'pred(*previous, *i)'
Assertion failed on expression: 'pred(*previous, *i)'
Assertion failed on expression: 'pred(*previous, *i)'
Assertion failed on expression: 'pred(*previous, *i)'
Assertion failed on expression: 'pred(*previous, *i)'
Assertion failed on expression: 'pred(*previous, *i)'
Assertion failed on expression: 'pred(*previous, *i)'
Assertion failed on expression: 'pred(*previous, *i)'
Assertion failed on expression: 'pred(*previous, *i)'
Assertion failed on expression: 'pred(*previous, *i)'
Assertion failed on expression: 'pred(*previous, *i)'
Assertion failed on expression: 'pred(*previous, *i)'
Assertion failed on expression: 'pred(*previous, *i)'
Assertion failed on expression: 'pred(*previous, *i)'
Assertion failed on expression: 'pred(*previous, *i)'
Assertion failed on expression: 'pred(*previous, *i)'
Assertion failed on expression: 'pred(*previous, *i)'
Assertion failed on expression: 'pred(*previous, *i)'
Assertion failed on expression: 'pred(*previous, *i)'
Assertion failed on expression: 'pred(*previous, *i)'
Assertion failed on expression: 'pred(*previous, *i)'
Assertion failed on expression: 'pred(*previous, *i)'
Assertion failed on expression: 'pred(*previous, *i)'
Assertion failed on expression: 'pred(*previous, *i)'
Assertion failed on expression: 'pred(*previous, *i)'
Assertion failed on expression: 'pred(*previous, *i)'
Assertion failed on expression: 'pred(*previous, *i)'
Assertion failed on expression: 'pred(*previous, *i)'
Assertion failed on expression: 'pred(*previous, *i)'
Assertion failed on expression: 'pred(*previous, *i)'
Assertion failed on expression: 'pred(*previous, *i)'
Assertion failed on expression: 'pred(*previous, *i)'
Assertion failed on expression: 'pred(*previous, *i)'
Assertion failed on expression: 'pred(*previous, *i)'
Assertion failed on expression: 'pred(*previous, *i)'
Assertion failed on expression: 'pred(*previous, *i)'
Assertion failed on expression: 'pred(*previous, *i)'
Assertion failed on expression: 'pred(*previous, *i)'
Assertion failed on expression: 'pred(*previous, *i)'
Assertion failed on expression: 'pred(*previous, *i)'
Assertion failed on expression: 'pred(*previous, *i)'
Assertion failed on expression: 'pred(*previous, *i)'
Assertion failed on expression: 'pred(*previous, *i)'
Assertion failed on expression: 'pred(*previous, *i)'
Assertion failed on expression: 'pred(*previous, *i)'
Assertion failed on expression: 'pred(*previous, *i)'
Assertion failed on expression: 'pred(*previous, *i)'
Assertion failed on expression: 'pred(*previous, *i)'
Assertion failed on expression: 'pred(*previous, *i)'
Assertion failed on expression: 'pred(*previous, *i)'
Assertion failed on expression: 'pred(*previous, *i)'
Assertion failed on expression: 'pred(*previous, *i)'
Assertion failed on expression: 'pred(*previous, *i)'
Assertion failed on expression: 'pred(*previous, *i)'
Assertion failed on expression: 'pred(*previous, *i)'
Assertion failed on expression: 'pred(*previous, *i)'
Assertion failed on expression: 'pred(*previous, *i)'
Assertion failed on expression: 'pred(*previous, *i)'
Assertion failed on expression: 'pred(*previous, *i)'
Assertion failed on expression: 'pred(*previous, *i)'
Assertion failed on expression: 'pred(*previous, *i)'
Assertion failed on expression: 'pred(*previous, *i)'
Assertion failed on expression: 'pred(*previous, *i)'
Assertion failed on expression: 'pred(*previous, *i)'
Assertion failed on expression: 'pred(*previous, *i)'
Assertion failed on expression: 'pred(*previous, *i)'
Assertion failed on expression: 'pred(*previous, *i)'
Assertion failed on expression: 'pred(*previous, *i)'
Assertion failed on expression: 'pred(*previous, *i)'
Assertion failed on expression: 'pred(*previous, *i)'
Assertion failed on expression: 'pred(*previous, *i)'
Assertion failed on expression: 'pred(*previous, *i)'
Assertion failed on expression: 'pred(*previous, *i)'
Assertion failed on expression: 'pred(*previous, *i)'
Assertion failed on expression: 'pred(*previous, *i)'
Assertion failed on expression: 'pred(*previous, *i)'
Assertion failed on expression: 'pred(*previous, *i)'
Assertion failed on expression: 'pred(*previous, *i)'
Assertion failed on expression: 'pred(*previous, *i)'
Assertion failed on expression: 'pred(*previous, *i)'
Assertion failed on expression: 'pred(*previous, *i)'
Assertion failed on expression: 'pred(*previous, *i)'
Assertion failed on expression: 'pred(*previous, *i)'
Assertion failed on expression: 'pred(*previous, *i)'
Assertion failed on expression: 'pred(*previous, *i)'
Assertion failed on expression: 'pred(*previous, *i)'
Assertion failed on expression: 'pred(*previous, *i)'
Assertion failed on expression: 'pred(*previous, *i)'
Assertion failed on expression: 'pred(*previous, *i)'
Assertion failed on expression: 'pred(*previous, *i)'
Assertion failed on expression: 'pred(*previous, *i)'
Assertion failed on expression: 'pred(*previous, *i)'
Assertion failed on expression: 'pred(*previous, *i)'
Assertion failed on expression: 'pred(*previous, *i)'
Assertion failed on expression: 'pred(*previous, *i)'
Assertion failed on expression: 'pred(*previous, *i)'
Assertion failed on expression: 'pred(*previous, *i)'
Assertion failed on expression: 'pred(*previous, *i)'
Assertion failed on expression: 'pred(*previous, *i)'
Assertion failed on expression: 'pred(*previous, *i)'
Assertion failed on expression: 'pred(*previous, *i)'
Assertion failed on expression: 'pred(*previous, *i)'
Assertion failed on expression: 'pred(*previous, *i)'
Assertion failed on expression: 'pred(*previous, *i)'
Assertion failed on expression: 'pred(*previous, *i)'
Assertion failed on expression: 'pred(*previous, *i)'
Assertion failed on expression: 'pred(*previous, *i)'
Assertion failed on expression: 'pred(*previous, *i)'
Assertion failed on expression: 'pred(*previous, *i)'
Assertion failed on expression: 'pred(*previous, *i)'
Assertion failed on expression: 'pred(*previous, *i)'
Assertion failed on expression: 'pred(*previous, *i)'
Assertion failed on expression: 'pred(*previous, *i)'
Assertion failed on expression: 'pred(*previous, *i)'
Assertion failed on expression: 'pred(*previous, *i)'
Assertion failed on expression: 'pred(*previous, *i)'
Assertion failed on expression: 'pred(*previous, *i)'
Assertion failed on expression: 'pred(*previous, *i)'
Assertion failed on expression: 'pred(*previous, *i)'
Assertion failed on expression: 'pred(*previous, *i)'
Assertion failed on expression: 'pred(*previous, *i)'
Assertion failed on expression: 'pred(*previous, *i)'
Assertion failed on expression: 'pred(*previous, *i)'
Assertion failed on expression: 'pred(*previous, *i)'
Assertion failed on expression: 'pred(*previous, *i)'
Assertion failed on expression: 'pred(*previous, *i)'
Assertion failed on expression: 'pred(*previous, *i)'
Assertion failed on expression: 'pred(*previous, *i)'
Assertion failed on expression: 'pred(*previous, *i)'
Assertion failed on expression: 'pred(*previous, *i)'
Assertion failed on expression: 'pred(*previous, *i)'
Assertion failed on expression: 'pred(*previous, *i)'
Assertion failed on expression: 'pred(*previous, *i)'
Assertion failed on expression: 'pred(*previous, *i)'
Assertion failed on expression: 'pred(*previous, *i)'
Assertion failed on expression: 'pred(*previous, *i)'
Assertion failed on expression: 'pred(*previous, *i)'
Assertion failed on expression: 'pred(*previous, *i)'
Assertion failed on expression: 'pred(*previous, *i)'
Assertion failed on expression: 'pred(*previous, *i)'
Assertion failed on expression: 'pred(*previous, *i)'
Assertion failed on expression: 'pred(*previous, *i)'
Assertion failed on expression: 'pred(*previous, *i)'
Assertion failed on expression: 'pred(*previous, *i)'
Assertion failed on expression: 'pred(*previous, *i)'
Assertion failed on expression: 'pred(*previous, *i)'
Assertion failed on expression: 'pred(*previous, *i)'
Assertion failed on expression: 'pred(*previous, *i)'
Assertion failed on expression: 'pred(*previous, *i)'
Assertion failed on expression: 'pred(*previous, *i)'
Assertion failed on expression: 'pred(*previous, *i)'
Assertion failed on expression: 'pred(*previous, *i)'
Assertion failed on expression: 'pred(*previous, *i)'
Assertion failed on expression: 'pred(*previous, *i)'
Assertion failed on expression: 'pred(*previous, *i)'
Assertion failed on expression: 'pred(*previous, *i)'
Assertion failed on expression: 'pred(*previous, *i)'
Assertion failed on expression: 'pred(*previous, *i)'
Assertion failed on expression: 'pred(*previous, *i)'
Assertion failed on expression: 'pred(*previous, *i)'
Assertion failed on expression: 'pred(*previous, *i)'
Assertion failed on expression: 'pred(*previous, *i)'
Assertion failed on expression: 'pred(*previous, *i)'
Assertion failed on expression: 'pred(*previous, *i)'
Assertion failed on expression: 'pred(*previous, *i)'
Assertion failed on expression: 'pred(*previous, *i)'
Assertion failed on expression: 'pred(*previous, *i)'
Assertion failed on expression: 'pred(*previous, *i)'
Assertion failed on expression: 'pred(*previous, *i)'
Assertion failed on expression: 'pred(*previous, *i)'
Assertion failed on expression: 'pred(*previous, *i)'
Assertion failed on expression: 'pred(*previous, *i)'
Assertion failed on expression: 'pred(*previous, *i)'
Assertion failed on expression: 'pred(*previous, *i)'
Assertion failed on expression: 'pred(*previous, *i)'
Assertion failed on expression: 'pred(*previous, *i)'
Assertion failed on expression: 'pred(*previous, *i)'
Assertion failed on expression: 'pred(*previous, *i)'
Assertion failed on expression: 'pred(*previous, *i)'
Assertion failed on expression: 'pred(*previous, *i)'
Assertion failed on expression: 'pred(*previous, *i)'
Assertion failed on expression: 'pred(*previous, *i)'
Assertion failed on expression: 'pred(*previous, *i)'
Assertion failed on expression: 'pred(*previous, *i)'
Assertion failed on expression: 'pred(*previous, *i)'
Assertion failed on expression: 'pred(*previous, *i)'
Assertion failed on expression: 'pred(*previous, *i)'
Assertion failed on expression: 'pred(*previous, *i)'
Assertion failed on expression: 'pred(*previous, *i)'
Assertion failed on expression: 'pred(*previous, *i)'
Assertion failed on expression: 'pred(*previous, *i)'
Assertion failed on expression: 'pred(*previous, *i)'
Assertion failed on expression: 'pred(*previous, *i)'
Assertion failed on expression: 'pred(*previous, *i)'
Assertion failed on expression: 'pred(*previous, *i)'
Assertion failed on expression: 'pred(*previous, *i)'
Assertion failed on expression: 'pred(*previous, *i)'
Assertion failed on expression: 'pred(*previous, *i)'
Assertion failed on expression: 'pred(*previous, *i)'
Assertion failed on expression: 'pred(*previous, *i)'
Assertion failed on expression: 'pred(*previous, *i)'
Assertion failed on expression: 'pred(*previous, *i)'
Assertion failed on expression: 'pred(*previous, *i)'
Assertion failed on expression: 'pred(*previous, *i)'
Assertion failed on expression: 'pred(*previous, *i)'
Assertion failed on expression: 'pred(*previous, *i)'
Assertion failed on expression: 'pred(*previous, *i)'
Assertion failed on expression: 'pred(*previous, *i)'
Assertion failed on expression: 'pred(*previous, *i)'
Assertion failed on expression: 'pred(*previous, *i)'
Assertion failed on expression: 'pred(*previous, *i)'
Assertion failed on expression: 'pred(*previous, *i)'
Assertion failed on expression: 'pred(*previous, *i)'
Assertion failed on expression: 'pred(*previous, *i)'
Assertion failed on expression: 'pred(*previous, *i)'
Assertion failed on expression: 'pred(*previous, *i)'
Assertion failed on expression: 'pred(*previous, *i)'
Assertion failed on expression: 'pred(*previous, *i)'
Assertion failed on expression: 'pred(*previous, *i)'
Assertion failed on expression: 'pred(*previous, *i)'
Assertion failed on expression: 'pred(*previous, *i)'
Assertion failed on expression: 'pred(*previous, *i)'
Assertion failed on expression: 'pred(*previous, *i)'
Assertion failed on expression: 'pred(*previous, *i)'
Assertion failed on expression: 'pred(*previous, *i)'
Assertion failed on expression: 'pred(*previous, *i)'
Assertion failed on expression: 'pred(*previous, *i)'
Assertion failed on expression: 'pred(*previous, *i)'
Assertion failed on expression: 'pred(*previous, *i)'
Assertion failed on expression: 'pred(*previous, *i)'
Assertion failed on expression: 'pred(*previous, *i)'
Assertion failed on expression: 'pred(*previous, *i)'
Assertion failed on expression: 'pred(*previous, *i)'
Assertion failed on expression: 'pred(*previous, *i)'
Assertion failed on expression: 'pred(*previous, *i)'
Assertion failed on expression: 'pred(*previous, *i)'
Assertion failed on expression: 'pred(*previous, *i)'
Assertion failed on expression: 'pred(*previous, *i)'
Assertion failed on expression: 'pred(*previous, *i)'
Assertion failed on expression: 'pred(*previous, *i)'
Assertion failed on expression: 'pred(*previous, *i)'
Assertion failed on expression: 'pred(*previous, *i)'
Assertion failed on expression: 'pred(*previous, *i)'
Assertion failed on expression: 'pred(*previous, *i)'
Assertion failed on expression: 'pred(*previous, *i)'
Assertion failed on expression: 'pred(*previous, *i)'
Assertion failed on expression: 'pred(*previous, *i)'
Assertion failed on expression: 'pred(*previous, *i)'
Assertion failed on expression: 'pred(*previous, *i)'
Assertion failed on expression: 'pred(*previous, *i)'
Assertion failed on expression: 'pred(*previous, *i)'
Assertion failed on expression: 'pred(*previous, *i)'
Assertion failed on expression: 'pred(*previous, *i)'
Assertion failed on expression: 'pred(*previous, *i)'
Assertion failed on expression: 'pred(*previous, *i)'
Assertion failed on expression: 'pred(*previous, *i)'
Assertion failed on expression: 'pred(*previous, *i)'
Assertion failed on expression: 'pred(*previous, *i)'
Assertion failed on expression: 'pred(*previous, *i)'
Assertion failed on expression: 'pred(*previous, *i)'
Assertion failed on expression: 'pred(*previous, *i)'
Assertion failed on expression: 'pred(*previous, *i)'
Assertion failed on expression: 'pred(*previous, *i)'
Assertion failed on expression: 'pred(*previous, *i)'
Assertion failed on expression: 'pred(*previous, *i)'
Assertion failed on expression: 'pred(*previous, *i)'
Assertion failed on expression: 'pred(*previous, *i)'
Assertion failed on expression: 'pred(*previous, *i)'
Assertion failed on expression: 'pred(*previous, *i)'
Assertion failed on expression: 'pred(*previous, *i)'
Assertion failed on expression: 'pred(*previous, *i)'
Assertion failed on expression: 'pred(*previous, *i)'
Assertion failed on expression: 'pred(*previous, *i)'
Assertion failed on expression: 'pred(*previous, *i)'
Assertion failed on expression: 'pred(*previous, *i)'
Assertion failed on expression: 'pred(*previous, *i)'
Assertion failed on expression: 'pred(*previous, *i)'
Assertion failed on expression: 'pred(*previous, *i)'
Assertion failed on expression: 'pred(*previous, *i)'
Assertion failed on expression: 'pred(*previous, *i)'
Assertion failed on expression: 'pred(*previous, *i)'
Assertion failed on expression: 'pred(*previous, *i)'
Assertion failed on expression: 'pred(*previous, *i)'
Assertion failed on expression: 'pred(*previous, *i)'
Assertion failed on expression: 'pred(*previous, *i)'
Assertion failed on expression: 'pred(*previous, *i)'
Assertion failed on expression: 'pred(*previous, *i)'
Assertion failed on expression: 'pred(*previous, *i)'
Assertion failed on expression: 'pred(*previous, *i)'
Assertion failed on expression: 'pred(*previous, *i)'
Assertion failed on expression: 'pred(*previous, *i)'
Assertion failed on expression: 'pred(*previous, *i)'
Assertion failed on expression: 'pred(*previous, *i)'
Assertion failed on expression: 'pred(*previous, *i)'
Assertion failed on expression: 'pred(*previous, *i)'
Assertion failed on expression: 'pred(*previous, *i)'
Assertion failed on expression: 'pred(*previous, *i)'
Assertion failed on expression: 'pred(*previous, *i)'
Assertion failed on expression: 'pred(*previous, *i)'
Assertion failed on expression: 'pred(*previous, *i)'
Assertion failed on expression: 'pred(*previous, *i)'
Assertion failed on expression: 'pred(*previous, *i)'
Assertion failed on expression: 'pred(*previous, *i)'
Assertion failed on expression: 'pred(*previous, *i)'
Assertion failed on expression: 'pred(*previous, *i)'
Assertion failed on expression: 'pred(*previous, *i)'
Assertion failed on expression: 'pred(*previous, *i)'
Assertion failed on expression: 'pred(*previous, *i)'
Assertion failed on expression: 'pred(*previous, *i)'
Assertion failed on expression: 'pred(*previous, *i)'
Assertion failed on expression: 'pred(*previous, *i)'
Assertion failed on expression: 'pred(*previous, *i)'
Assertion failed on expression: 'pred(*previous, *i)'
Assertion failed on expression: 'pred(*previous, *i)'
Assertion failed on expression: 'pred(*previous, *i)'
Assertion failed on expression: 'pred(*previous, *i)'
Assertion failed on expression: 'pred(*previous, *i)'
Assertion failed on expression: 'pred(*previous, *i)'
Assertion failed on expression: 'pred(*previous, *i)'
Assertion failed on expression: 'pred(*previous, *i)'
Assertion failed on expression: 'pred(*previous, *i)'
Assertion failed on expression: 'pred(*previous, *i)'
Assertion failed on expression: 'pred(*previous, *i)'
Assertion failed on expression: 'pred(*previous, *i)'
Assertion failed on expression: 'pred(*previous, *i)'
Assertion failed on expression: 'pred(*previous, *i)'
Assertion failed on expression: 'pred(*previous, *i)'
Assertion failed on expression: 'pred(*previous, *i)'
Assertion failed on expression: 'pred(*previous, *i)'
Assertion failed on expression: 'pred(*previous, *i)'
Assertion failed on expression: 'pred(*previous, *i)'
Assertion failed on expression: 'pred(*previous, *i)'
Assertion failed on expression: 'pred(*previous, *i)'
Assertion failed on expression: 'pred(*previous, *i)'
Assertion failed on expression: 'pred(*previous, *i)'
Assertion failed on expression: 'pred(*previous, *i)'
Assertion failed on expression: 'pred(*previous, *i)'
Assertion failed on expression: 'pred(*previous, *i)'
Assertion failed on expression: 'pred(*previous, *i)'
Assertion failed on expression: 'pred(*previous, *i)'
Assertion failed on expression: 'pred(*previous, *i)'
Assertion failed on expression: 'pred(*previous, *i)'
Assertion failed on expression: 'pred(*previous, *i)'
Assertion failed on expression: 'pred(*previous, *i)'
Assertion failed on expression: 'pred(*previous, *i)'
Assertion failed on expression: 'pred(*previous, *i)'
Assertion failed on expression: 'pred(*previous, *i)'
Assertion failed on expression: 'pred(*previous, *i)'
Assertion failed on expression: 'pred(*previous, *i)'
Assertion failed on expression: 'pred(*previous, *i)'
Assertion failed on expression: 'pred(*previous, *i)'
Assertion failed on expression: 'pred(*previous, *i)'
Assertion failed on expression: 'pred(*previous, *i)'
Assertion failed on expression: 'pred(*previous, *i)'
Assertion failed on expression: 'pred(*previous, *i)'
Assertion failed on expression: 'pred(*previous, *i)'
Assertion failed on expression: 'pred(*previous, *i)'
Assertion failed on expression: 'pred(*previous, *i)'
Assertion failed on expression: 'pred(*previous, *i)'
Assertion failed on expression: 'pred(*previous, *i)'
Assertion failed on expression: 'pred(*previous, *i)'
Assertion failed on expression: 'pred(*previous, *i)'
Assertion failed on expression: 'pred(*previous, *i)'
Assertion failed on expression: 'pred(*previous, *i)'
Assertion failed on expression: 'pred(*previous, *i)'
Assertion failed on expression: 'pred(*previous, *i)'
Assertion failed on expression: 'pred(*previous, *i)'
Assertion failed on expression: 'pred(*previous, *i)'
Assertion failed on expression: 'pred(*previous, *i)'
Assertion failed on expression: 'pred(*previous, *i)'
Assertion failed on expression: 'pred(*previous, *i)'
Assertion failed on expression: 'pred(*previous, *i)'
Assertion failed on expression: 'pred(*previous, *i)'
Assertion failed on expression: 'pred(*previous, *i)'
Assertion failed on expression: 'pred(*previous, *i)'
Assertion failed on expression: 'pred(*previous, *i)'
Assertion failed on expression: 'pred(*previous, *i)'
Assertion failed on expression: 'pred(*previous, *i)'
Assertion failed on expression: 'pred(*previous, *i)'
Assertion failed on expression: 'pred(*previous, *i)'
Assertion failed on expression: 'pred(*previous, *i)'
Assertion failed on expression: 'pred(*previous, *i)'
Assertion failed on expression: 'pred(*previous, *i)'
Assertion failed on expression: 'pred(*previous, *i)'
Assertion failed on expression: 'pred(*previous, *i)'
Assertion failed on expression: 'pred(*previous, *i)'
Assertion failed on expression: 'pred(*previous, *i)'
Assertion failed on expression: 'pred(*previous, *i)'
Assertion failed on expression: 'pred(*previous, *i)'
Assertion failed on expression: 'pred(*previous, *i)'
Assertion failed on expression: 'pred(*previous, *i)'
Assertion failed on expression: 'pred(*previous, *i)'
Assertion failed on expression: 'pred(*previous, *i)'
Assertion failed on expression: 'pred(*previous, *i)'
Assertion failed on expression: 'pred(*previous, *i)'
Assertion failed on expression: 'pred(*previous, *i)'
Assertion failed on expression: 'pred(*previous, *i)'
Assertion failed on expression: 'pred(*previous, *i)'
Assertion failed on expression: 'pred(*previous, *i)'
Assertion failed on expression: 'pred(*previous, *i)'
Assertion failed on expression: 'pred(*previous, *i)'
Assertion failed on expression: 'pred(*previous, *i)'
Assertion failed on expression: 'pred(*previous, *i)'
Assertion failed on expression: 'pred(*previous, *i)'
Assertion failed on expression: 'pred(*previous, *i)'
Assertion failed on expression: 'pred(*previous, *i)'
Assertion failed on expression: 'pred(*previous, *i)'
Assertion failed on expression: 'pred(*previous, *i)'
Assertion failed on expression: 'pred(*previous, *i)'
Assertion failed on expression: 'pred(*previous, *i)'
Assertion failed on expression: 'pred(*previous, *i)'
Assertion failed on expression: 'pred(*previous, *i)'
Assertion failed on expression: 'pred(*previous, *i)'
Assertion failed on expression: 'pred(*previous, *i)'
Assertion failed on expression: 'pred(*previous, *i)'
Assertion failed on expression: 'pred(*previous, *i)'
Assertion failed on expression: 'pred(*previous, *i)'
Assertion failed on expression: 'pred(*previous, *i)'
Assertion failed on expression: 'pred(*previous, *i)'
Assertion failed on expression: 'pred(*previous, *i)'
Assertion failed on expression: 'pred(*previous, *i)'
Assertion failed on expression: 'pred(*previous, *i)'
Assertion failed on expression: 'pred(*previous, *i)'
Assertion failed on expression: 'pred(*previous, *i)'
Assertion failed on expression: 'pred(*previous, *i)'
Assertion failed on expression: 'pred(*previous, *i)'
Assertion failed on expression: 'pred(*previous, *i)'
Assertion failed on expression: 'pred(*previous, *i)'
Assertion failed on expression: 'pred(*previous, *i)'
Assertion failed on expression: 'pred(*previous, *i)'
Assertion failed on expression: 'pred(*previous, *i)'
Assertion failed on expression: 'pred(*previous, *i)'
Assertion failed on expression: 'pred(*previous, *i)'
Assertion failed on expression: 'pred(*previous, *i)'
Assertion failed on expression: 'pred(*previous, *i)'
Assertion failed on expression: 'pred(*previous, *i)'
Assertion failed on expression: 'pred(*previous, *i)'
Assertion failed on expression: 'pred(*previous, *i)'
Assertion failed on expression: 'pred(*previous, *i)'
Assertion failed on expression: 'pred(*previous, *i)'
Assertion failed on expression: 'pred(*previous, *i)'
Assertion failed on expression: 'pred(*previous, *i)'
Assertion failed on expression: 'pred(*previous, *i)'
Assertion failed on expression: 'pred(*previous, *i)'
Assertion failed on expression: 'pred(*previous, *i)'
Assertion failed on expression: 'pred(*previous, *i)'
Assertion failed on expression: 'pred(*previous, *i)'
Assertion failed on expression: 'pred(*previous, *i)'
Assertion failed on expression: 'pred(*previous, *i)'
Assertion failed on expression: 'pred(*previous, *i)'
Assertion failed on expression: 'pred(*previous, *i)'
Assertion failed on expression: 'pred(*previous, *i)'
Assertion failed on expression: 'pred(*previous, *i)'
Assertion failed on expression: 'pred(*previous, *i)'
Assertion failed on expression: 'pred(*previous, *i)'
Assertion failed on expression: 'pred(*previous, *i)'
Assertion failed on expression: 'pred(*previous, *i)'
Assertion failed on expression: 'pred(*previous, *i)'
Assertion failed on expression: 'pred(*previous, *i)'
Assertion failed on expression: 'pred(*previous, *i)'
Assertion failed on expression: 'pred(*previous, *i)'
Assertion failed on expression: 'pred(*previous, *i)'
Assertion failed on expression: 'pred(*previous, *i)'
Assertion failed on expression: 'pred(*previous, *i)'
Assertion failed on expression: 'pred(*previous, *i)'
Assertion failed on expression: 'pred(*previous, *i)'
Assertion failed on expression: 'pred(*previous, *i)'
Assertion failed on expression: 'pred(*previous, *i)'
Assertion failed on expression: 'pred(*previous, *i)'
Assertion failed on expression: 'pred(*previous, *i)'
Assertion failed on expression: 'pred(*previous, *i)'
Assertion failed on expression: 'pred(*previous, *i)'
Assertion failed on expression: 'pred(*previous, *i)'
Assertion failed on expression: 'pred(*previous, *i)'
Assertion failed on expression: 'pred(*previous, *i)'
Assertion failed on expression: 'pred(*previous, *i)'
Assertion failed on expression: 'pred(*previous, *i)'
Assertion failed on expression: 'pred(*previous, *i)'
Assertion failed on expression: 'pred(*previous, *i)'
Assertion failed on expression: 'pred(*previous, *i)'
Assertion failed on expression: 'pred(*previous, *i)'
Assertion failed on expression: 'pred(*previous, *i)'
Assertion failed on expression: 'pred(*previous, *i)'
Assertion failed on expression: 'pred(*previous, *i)'
Assertion failed on expression: 'pred(*previous, *i)'
Assertion failed on expression: 'pred(*previous, *i)'
Assertion failed on expression: 'pred(*previous, *i)'
Assertion failed on expression: 'pred(*previous, *i)'
Assertion failed on expression: 'pred(*previous, *i)'
Assertion failed on expression: 'pred(*previous, *i)'
Assertion failed on expression: 'pred(*previous, *i)'
Assertion failed on expression: 'pred(*previous, *i)'
Assertion failed on expression: 'pred(*previous, *i)'
Assertion failed on expression: 'pred(*previous, *i)'
Assertion failed on expression: 'pred(*previous, *i)'
Assertion failed on expression: 'pred(*previous, *i)'
Assertion failed on expression: 'pred(*previous, *i)'
Assertion failed on expression: 'pred(*previous, *i)'
Assertion failed on expression: 'pred(*previous, *i)'
Assertion failed on expression: 'pred(*previous, *i)'
Assertion failed on expression: 'pred(*previous, *i)'
Assertion failed on expression: 'pred(*previous, *i)'
Assertion failed on expression: 'pred(*previous, *i)'
Assertion failed on expression: 'pred(*previous, *i)'
Assertion failed on expression: 'pred(*previous, *i)'
Assertion failed on expression: 'pred(*previous, *i)'
Assertion failed on expression: 'pred(*previous, *i)'
Assertion failed on expression: 'pred(*previous, *i)'
Assertion failed on expression: 'pred(*previous, *i)'
Assertion failed on expression: 'pred(*previous, *i)'
Assertion failed on expression: 'pred(*previous, *i)'
Assertion failed on expression: 'pred(*previous, *i)'
Assertion failed on expression: 'pred(*previous, *i)'
Assertion failed on expression: 'pred(*previous, *i)'
Assertion failed on expression: 'pred(*previous, *i)'
Assertion failed on expression: 'pred(*previous, *i)'
Assertion failed on expression: 'pred(*previous, *i)'
Assertion failed on expression: 'pred(*previous, *i)'
Assertion failed on expression: 'pred(*previous, *i)'
Assertion failed on expression: 'pred(*previous, *i)'
Assertion failed on expression: 'pred(*previous, *i)'
Assertion failed on expression: 'pred(*previous, *i)'
Assertion failed on expression: 'pred(*previous, *i)'
Assertion failed on expression: 'pred(*previous, *i)'
Assertion failed on expression: 'pred(*previous, *i)'
Assertion failed on expression: 'pred(*previous, *i)'
Assertion failed on expression: 'pred(*previous, *i)'
Assertion failed on expression: 'pred(*previous, *i)'
Assertion failed on expression: 'pred(*previous, *i)'
Assertion failed on expression: 'pred(*previous, *i)'
Assertion failed on expression: 'pred(*previous, *i)'
Assertion failed on expression: 'pred(*previous, *i)'
Assertion failed on expression: 'pred(*previous, *i)'
Assertion failed on expression: 'pred(*previous, *i)'
Assertion failed on expression: 'pred(*previous, *i)'
Assertion failed on expression: 'pred(*previous, *i)'
Assertion failed on expression: 'pred(*previous, *i)'
Assertion failed on expression: 'pred(*previous, *i)'
Assertion failed on expression: 'pred(*previous, *i)'
Assertion failed on expression: 'pred(*previous, *i)'
Assertion failed on expression: 'pred(*previous, *i)'
Assertion failed on expression: 'pred(*previous, *i)'
Assertion failed on expression: 'pred(*previous, *i)'
Assertion failed on expression: 'pred(*previous, *i)'
Assertion failed on expression: 'pred(*previous, *i)'
Assertion failed on expression: 'pred(*previous, *i)'
Assertion failed on expression: 'pred(*previous, *i)'
Assertion failed on expression: 'pred(*previous, *i)'
Assertion failed on expression: 'pred(*previous, *i)'
Assertion failed on expression: 'pred(*previous, *i)'
Assertion failed on expression: 'pred(*previous, *i)'
Assertion failed on expression: 'pred(*previous, *i)'
Assertion failed on expression: 'pred(*previous, *i)'
Assertion failed on expression: 'pred(*previous, *i)'
Assertion failed on expression: 'pred(*previous, *i)'
Assertion failed on expression: 'pred(*previous, *i)'
Assertion failed on expression: 'pred(*previous, *i)'
Assertion failed on expression: 'pred(*previous, *i)'
Assertion failed on expression: 'pred(*previous, *i)'
Assertion failed on expression: 'pred(*previous, *i)'
Assertion failed on expression: 'pred(*previous, *i)'
Assertion failed on expression: 'pred(*previous, *i)'
Assertion failed on expression: 'pred(*previous, *i)'
Assertion failed on expression: 'pred(*previous, *i)'
Assertion failed on expression: 'pred(*previous, *i)'
Assertion failed on expression: 'pred(*previous, *i)'
Assertion failed on expression: 'pred(*previous, *i)'
Assertion failed on expression: 'pred(*previous, *i)'
Assertion failed on expression: 'pred(*previous, *i)'
Assertion failed on expression: 'pred(*previous, *i)'
Assertion failed on expression: 'pred(*previous, *i)'
Assertion failed on expression: 'pred(*previous, *i)'
Assertion failed on expression: 'pred(*previous, *i)'
Assertion failed on expression: 'pred(*previous, *i)'
Assertion failed on expression: 'pred(*previous, *i)'
Assertion failed on expression: 'pred(*previous, *i)'
Assertion failed on expression: 'pred(*previous, *i)'
Assertion failed on expression: 'pred(*previous, *i)'
Assertion failed on expression: 'pred(*previous, *i)'
Assertion failed on expression: 'pred(*previous, *i)'
Assertion failed on expression: 'pred(*previous, *i)'
Assertion failed on expression: 'pred(*previous, *i)'
Assertion failed on expression: 'pred(*previous, *i)'
Assertion failed on expression: 'pred(*previous, *i)'
Assertion failed on expression: 'pred(*previous, *i)'
Assertion failed on expression: 'pred(*previous, *i)'
Assertion failed on expression: 'pred(*previous, *i)'
Assertion failed on expression: 'pred(*previous, *i)'
Assertion failed on expression: 'pred(*previous, *i)'
Assertion failed on expression: 'pred(*previous, *i)'
Assertion failed on expression: 'pred(*previous, *i)'
Assertion failed on expression: 'pred(*previous, *i)'
Assertion failed on expression: 'pred(*previous, *i)'
Assertion failed on expression: 'pred(*previous, *i)'
Assertion failed on expression: 'pred(*previous, *i)'
Assertion failed on expression: 'pred(*previous, *i)'
Assertion failed on expression: 'pred(*previous, *i)'
Assertion failed on expression: 'pred(*previous, *i)'
Assertion failed on expression: 'pred(*previous, *i)'
Assertion failed on expression: 'pred(*previous, *i)'
Assertion failed on expression: 'pred(*previous, *i)'
Assertion failed on expression: 'pred(*previous, *i)'
Assertion failed on expression: 'pred(*previous, *i)'
Assertion failed on expression: 'pred(*previous, *i)'
Assertion failed on expression: 'pred(*previous, *i)'
Assertion failed on expression: 'pred(*previous, *i)'
Assertion failed on expression: 'pred(*previous, *i)'
Assertion failed on expression: 'pred(*previous, *i)'
Assertion failed on expression: 'pred(*previous, *i)'
Assertion failed on expression: 'pred(*previous, *i)'
Assertion failed on expression: 'pred(*previous, *i)'
Assertion failed on expression: 'pred(*previous, *i)'
Assertion failed on expression: 'pred(*previous, *i)'
Assertion failed on expression: 'pred(*previous, *i)'
Assertion failed on expression: 'pred(*previous, *i)'
Assertion failed on expression: 'pred(*previous, *i)'
Assertion failed on expression: 'pred(*previous, *i)'
Assertion failed on expression: 'pred(*previous, *i)'
Assertion failed on expression: 'pred(*previous, *i)'
Assertion failed on expression: 'pred(*previous, *i)'
Assertion failed on expression: 'pred(*previous, *i)'
Assertion failed on expression: 'pred(*previous, *i)'
Assertion failed on expression: 'pred(*previous, *i)'
Assertion failed on expression: 'pred(*previous, *i)'
Assertion failed on expression: 'pred(*previous, *i)'
Assertion failed on expression: 'pred(*previous, *i)'
Assertion failed on expression: 'pred(*previous, *i)'
Assertion failed on expression: 'pred(*previous, *i)'
Assertion failed on expression: 'pred(*previous, *i)'
Assertion failed on expression: 'pred(*previous, *i)'
Assertion failed on expression: 'pred(*previous, *i)'
Assertion failed on expression: 'pred(*previous, *i)'
Assertion failed on expression: 'pred(*previous, *i)'
Assertion failed on expression: 'pred(*previous, *i)'
Assertion failed on expression: 'pred(*previous, *i)'
Assertion failed on expression: 'pred(*previous, *i)'
Assertion failed on expression: 'pred(*previous, *i)'
Assertion failed on expression: 'pred(*previous, *i)'
Assertion failed on expression: 'pred(*previous, *i)'
Assertion failed on expression: 'pred(*previous, *i)'
Assertion failed on expression: 'pred(*previous, *i)'
Assertion failed on expression: 'pred(*previous, *i)'
Assertion failed on expression: 'pred(*previous, *i)'
Assertion failed on expression: 'pred(*previous, *i)'
Assertion failed on expression: 'pred(*previous, *i)'
Assertion failed on expression: 'pred(*previous, *i)'
Assertion failed on expression: 'pred(*previous, *i)'
Assertion failed on expression: 'pred(*previous, *i)'
Assertion failed on expression: 'pred(*previous, *i)'
Assertion failed on expression: 'pred(*previous, *i)'
Assertion failed on expression: 'pred(*previous, *i)'
Assertion failed on expression: 'pred(*previous, *i)'
Assertion failed on expression: 'pred(*previous, *i)'
Assertion failed on expression: 'pred(*previous, *i)'
Assertion failed on expression: 'pred(*previous, *i)'
Assertion failed on expression: 'pred(*previous, *i)'
Assertion failed on expression: 'pred(*previous, *i)'
Assertion failed on expression: 'pred(*previous, *i)'
Assertion failed on expression: 'pred(*previous, *i)'
Assertion failed on expression: 'pred(*previous, *i)'
Assertion failed on expression: 'pred(*previous, *i)'
Assertion failed on expression: 'pred(*previous, *i)'
Assertion failed on expression: 'pred(*previous, *i)'
Assertion failed on expression: 'pred(*previous, *i)'
Assertion failed on expression: 'pred(*previous, *i)'
Assertion failed on expression: 'pred(*previous, *i)'
Assertion failed on expression: 'pred(*previous, *i)'
Assertion failed on expression: 'pred(*previous, *i)'
Assertion failed on expression: 'pred(*previous, *i)'
Assertion failed on expression: 'pred(*previous, *i)'
Assertion failed on expression: 'pred(*previous, *i)'
Assertion failed on expression: 'pred(*previous, *i)'
Assertion failed on expression: 'pred(*previous, *i)'
Assertion failed on expression: 'pred(*previous, *i)'
Assertion failed on expression: 'pred(*previous, *i)'
Assertion failed on expression: 'pred(*previous, *i)'
Assertion failed on expression: 'pred(*previous, *i)'
Assertion failed on expression: 'pred(*previous, *i)'
Assertion failed on expression: 'pred(*previous, *i)'
Assertion failed on expression: 'pred(*previous, *i)'
Assertion failed on expression: 'pred(*previous, *i)'
Assertion failed on expression: 'pred(*previous, *i)'
Assertion failed on expression: 'pred(*previous, *i)'
Assertion failed on expression: 'pred(*previous, *i)'
Assertion failed on expression: 'pred(*previous, *i)'
Assertion failed on expression: 'pred(*previous, *i)'
Assertion failed on expression: 'pred(*previous, *i)'
Assertion failed on expression: 'pred(*previous, *i)'
Assertion failed on expression: 'pred(*previous, *i)'
Assertion failed on expression: 'pred(*previous, *i)'
Assertion failed on expression: 'pred(*previous, *i)'
Assertion failed on expression: 'pred(*previous, *i)'
Assertion failed on expression: 'pred(*previous, *i)'
Assertion failed on expression: 'pred(*previous, *i)'
Assertion failed on expression: 'pred(*previous, *i)'
Assertion failed on expression: 'pred(*previous, *i)'
Assertion failed on expression: 'pred(*previous, *i)'
Assertion failed on expression: 'pred(*previous, *i)'
Assertion failed on expression: 'pred(*previous, *i)'
Assertion failed on expression: 'pred(*previous, *i)'
Assertion failed on expression: 'pred(*previous, *i)'
Assertion failed on expression: 'pred(*previous, *i)'
Assertion failed on expression: 'pred(*previous, *i)'
Assertion failed on expression: 'pred(*previous, *i)'
Assertion failed on expression: 'pred(*previous, *i)'
Assertion failed on expression: 'pred(*previous, *i)'
Assertion failed on expression: 'pred(*previous, *i)'
Assertion failed on expression: 'pred(*previous, *i)'
Assertion failed on expression: 'pred(*previous, *i)'
Assertion failed on expression: 'pred(*previous, *i)'
Assertion failed on expression: 'pred(*previous, *i)'
Assertion failed on expression: 'pred(*previous, *i)'
Assertion failed on expression: 'pred(*previous, *i)'
Assertion failed on expression: 'pred(*previous, *i)'
Assertion failed on expression: 'pred(*previous, *i)'
Assertion failed on expression: 'pred(*previous, *i)'
Assertion failed on expression: 'pred(*previous, *i)'
Assertion failed on expression: 'pred(*previous, *i)'
Assertion failed on expression: 'pred(*previous, *i)'
Assertion failed on expression: 'pred(*previous, *i)'
Assertion failed on expression: 'pred(*previous, *i)'
Assertion failed on expression: 'pred(*previous, *i)'
Assertion failed on expression: 'pred(*previous, *i)'
Assertion failed on expression: 'pred(*previous, *i)'
Assertion failed on expression: 'pred(*previous, *i)'
Assertion failed on expression: 'pred(*previous, *i)'
Assertion failed on expression: 'pred(*previous, *i)'
Assertion failed on expression: 'pred(*previous, *i)'
Assertion failed on expression: 'pred(*previous, *i)'
Assertion failed on expression: 'pred(*previous, *i)'
Assertion failed on expression: 'pred(*previous, *i)'
Assertion failed on expression: 'pred(*previous, *i)'
Assertion failed on expression: 'pred(*previous, *i)'
Assertion failed on expression: 'pred(*previous, *i)'
Assertion failed on expression: 'pred(*previous, *i)'
Assertion failed on expression: 'pred(*previous, *i)'
Assertion failed on expression: 'pred(*previous, *i)'
Assertion failed on expression: 'pred(*previous, *i)'
Assertion failed on expression: 'pred(*previous, *i)'
Assertion failed on expression: 'pred(*previous, *i)'
Assertion failed on expression: 'pred(*previous, *i)'
Assertion failed on expression: 'pred(*previous, *i)'
Assertion failed on expression: 'pred(*previous, *i)'
Assertion failed on expression: 'pred(*previous, *i)'
Assertion failed on expression: 'pred(*previous, *i)'
Assertion failed on expression: 'pred(*previous, *i)'
Assertion failed on expression: 'pred(*previous, *i)'
Assertion failed on expression: 'pred(*previous, *i)'
Assertion failed on expression: 'pred(*previous, *i)'
Assertion failed on expression: 'pred(*previous, *i)'
Assertion failed on expression: 'pred(*previous, *i)'
Assertion failed on expression: 'pred(*previous, *i)'
Assertion failed on expression: 'pred(*previous, *i)'
Assertion failed on expression: 'pred(*previous, *i)'
Assertion failed on expression: 'pred(*previous, *i)'
Assertion failed on expression: 'pred(*previous, *i)'
Assertion failed on expression: 'pred(*previous, *i)'
Assertion failed on expression: 'pred(*previous, *i)'
Assertion failed on expression: 'pred(*previous, *i)'
Assertion failed on expression: 'pred(*previous, *i)'
Assertion failed on expression: 'pred(*previous, *i)'
Assertion failed on expression: 'pred(*previous, *i)'
Assertion failed on expression: 'pred(*previous, *i)'
Assertion failed on expression: 'pred(*previous, *i)'
Assertion failed on expression: 'pred(*previous, *i)'
Assertion failed on expression: 'pred(*previous, *i)'
Assertion failed on expression: 'pred(*previous, *i)'
Assertion failed on expression: 'pred(*previous, *i)'
Assertion failed on expression: 'pred(*previous, *i)'
Assertion failed on expression: 'pred(*previous, *i)'
Assertion failed on expression: 'pred(*previous, *i)'
Assertion failed on expression: 'pred(*previous, *i)'
Assertion failed on expression: 'pred(*previous, *i)'
Assertion failed on expression: 'pred(*previous, *i)'
Assertion failed on expression: 'pred(*previous, *i)'
Assertion failed on expression: 'pred(*previous, *i)'
Assertion failed on expression: 'pred(*previous, *i)'
Assertion failed on expression: 'pred(*previous, *i)'
Assertion failed on expression: 'pred(*previous, *i)'
Assertion failed on expression: 'pred(*previous, *i)'
Assertion failed on expression: 'pred(*previous, *i)'
Assertion failed on expression: 'pred(*previous, *i)'
Assertion failed on expression: 'pred(*previous, *i)'
Assertion failed on expression: 'pred(*previous, *i)'
Assertion failed on expression: 'pred(*previous, *i)'
Assertion failed on expression: 'pred(*previous, *i)'
Assertion failed on expression: 'pred(*previous, *i)'
Assertion failed on expression: 'pred(*previous, *i)'
Assertion failed on expression: 'pred(*previous, *i)'
Assertion failed on expression: 'pred(*previous, *i)'
Assertion failed on expression: 'pred(*previous, *i)'
Assertion failed on expression: 'pred(*previous, *i)'
Assertion failed on expression: 'pred(*previous, *i)'
Assertion failed on expression: 'pred(*previous, *i)'
Assertion failed on expression: 'pred(*previous, *i)'
Assertion failed on expression: 'pred(*previous, *i)'
Assertion failed on expression: 'pred(*previous, *i)'
Assertion failed on expression: 'pred(*previous, *i)'
Assertion failed on expression: 'pred(*previous, *i)'
Assertion failed on expression: 'pred(*previous, *i)'
Assertion failed on expression: 'pred(*previous, *i)'
Assertion failed on expression: 'pred(*previous, *i)'
Assertion failed on expression: 'pred(*previous, *i)'
Assertion failed on expression: 'pred(*previous, *i)'
Assertion failed on expression: 'pred(*previous, *i)'
Assertion failed on expression: 'pred(*previous, *i)'
Assertion failed on expression: 'pred(*previous, *i)'
Assertion failed on expression: 'pred(*previous, *i)'
Assertion failed on expression: 'pred(*previous, *i)'
Assertion failed on expression: 'pred(*previous, *i)'
Assertion failed on expression: 'pred(*previous, *i)'
Assertion failed on expression: 'pred(*previous, *i)'
Assertion failed on expression: 'pred(*previous, *i)'
Assertion failed on expression: 'pred(*previous, *i)'
Assertion failed on expression: 'pred(*previous, *i)'
Assertion failed on expression: 'pred(*previous, *i)'
Assertion failed on expression: 'pred(*previous, *i)'
Assertion failed on expression: 'pred(*previous, *i)'
Assertion failed on expression: 'pred(*previous, *i)'
Assertion failed on expression: 'pred(*previous, *i)'
Assertion failed on expression: 'pred(*previous, *i)'
Assertion failed on expression: 'pred(*previous, *i)'
Assertion failed on expression: 'pred(*previous, *i)'
Assertion failed on expression: 'pred(*previous, *i)'
Assertion failed on expression: 'pred(*previous, *i)'
Assertion failed on expression: 'pred(*previous, *i)'
Assertion failed on expression: 'pred(*previous, *i)'
Assertion failed on expression: 'pred(*previous, *i)'
Assertion failed on expression: 'pred(*previous, *i)'
Assertion failed on expression: 'pred(*previous, *i)'
Assertion failed on expression: 'pred(*previous, *i)'
Assertion failed on expression: 'pred(*previous, *i)'
Assertion failed on expression: 'pred(*previous, *i)'
Assertion failed on expression: 'pred(*previous, *i)'
Assertion failed on expression: 'pred(*previous, *i)'
Assertion failed on expression: 'pred(*previous, *i)'
Assertion failed on expression: 'pred(*previous, *i)'
Assertion failed on expression: 'pred(*previous, *i)'
Assertion failed on expression: 'pred(*previous, *i)'
Assertion failed on expression: 'pred(*previous, *i)'
Assertion failed on expression: 'pred(*previous, *i)'
Assertion failed on expression: 'pred(*previous, *i)'
Assertion failed on expression: 'pred(*previous, *i)'
Assertion failed on expression: 'pred(*previous, *i)'
Assertion failed on expression: 'pred(*previous, *i)'
Assertion failed on expression: 'pred(*previous, *i)'
Assertion failed on expression: 'pred(*previous, *i)'
Assertion failed on expression: 'pred(*previous, *i)'
Assertion failed on expression: 'pred(*previous, *i)'
Assertion failed on expression: 'pred(*previous, *i)'
Assertion failed on expression: 'pred(*previous, *i)'
Assertion failed on expression: 'pred(*previous, *i)'
Assertion failed on expression: 'pred(*previous, *i)'
Assertion failed on expression: 'pred(*previous, *i)'
Assertion failed on expression: 'pred(*previous, *i)'
Assertion failed on expression: 'pred(*previous, *i)'
Assertion failed on expression: 'pred(*previous, *i)'
Assertion failed on expression: 'pred(*previous, *i)'
Assertion failed on expression: 'pred(*previous, *i)'
Assertion failed on expression: 'pred(*previous, *i)'
Assertion failed on expression: 'pred(*previous, *i)'
Assertion failed on expression: 'pred(*previous, *i)'
Assertion failed on expression: 'pred(*previous, *i)'
Assertion failed on expression: 'pred(*previous, *i)'
Assertion failed on expression: 'pred(*previous, *i)'
Assertion failed on expression: 'pred(*previous, *i)'
Assertion failed on expression: 'pred(*previous, *i)'
Assertion failed on expression: 'pred(*previous, *i)'
Assertion failed on expression: 'pred(*previous, *i)'
Assertion failed on expression: 'pred(*previous, *i)'
Assertion failed on expression: 'pred(*previous, *i)'
Assertion failed on expression: 'pred(*previous, *i)'
Assertion failed on expression: 'pred(*previous, *i)'
Assertion failed on expression: 'pred(*previous, *i)'
Assertion failed on expression: 'pred(*previous, *i)'
Assertion failed on expression: 'pred(*previous, *i)'
Assertion failed on expression: 'pred(*previous, *i)'
Assertion failed on expression: 'pred(*previous, *i)'
Assertion failed on expression: 'pred(*previous, *i)'
Assertion failed on expression: 'pred(*previous, *i)'
Assertion failed on expression: 'pred(*previous, *i)'
Assertion failed on expression: 'pred(*previous, *i)'
Assertion failed on expression: 'pred(*previous, *i)'
Assertion failed on expression: 'pred(*previous, *i)'
Assertion failed on expression: 'pred(*previous, *i)'
Assertion failed on expression: 'pred(*previous, *i)'
Assertion failed on expression: 'pred(*previous, *i)'
Assertion failed on expression: 'pred(*previous, *i)'
Assertion failed on expression: 'pred(*previous, *i)'
Assertion failed on expression: 'pred(*previous, *i)'
Assertion failed on expression: 'pred(*previous, *i)'
Assertion failed on expression: 'pred(*previous, *i)'
Assertion failed on expression: 'pred(*previous, *i)'
Assertion failed on expression: 'pred(*previous, *i)'
Assertion failed on expression: 'pred(*previous, *i)'
Assertion failed on expression: 'pred(*previous, *i)'
Assertion failed on expression: 'pred(*previous, *i)'
Assertion failed on expression: 'pred(*previous, *i)'
Assertion failed on expression: 'pred(*previous, *i)'
Assertion failed on expression: 'pred(*previous, *i)'
Assertion failed on expression: 'pred(*previous, *i)'
Assertion failed on expression: 'pred(*previous, *i)'
Assertion failed on expression: 'pred(*previous, *i)'
Assertion failed on expression: 'pred(*previous, *i)'
Assertion failed on expression: 'pred(*previous, *i)'
Assertion failed on expression: 'pred(*previous, *i)'
Assertion failed on expression: 'pred(*previous, *i)'
Assertion failed on expression: 'pred(*previous, *i)'
Assertion failed on expression: 'pred(*previous, *i)'
Assertion failed on expression: 'pred(*previous, *i)'
Assertion failed on expression: 'pred(*previous, *i)'
Assertion failed on expression: 'pred(*previous, *i)'
Assertion failed on expression: 'pred(*previous, *i)'
Assertion failed on expression: 'pred(*previous, *i)'
Assertion failed on expression: 'pred(*previous, *i)'
Assertion failed on expression: 'pred(*previous, *i)'
Assertion failed on expression: 'pred(*previous, *i)'
Assertion failed on expression: 'pred(*previous, *i)'
Assertion failed on expression: 'pred(*previous, *i)'
Assertion failed on expression: 'pred(*previous, *i)'
Assertion failed on expression: 'pred(*previous, *i)'
Assertion failed on expression: 'pred(*previous, *i)'
Assertion failed on expression: 'pred(*previous, *i)'
Assertion failed on expression: 'pred(*previous, *i)'
Assertion failed on expression: 'pred(*previous, *i)'
Assertion failed on expression: 'pred(*previous, *i)'
Assertion failed on expression: 'pred(*previous, *i)'
Assertion failed on expression: 'pred(*previous, *i)'
Assertion failed on expression: 'pred(*previous, *i)'
Assertion failed on expression: 'pred(*previous, *i)'
Assertion failed on expression: 'pred(*previous, *i)'
Assertion failed on expression: 'pred(*previous, *i)'
Assertion failed on expression: 'pred(*previous, *i)'
Assertion failed on expression: 'pred(*previous, *i)'
Assertion failed on expression: 'pred(*previous, *i)'
Assertion failed on expression: 'pred(*previous, *i)'
Assertion failed on expression: 'pred(*previous, *i)'
Assertion failed on expression: 'pred(*previous, *i)'
Assertion failed on expression: 'pred(*previous, *i)'
Assertion failed on expression: 'pred(*previous, *i)'
Assertion failed on expression: 'pred(*previous, *i)'
Assertion failed on expression: 'pred(*previous, *i)'
Assertion failed on expression: 'pred(*previous, *i)'
Assertion failed on expression: 'pred(*previous, *i)'
Assertion failed on expression: 'pred(*previous, *i)'
Assertion failed on expression: 'pred(*previous, *i)'
Assertion failed on expression: 'pred(*previous, *i)'
Assertion failed on expression: 'pred(*previous, *i)'
Assertion failed on expression: 'pred(*previous, *i)'
Assertion failed on expression: 'pred(*previous, *i)'
Assertion failed on expression: 'pred(*previous, *i)'
Assertion failed on expression: 'pred(*previous, *i)'
Assertion failed on expression: 'pred(*previous, *i)'
Assertion failed on expression: 'pred(*previous, *i)'
Assertion failed on expression: 'pred(*previous, *i)'
Assertion failed on expression: 'pred(*previous, *i)'
Assertion failed on expression: 'pred(*previous, *i)'
Assertion failed on expression: 'pred(*previous, *i)'
Assertion failed on expression: 'pred(*previous, *i)'
Assertion failed on expression: 'pred(*previous, *i)'
Assertion failed on expression: 'pred(*previous, *i)'
Assertion failed on expression: 'pred(*previous, *i)'
Assertion failed on expression: 'pred(*previous, *i)'
Assertion failed on expression: 'pred(*previous, *i)'
Assertion failed on expression: 'pred(*previous, *i)'
Assertion failed on expression: 'pred(*previous, *i)'
Assertion failed on expression: 'pred(*previous, *i)'
Assertion failed on expression: 'pred(*previous, *i)'
Assertion failed on expression: 'pred(*previous, *i)'
Assertion failed on expression: 'pred(*previous, *i)'
Assertion failed on expression: 'pred(*previous, *i)'
Assertion failed on expression: 'pred(*previous, *i)'
Assertion failed on expression: 'pred(*previous, *i)'
Assertion failed on expression: 'pred(*previous, *i)'
Assertion failed on expression: 'pred(*previous, *i)'
Assertion failed on expression: 'pred(*previous, *i)'
Assertion failed on expression: 'pred(*previous, *i)'
Assertion failed on expression: 'pred(*previous, *i)'
Assertion failed on expression: 'pred(*previous, *i)'
Assertion failed on expression: 'pred(*previous, *i)'
Assertion failed on expression: 'pred(*previous, *i)'
Assertion failed on expression: 'pred(*previous, *i)'
Assertion failed on expression: 'pred(*previous, *i)'
Assertion failed on expression: 'pred(*previous, *i)'
Assertion failed on expression: 'pred(*previous, *i)'
Assertion failed on expression: 'pred(*previous, *i)'
Assertion failed on expression: 'pred(*previous, *i)'
Assertion failed on expression: 'pred(*previous, *i)'
Assertion failed on expression: 'pred(*previous, *i)'
Assertion failed on expression: 'pred(*previous, *i)'
Assertion failed on expression: 'pred(*previous, *i)'
Assertion failed on expression: 'pred(*previous, *i)'
Assertion failed on expression: 'pred(*previous, *i)'
Assertion failed on expression: 'pred(*previous, *i)'
Assertion failed on expression: 'pred(*previous, *i)'
Assertion failed on expression: 'pred(*previous, *i)'
Assertion failed on expression: 'pred(*previous, *i)'
Assertion failed on expression: 'pred(*previous, *i)'
Assertion failed on expression: 'pred(*previous, *i)'
Assertion failed on expression: 'pred(*previous, *i)'
Assertion failed on expression: 'pred(*previous, *i)'
Assertion failed on expression: 'pred(*previous, *i)'
Assertion failed on expression: 'pred(*previous, *i)'
Assertion failed on expression: 'pred(*previous, *i)'
Assertion failed on expression: 'pred(*previous, *i)'
Assertion failed on expression: 'pred(*previous, *i)'
Assertion failed on expression: 'pred(*previous, *i)'
Assertion failed on expression: 'pred(*previous, *i)'
Assertion failed on expression: 'pred(*previous, *i)'
Assertion failed on expression: 'pred(*previous, *i)'
Assertion failed on expression: 'pred(*previous, *i)'
Assertion failed on expression: 'pred(*previous, *i)'
Assertion failed on expression: 'pred(*previous, *i)'
Assertion failed on expression: 'pred(*previous, *i)'
Assertion failed on expression: 'pred(*previous, *i)'
Assertion failed on expression: 'pred(*previous, *i)'
Assertion failed on expression: 'pred(*previous, *i)'
Assertion failed on expression: 'pred(*previous, *i)'
Assertion failed on expression: 'pred(*previous, *i)'
Assertion failed on expression: 'pred(*previous, *i)'
Assertion failed on expression: 'pred(*previous, *i)'
Assertion failed on expression: 'pred(*previous, *i)'
Assertion failed on expression: 'pred(*previous, *i)'
Assertion failed on expression: 'pred(*previous, *i)'
Assertion failed on expression: 'pred(*previous, *i)'
Assertion failed on expression: 'pred(*previous, *i)'
Assertion failed on expression: 'pred(*previous, *i)'
Assertion failed on expression: 'pred(*previous, *i)'
Assertion failed on expression: 'pred(*previous, *i)'
Assertion failed on expression: 'pred(*previous, *i)'
Assertion failed on expression: 'pred(*previous, *i)'
Assertion failed on expression: 'pred(*previous, *i)'
Assertion failed on expression: 'pred(*previous, *i)'
Assertion failed on expression: 'pred(*previous, *i)'
Assertion failed on expression: 'pred(*previous, *i)'
Assertion failed on expression: 'pred(*previous, *i)'
Assertion failed on expression: 'pred(*previous, *i)'
Assertion failed on expression: 'pred(*previous, *i)'
Assertion failed on expression: 'pred(*previous, *i)'
Assertion failed on expression: 'pred(*previous, *i)'
Assertion failed on expression: 'pred(*previous, *i)'
Assertion failed on expression: 'pred(*previous, *i)'
Assertion failed on expression: 'pred(*previous, *i)'
Assertion failed on expression: 'pred(*previous, *i)'
Assertion failed on expression: 'pred(*previous, *i)'
Assertion failed on expression: 'pred(*previous, *i)'
Assertion failed on expression: 'pred(*previous, *i)'
Assertion failed on expression: 'pred(*previous, *i)'
Assertion failed on expression: 'pred(*previous, *i)'
Assertion failed on expression: 'pred(*previous, *i)'
Assertion failed on expression: 'pred(*previous, *i)'
Assertion failed on expression: 'pred(*previous, *i)'
Assertion failed on expression: 'pred(*previous, *i)'
Assertion failed on expression: 'pred(*previous, *i)'
Assertion failed on expression: 'pred(*previous, *i)'
Assertion failed on expression: 'pred(*previous, *i)'
Assertion failed on expression: 'pred(*previous, *i)'
Assertion failed on expression: 'pred(*previous, *i)'
Assertion failed on expression: 'pred(*previous, *i)'
Assertion failed on expression: 'pred(*previous, *i)'
Assertion failed on expression: 'pred(*previous, *i)'
Assertion failed on expression: 'pred(*previous, *i)'
Assertion failed on expression: 'pred(*previous, *i)'
Assertion failed on expression: 'pred(*previous, *i)'
Assertion failed on expression: 'pred(*previous, *i)'
Assertion failed on expression: 'pred(*previous, *i)'
Assertion failed on expression: 'pred(*previous, *i)'
Assertion failed on expression: 'pred(*previous, *i)'
Assertion failed on expression: 'pred(*previous, *i)'
Assertion failed on expression: 'pred(*previous, *i)'
Assertion failed on expression: 'pred(*previous, *i)'
Assertion failed on expression: 'pred(*previous, *i)'
Assertion failed on expression: 'pred(*previous, *i)'
Assertion failed on expression: 'pred(*previous, *i)'
Assertion failed on expression: 'pred(*previous, *i)'
Assertion failed on expression: 'pred(*previous, *i)'
Assertion failed on expression: 'pred(*previous, *i)'
Assertion failed on expression: 'pred(*previous, *i)'
Assertion failed on expression: 'pred(*previous, *i)'
Assertion failed on expression: 'pred(*previous, *i)'
Assertion failed on expression: 'pred(*previous, *i)'
Assertion failed on expression: 'pred(*previous, *i)'
Assertion failed on expression: 'pred(*previous, *i)'
Assertion failed on expression: 'pred(*previous, *i)'
Assertion failed on expression: 'pred(*previous, *i)'
Assertion failed on expression: 'pred(*previous, *i)'
Assertion failed on expression: 'pred(*previous, *i)'
Assertion failed on expression: 'pred(*previous, *i)'
Assertion failed on expression: 'pred(*previous, *i)'
Assertion failed on expression: 'pred(*previous, *i)'
Assertion failed on expression: 'pred(*previous, *i)'
Assertion failed on expression: 'pred(*previous, *i)'
Assertion failed on expression: 'pred(*previous, *i)'
Assertion failed on expression: 'pred(*previous, *i)'
Assertion failed on expression: 'pred(*previous, *i)'
Assertion failed on expression: 'pred(*previous, *i)'
Assertion failed on expression: 'pred(*previous, *i)'
Assertion failed on expression: 'pred(*previous, *i)'
Assertion failed on expression: 'pred(*previous, *i)'
Assertion failed on expression: 'pred(*previous, *i)'
Assertion failed on expression: 'pred(*previous, *i)'
Assertion failed on expression: 'pred(*previous, *i)'
Assertion failed on expression: 'pred(*previous, *i)'
Assertion failed on expression: 'pred(*previous, *i)'
Assertion failed on expression: 'pred(*previous, *i)'
Assertion failed on expression: 'pred(*previous, *i)'
Assertion failed on expression: 'pred(*previous, *i)'
Assertion failed on expression: 'pred(*previous, *i)'
Assertion failed on expression: 'pred(*previous, *i)'
Assertion failed on expression: 'pred(*previous, *i)'
Assertion failed on expression: 'pred(*previous, *i)'
Assertion failed on expression: 'pred(*previous, *i)'
Assertion failed on expression: 'pred(*previous, *i)'
Assertion failed on expression: 'pred(*previous, *i)'
Assertion failed on expression: 'pred(*previous, *i)'
Assertion failed on expression: 'pred(*previous, *i)'
Assertion failed on expression: 'pred(*previous, *i)'
Assertion failed on expression: 'pred(*previous, *i)'
Assertion failed on expression: 'pred(*previous, *i)'
Assertion failed on expression: 'pred(*previous, *i)'
Assertion failed on expression: 'pred(*previous, *i)'
Assertion failed on expression: 'pred(*previous, *i)'
Assertion failed on expression: 'pred(*previous, *i)'
Assertion failed on expression: 'pred(*previous, *i)'
Assertion failed on expression: 'pred(*previous, *i)'
Assertion failed on expression: 'pred(*previous, *i)'
Assertion failed on expression: 'pred(*previous, *i)'
Assertion failed on expression: 'pred(*previous, *i)'
Assertion failed on expression: 'pred(*previous, *i)'
Assertion failed on expression: 'pred(*previous, *i)'
Assertion failed on expression: 'pred(*previous, *i)'
Assertion failed on expression: 'pred(*previous, *i)'
Assertion failed on expression: 'pred(*previous, *i)'
Assertion failed on expression: 'pred(*previous, *i)'
Assertion failed on expression: 'pred(*previous, *i)'
Assertion failed on expression: 'pred(*previous, *i)'
Assertion failed on expression: 'pred(*previous, *i)'
Assertion failed on expression: 'pred(*previous, *i)'
Assertion failed on expression: 'pred(*previous, *i)'
Assertion failed on expression: 'pred(*previous, *i)'
Assertion failed on expression: 'pred(*previous, *i)'
Assertion failed on expression: 'pred(*previous, *i)'
Assertion failed on expression: 'pred(*previous, *i)'
Assertion failed on expression: 'pred(*previous, *i)'
Assertion failed on expression: 'pred(*previous, *i)'
Assertion failed on expression: 'pred(*previous, *i)'
Assertion failed on expression: 'pred(*previous, *i)'
Assertion failed on expression: 'pred(*previous, *i)'
Assertion failed on expression: 'pred(*previous, *i)'
Assertion failed on expression: 'pred(*previous, *i)'
Assertion failed on expression: 'pred(*previous, *i)'
Assertion failed on expression: 'pred(*previous, *i)'
Assertion failed on expression: 'pred(*previous, *i)'
Assertion failed on expression: 'pred(*previous, *i)'
Assertion failed on expression: 'pred(*previous, *i)'
Assertion failed on expression: 'pred(*previous, *i)'
Assertion failed on expression: 'pred(*previous, *i)'
Assertion failed on expression: 'pred(*previous, *i)'
Assertion failed on expression: 'pred(*previous, *i)'
Assertion failed on expression: 'pred(*previous, *i)'
Assertion failed on expression: 'pred(*previous, *i)'
Assertion failed on expression: 'pred(*previous, *i)'
Assertion failed on expression: 'pred(*previous, *i)'
Assertion failed on expression: 'pred(*previous, *i)'
Assertion failed on expression: 'pred(*previous, *i)'
Assertion failed on expression: 'pred(*previous, *i)'
Assertion failed on expression: 'pred(*previous, *i)'
Assertion failed on expression: 'pred(*previous, *i)'
Assertion failed on expression: 'pred(*previous, *i)'
Assertion failed on expression: 'pred(*previous, *i)'
Assertion failed on expression: 'pred(*previous, *i)'
Assertion failed on expression: 'pred(*previous, *i)'
Assertion failed on expression: 'pred(*previous, *i)'
Assertion failed on expression: 'pred(*previous, *i)'
Assertion failed on expression: 'pred(*previous, *i)'
Assertion failed on expression: 'pred(*previous, *i)'
Assertion failed on expression: 'pred(*previous, *i)'
Assertion failed on expression: 'pred(*previous, *i)'
Assertion failed on expression: 'pred(*previous, *i)'
Assertion failed on expression: 'pred(*previous, *i)'
Assertion failed on expression: 'pred(*previous, *i)'
Assertion failed on expression: 'pred(*previous, *i)'
Assertion failed on expression: 'pred(*previous, *i)'
Assertion failed on expression: 'pred(*previous, *i)'
Assertion failed on expression: 'pred(*previous, *i)'
Assertion failed on expression: 'pred(*previous, *i)'
Assertion failed on expression: 'pred(*previous, *i)'
Assertion failed on expression: 'pred(*previous, *i)'
Assertion failed on expression: 'pred(*previous, *i)'
Assertion failed on expression: 'pred(*previous, *i)'
Assertion failed on expression: 'pred(*previous, *i)'
Assertion failed on expression: 'pred(*previous, *i)'
Assertion failed on expression: 'pred(*previous, *i)'
Assertion failed on expression: 'pred(*previous, *i)'
Assertion failed on expression: 'pred(*previous, *i)'
Assertion failed on expression: 'pred(*previous, *i)'
Assertion failed on expression: 'pred(*previous, *i)'
Assertion failed on expression: 'pred(*previous, *i)'
Assertion failed on expression: 'pred(*previous, *i)'
Assertion failed on expression: 'pred(*previous, *i)'
Assertion failed on expression: 'pred(*previous, *i)'
Assertion failed on expression: 'pred(*previous, *i)'
Assertion failed on expression: 'pred(*previous, *i)'
Assertion failed on expression: 'pred(*previous, *i)'
Assertion failed on expression: 'pred(*previous, *i)'
Assertion failed on expression: 'pred(*previous, *i)'
Assertion failed on expression: 'pred(*previous, *i)'
Assertion failed on expression: 'pred(*previous, *i)'
Assertion failed on expression: 'pred(*previous, *i)'
Assertion failed on expression: 'pred(*previous, *i)'
Assertion failed on expression: 'pred(*previous, *i)'
Assertion failed on expression: 'pred(*previous, *i)'
Assertion failed on expression: 'pred(*previous, *i)'
Assertion failed on expression: 'pred(*previous, *i)'
Assertion failed on expression: 'pred(*previous, *i)'
Assertion failed on expression: 'pred(*previous, *i)'
Assertion failed on expression: 'pred(*previous, *i)'
Assertion failed on expression: 'pred(*previous, *i)'
Assertion failed on expression: 'pred(*previous, *i)'
Assertion failed on expression: 'pred(*previous, *i)'
Assertion failed on expression: 'pred(*previous, *i)'
Assertion failed on expression: 'pred(*previous, *i)'
Assertion failed on expression: 'pred(*previous, *i)'
Assertion failed on expression: 'pred(*previous, *i)'
Assertion failed on expression: 'pred(*previous, *i)'
Assertion failed on expression: 'pred(*previous, *i)'
Assertion failed on expression: 'pred(*previous, *i)'
Assertion failed on expression: 'pred(*previous, *i)'
Assertion failed on expression: 'pred(*previous, *i)'
Assertion failed on expression: 'pred(*previous, *i)'
Assertion failed on expression: 'pred(*previous, *i)'
Assertion failed on expression: 'pred(*previous, *i)'
Assertion failed on expression: 'pred(*previous, *i)'
Assertion failed on expression: 'pred(*previous, *i)'
Assertion failed on expression: 'pred(*previous, *i)'
Assertion failed on expression: 'pred(*previous, *i)'
Assertion failed on expression: 'pred(*previous, *i)'
Assertion failed on expression: 'pred(*previous, *i)'
Assertion failed on expression: 'pred(*previous, *i)'
Assertion failed on expression: 'pred(*previous, *i)'
Assertion failed on expression: 'pred(*previous, *i)'
Assertion failed on expression: 'pred(*previous, *i)'
Assertion failed on expression: 'pred(*previous, *i)'
Assertion failed on expression: 'pred(*previous, *i)'
Assertion failed on expression: 'pred(*previous, *i)'
Assertion failed on expression: 'pred(*previous, *i)'
Assertion failed on expression: 'pred(*previous, *i)'
Assertion failed on expression: 'pred(*previous, *i)'
Assertion failed on expression: 'pred(*previous, *i)'
Assertion failed on expression: 'pred(*previous, *i)'
Assertion failed on expression: 'pred(*previous, *i)'
Assertion failed on expression: 'pred(*previous, *i)'
Assertion failed on expression: 'pred(*previous, *i)'
Assertion failed on expression: 'pred(*previous, *i)'
Assertion failed on expression: 'pred(*previous, *i)'
Assertion failed on expression: 'pred(*previous, *i)'
Assertion failed on expression: 'pred(*previous, *i)'
Assertion failed on expression: 'pred(*previous, *i)'
Assertion failed on expression: 'pred(*previous, *i)'
Assertion failed on expression: 'pred(*previous, *i)'
Assertion failed on expression: 'pred(*previous, *i)'
Assertion failed on expression: 'pred(*previous, *i)'
Assertion failed on expression: 'pred(*previous, *i)'
Assertion failed on expression: 'pred(*previous, *i)'
Assertion failed on expression: 'pred(*previous, *i)'
Assertion failed on expression: 'pred(*previous, *i)'
Assertion failed on expression: 'pred(*previous, *i)'
Assertion failed on expression: 'pred(*previous, *i)'
Assertion failed on expression: 'pred(*previous, *i)'
Assertion failed on expression: 'pred(*previous, *i)'
Assertion failed on expression: 'pred(*previous, *i)'
Assertion failed on expression: 'pred(*previous, *i)'
Assertion failed on expression: 'pred(*previous, *i)'
Assertion failed on expression: 'pred(*previous, *i)'
Assertion failed on expression: 'pred(*previous, *i)'
Assertion failed on expression: 'pred(*previous, *i)'
Assertion failed on expression: 'pred(*previous, *i)'
Assertion failed on expression: 'pred(*previous, *i)'
Assertion failed on expression: 'pred(*previous, *i)'
Assertion failed on expression: 'pred(*previous, *i)'
Assertion failed on expression: 'pred(*previous, *i)'
Assertion failed on expression: 'pred(*previous, *i)'
Assertion failed on expression: 'pred(*previous, *i)'
Assertion failed on expression: 'pred(*previous, *i)'
Assertion failed on expression: 'pred(*previous, *i)'
Assertion failed on expression: 'pred(*previous, *i)'
Assertion failed on expression: 'pred(*previous, *i)'
Assertion failed on expression: 'pred(*previous, *i)'
Assertion failed on expression: 'pred(*previous, *i)'
Assertion failed on expression: 'pred(*previous, *i)'
Assertion failed on expression: 'pred(*previous, *i)'
Assertion failed on expression: 'pred(*previous, *i)'
Assertion failed on expression: 'pred(*previous, *i)'
Assertion failed on expression: 'pred(*previous, *i)'
Assertion failed on expression: 'pred(*previous, *i)'
Assertion failed on expression: 'pred(*previous, *i)'
Assertion failed on expression: 'pred(*previous, *i)'
Assertion failed on expression: 'pred(*previous, *i)'
Assertion failed on expression: 'pred(*previous, *i)'
Assertion failed on expression: 'pred(*previous, *i)'
Assertion failed on expression: 'pred(*previous, *i)'
Assertion failed on expression: 'pred(*previous, *i)'
Assertion failed on expression: 'pred(*previous, *i)'
Assertion failed on expression: 'pred(*previous, *i)'
Assertion failed on expression: 'pred(*previous, *i)'
Assertion failed on expression: 'pred(*previous, *i)'
Assertion failed on expression: 'pred(*previous, *i)'
Assertion failed on expression: 'pred(*previous, *i)'
Assertion failed on expression: 'pred(*previous, *i)'
Assertion failed on expression: 'pred(*previous, *i)'
Assertion failed on expression: 'pred(*previous, *i)'
Assertion failed on expression: 'pred(*previous, *i)'
Assertion failed on expression: 'pred(*previous, *i)'
Assertion failed on expression: 'pred(*previous, *i)'
Assertion failed on expression: 'pred(*previous, *i)'
Assertion failed on expression: 'pred(*previous, *i)'
Assertion failed on expression: 'pred(*previous, *i)'
Assertion failed on expression: 'pred(*previous, *i)'
Assertion failed on expression: 'pred(*previous, *i)'
Assertion failed on expression: 'pred(*previous, *i)'
Assertion failed on expression: 'pred(*previous, *i)'
Assertion failed on expression: 'pred(*previous, *i)'
Assertion failed on expression: 'pred(*previous, *i)'
Assertion failed on expression: 'pred(*previous, *i)'
Assertion failed on expression: 'pred(*previous, *i)'
Assertion failed on expression: 'pred(*previous, *i)'
Assertion failed on expression: 'pred(*previous, *i)'
Assertion failed on expression: 'pred(*previous, *i)'
Assertion failed on expression: 'pred(*previous, *i)'
Assertion failed on expression: 'pred(*previous, *i)'
Assertion failed on expression: 'pred(*previous, *i)'
Assertion failed on expression: 'pred(*previous, *i)'
Assertion failed on expression: 'pred(*previous, *i)'
Assertion failed on expression: 'pred(*previous, *i)'
Assertion failed on expression: 'pred(*previous, *i)'
Assertion failed on expression: 'pred(*previous, *i)'
Assertion failed on expression: 'pred(*previous, *i)'
Assertion failed on expression: 'pred(*previous, *i)'
Assertion failed on expression: 'pred(*previous, *i)'
Assertion failed on expression: 'pred(*previous, *i)'
Assertion failed on expression: 'pred(*previous, *i)'
Assertion failed on expression: 'pred(*previous, *i)'
Assertion failed on expression: 'pred(*previous, *i)'
Assertion failed on expression: 'pred(*previous, *i)'
Assertion failed on expression: 'pred(*previous, *i)'
Assertion failed on expression: 'pred(*previous, *i)'
Assertion failed on expression: 'pred(*previous, *i)'
Assertion failed on expression: 'pred(*previous, *i)'
Assertion failed on expression: 'pred(*previous, *i)'
Assertion failed on expression: 'pred(*previous, *i)'
Assertion failed on expression: 'pred(*previous, *i)'
Assertion failed on expression: 'pred(*previous, *i)'
Assertion failed on expression: 'pred(*previous, *i)'
Assertion failed on expression: 'pred(*previous, *i)'
Assertion failed on expression: 'pred(*previous, *i)'
Assertion failed on expression: 'pred(*previous, *i)'
Assertion failed on expression: 'pred(*previous, *i)'
Assertion failed on expression: 'pred(*previous, *i)'
Assertion failed on expression: 'pred(*previous, *i)'
Assertion failed on expression: 'pred(*previous, *i)'
Assertion failed on expression: 'pred(*previous, *i)'
Assertion failed on expression: 'pred(*previous, *i)'
Assertion failed on expression: 'pred(*previous, *i)'
Assertion failed on expression: 'pred(*previous, *i)'
Assertion failed on expression: 'pred(*previous, *i)'
Assertion failed on expression: 'pred(*previous, *i)'
Assertion failed on expression: 'pred(*previous, *i)'
Assertion failed on expression: 'pred(*previous, *i)'
Assertion failed on expression: 'pred(*previous, *i)'
Assertion failed on expression: 'pred(*previous, *i)'
Assertion failed on expression: 'pred(*previous, *i)'
Assertion failed on expression: 'pred(*previous, *i)'
Assertion failed on expression: 'pred(*previous, *i)'
Assertion failed on expression: 'pred(*previous, *i)'
Assertion failed on expression: 'pred(*previous, *i)'
Assertion failed on expression: 'pred(*previous, *i)'
Assertion failed on expression: 'pred(*previous, *i)'
Assertion failed on expression: 'pred(*previous, *i)'
Assertion failed on expression: 'pred(*previous, *i)'
Assertion failed on expression: 'pred(*previous, *i)'
Assertion failed on expression: 'pred(*previous, *i)'
Assertion failed on expression: 'pred(*previous, *i)'
Assertion failed on expression: 'pred(*previous, *i)'
Assertion failed on expression: 'pred(*previous, *i)'
Assertion failed on expression: 'pred(*previous, *i)'
Assertion failed on expression: 'pred(*previous, *i)'
Assertion failed on expression: 'pred(*previous, *i)'
Assertion failed on expression: 'pred(*previous, *i)'
Assertion failed on expression: 'pred(*previous, *i)'
Assertion failed on expression: 'pred(*previous, *i)'
Assertion failed on expression: 'pred(*previous, *i)'
Assertion failed on expression: 'pred(*previous, *i)'
Assertion failed on expression: 'pred(*previous, *i)'
Assertion failed on expression: 'pred(*previous, *i)'
Assertion failed on expression: 'pred(*previous, *i)'
Assertion failed on expression: 'pred(*previous, *i)'
Assertion failed on expression: 'pred(*previous, *i)'
Assertion failed on expression: 'pred(*previous, *i)'
Assertion failed on expression: 'pred(*previous, *i)'
Assertion failed on expression: 'pred(*previous, *i)'
Assertion failed on expression: 'pred(*previous, *i)'
Assertion failed on expression: 'pred(*previous, *i)'
Assertion failed on expression: 'pred(*previous, *i)'
Assertion failed on expression: 'pred(*previous, *i)'
Assertion failed on expression: 'pred(*previous, *i)'
Assertion failed on expression: 'pred(*previous, *i)'
Assertion failed on expression: 'pred(*previous, *i)'
Assertion failed on expression: 'pred(*previous, *i)'
Assertion failed on expression: 'pred(*previous, *i)'
Assertion failed on expression: 'pred(*previous, *i)'
Assertion failed on expression: 'pred(*previous, *i)'
Assertion failed on expression: 'pred(*previous, *i)'
Assertion failed on expression: 'pred(*previous, *i)'
Assertion failed on expression: 'pred(*previous, *i)'
Assertion failed on expression: 'pred(*previous, *i)'
Assertion failed on expression: 'pred(*previous, *i)'
Assertion failed on expression: 'pred(*previous, *i)'
Assertion failed on expression: 'pred(*previous, *i)'
Assertion failed on expression: 'pred(*previous, *i)'
Assertion failed on expression: 'pred(*previous, *i)'
Assertion failed on expression: 'pred(*previous, *i)'
Assertion failed on expression: 'pred(*previous, *i)'
Assertion failed on expression: 'pred(*previous, *i)'
Assertion failed on expression: 'pred(*previous, *i)'
Assertion failed on expression: 'pred(*previous, *i)'
Assertion failed on expression: 'pred(*previous, *i)'
Assertion failed on expression: 'pred(*previous, *i)'
Assertion failed on expression: 'pred(*previous, *i)'
Assertion failed on expression: 'pred(*previous, *i)'
Assertion failed on expression: 'pred(*previous, *i)'
Assertion failed on expression: 'pred(*previous, *i)'
Assertion failed on expression: 'pred(*previous, *i)'
Assertion failed on expression: 'pred(*previous, *i)'
Assertion failed on expression: 'pred(*previous, *i)'
Assertion failed on expression: 'pred(*previous, *i)'
Assertion failed on expression: 'pred(*previous, *i)'
Assertion failed on expression: 'pred(*previous, *i)'
Assertion failed on expression: 'pred(*previous, *i)'
Assertion failed on expression: 'pred(*previous, *i)'
Assertion failed on expression: 'pred(*previous, *i)'
Assertion failed on expression: 'pred(*previous, *i)'
Assertion failed on expression: 'pred(*previous, *i)'
Assertion failed on expression: 'pred(*previous, *i)'
Assertion failed on expression: 'pred(*previous, *i)'
Assertion failed on expression: 'pred(*previous, *i)'
Assertion failed on expression: 'pred(*previous, *i)'
Assertion failed on expression: 'pred(*previous, *i)'
Assertion failed on expression: 'pred(*previous, *i)'
Assertion failed on expression: 'pred(*previous, *i)'
Assertion failed on expression: 'pred(*previous, *i)'
Assertion failed on expression: 'pred(*previous, *i)'
Assertion failed on expression: 'pred(*previous, *i)'
Assertion failed on expression: 'pred(*previous, *i)'
Assertion failed on expression: 'pred(*previous, *i)'
Assertion failed on expression: 'pred(*previous, *i)'
Assertion failed on expression: 'pred(*previous, *i)'
Assertion failed on expression: 'pred(*previous, *i)'
Assertion failed on expression: 'pred(*previous, *i)'
Assertion failed on expression: 'pred(*previous, *i)'
Assertion failed on expression: 'pred(*previous, *i)'
Assertion failed on expression: 'pred(*previous, *i)'
Assertion failed on expression: 'pred(*previous, *i)'
Assertion failed on expression: 'pred(*previous, *i)'
Assertion failed on expression: 'pred(*previous, *i)'
Assertion failed on expression: 'pred(*previous, *i)'
Assertion failed on expression: 'pred(*previous, *i)'
Assertion failed on expression: 'pred(*previous, *i)'
Assertion failed on expression: 'pred(*previous, *i)'
Assertion failed on expression: 'pred(*previous, *i)'
Assertion failed on expression: 'pred(*previous, *i)'
Assertion failed on expression: 'pred(*previous, *i)'
Assertion failed on expression: 'pred(*previous, *i)'
Assertion failed on expression: 'pred(*previous, *i)'
Assertion failed on expression: 'pred(*previous, *i)'
Assertion failed on expression: 'pred(*previous, *i)'
Assertion failed on expression: 'pred(*previous, *i)'
Assertion failed on expression: 'pred(*previous, *i)'
Assertion failed on expression: 'pred(*previous, *i)'
Assertion failed on expression: 'pred(*previous, *i)'
Assertion failed on expression: 'pred(*previous, *i)'
Assertion failed on expression: 'pred(*previous, *i)'
Assertion failed on expression: 'pred(*previous, *i)'
Assertion failed on expression: 'pred(*previous, *i)'
Assertion failed on expression: 'pred(*previous, *i)'
Assertion failed on expression: 'pred(*previous, *i)'
Assertion failed on expression: 'pred(*previous, *i)'
Assertion failed on expression: 'pred(*previous, *i)'
Assertion failed on expression: 'pred(*previous, *i)'
Assertion failed on expression: 'pred(*previous, *i)'
Assertion failed on expression: 'pred(*previous, *i)'
Assertion failed on expression: 'pred(*previous, *i)'
Assertion failed on expression: 'pred(*previous, *i)'
Assertion failed on expression: 'pred(*previous, *i)'
Assertion failed on expression: 'pred(*previous, *i)'
Assertion failed on expression: 'pred(*previous, *i)'
Assertion failed on expression: 'pred(*previous, *i)'
Assertion failed on expression: 'pred(*previous, *i)'
Assertion failed on expression: 'pred(*previous, *i)'
Assertion failed on expression: 'pred(*previous, *i)'
Assertion failed on expression: 'pred(*previous, *i)'
Assertion failed on expression: 'pred(*previous, *i)'
Assertion failed on expression: 'pred(*previous, *i)'
Assertion failed on expression: 'pred(*previous, *i)'
Assertion failed on expression: 'pred(*previous, *i)'
Assertion failed on expression: 'pred(*previous, *i)'
Assertion failed on expression: 'pred(*previous, *i)'
Assertion failed on expression: 'pred(*previous, *i)'
Assertion failed on expression: 'pred(*previous, *i)'
Assertion failed on expression: 'pred(*previous, *i)'
Assertion failed on expression: 'pred(*previous, *i)'
Assertion failed on expression: 'pred(*previous, *i)'
Assertion failed on expression: 'pred(*previous, *i)'
Assertion failed on expression: 'pred(*previous, *i)'
Assertion failed on expression: 'pred(*previous, *i)'
Assertion failed on expression: 'pred(*previous, *i)'
Assertion failed on expression: 'pred(*previous, *i)'
Assertion failed on expression: 'pred(*previous, *i)'
Assertion failed on expression: 'pred(*previous, *i)'
Assertion failed on expression: 'pred(*previous, *i)'
Assertion failed on expression: 'pred(*previous, *i)'
Assertion failed on expression: 'pred(*previous, *i)'
Assertion failed on expression: 'pred(*previous, *i)'
Assertion failed on expression: 'pred(*previous, *i)'
Assertion failed on expression: 'pred(*previous, *i)'
Assertion failed on expression: 'pred(*previous, *i)'
Assertion failed on expression: 'pred(*previous, *i)'
Assertion failed on expression: 'pred(*previous, *i)'
Assertion failed on expression: 'pred(*previous, *i)'
Assertion failed on expression: 'pred(*previous, *i)'
Assertion failed on expression: 'pred(*previous, *i)'
Assertion failed on expression: 'pred(*previous, *i)'
Assertion failed on expression: 'pred(*previous, *i)'
Assertion failed on expression: 'pred(*previous, *i)'
Assertion failed on expression: 'pred(*previous, *i)'
Assertion failed on expression: 'pred(*previous, *i)'
Assertion failed on expression: 'pred(*previous, *i)'
Assertion failed on expression: 'pred(*previous, *i)'
Assertion failed on expression: 'pred(*previous, *i)'
Assertion failed on expression: 'pred(*previous, *i)'
Assertion failed on expression: 'pred(*previous, *i)'
Assertion failed on expression: 'pred(*previous, *i)'
Assertion failed on expression: 'pred(*previous, *i)'
Assertion failed on expression: 'pred(*previous, *i)'
Assertion failed on expression: 'pred(*previous, *i)'
Assertion failed on expression: 'pred(*previous, *i)'
Assertion failed on expression: 'pred(*previous, *i)'
Assertion failed on expression: 'pred(*previous, *i)'
Assertion failed on expression: 'pred(*previous, *i)'
Assertion failed on expression: 'pred(*previous, *i)'
Assertion failed on expression: 'pred(*previous, *i)'
Assertion failed on expression: 'pred(*previous, *i)'
Assertion failed on expression: 'pred(*previous, *i)'
Assertion failed on expression: 'pred(*previous, *i)'
Assertion failed on expression: 'pred(*previous, *i)'
Assertion failed on expression: 'pred(*previous, *i)'
Assertion failed on expression: 'pred(*previous, *i)'
Assertion failed on expression: 'pred(*previous, *i)'
Assertion failed on expression: 'pred(*previous, *i)'
Assertion failed on expression: 'pred(*previous, *i)'
Assertion failed on expression: 'pred(*previous, *i)'
Assertion failed on expression: 'pred(*previous, *i)'
Assertion failed on expression: 'pred(*previous, *i)'
Assertion failed on expression: 'pred(*previous, *i)'
Assertion failed on expression: 'pred(*previous, *i)'
Assertion failed on expression: 'pred(*previous, *i)'
Assertion failed on expression: 'pred(*previous, *i)'
Assertion failed on expression: 'pred(*previous, *i)'
Assertion failed on expression: 'pred(*previous, *i)'
Assertion failed on expression: 'pred(*previous, *i)'
Assertion failed on expression: 'pred(*previous, *i)'
Assertion failed on expression: 'pred(*previous, *i)'
Assertion failed on expression: 'pred(*previous, *i)'
Assertion failed on expression: 'pred(*previous, *i)'
Assertion failed on expression: 'pred(*previous, *i)'
Assertion failed on expression: 'pred(*previous, *i)'
Assertion failed on expression: 'pred(*previous, *i)'
Assertion failed on expression: 'pred(*previous, *i)'
Assertion failed on expression: 'pred(*previous, *i)'
Assertion failed on expression: 'pred(*previous, *i)'
Assertion failed on expression: 'pred(*previous, *i)'
Assertion failed on expression: 'pred(*previous, *i)'
Assertion failed on expression: 'pred(*previous, *i)'
Assertion failed on expression: 'pred(*previous, *i)'
Assertion failed on expression: 'pred(*previous, *i)'
Assertion failed on expression: 'pred(*previous, *i)'
Assertion failed on expression: 'pred(*previous, *i)'
Assertion failed on expression: 'pred(*previous, *i)'
Assertion failed on expression: 'pred(*previous, *i)'
Assertion failed on expression: 'pred(*previous, *i)'
Assertion failed on expression: 'pred(*previous, *i)'
Assertion failed on expression: 'pred(*previous, *i)'
Assertion failed on expression: 'pred(*previous, *i)'
Assertion failed on expression: 'pred(*previous, *i)'
Assertion failed on expression: 'pred(*previous, *i)'
Assertion failed on expression: 'pred(*previous, *i)'
Assertion failed on expression: 'pred(*previous, *i)'
Assertion failed on expression: 'pred(*previous, *i)'
Assertion failed on expression: 'pred(*previous, *i)'
Assertion failed on expression: 'pred(*previous, *i)'
Assertion failed on expression: 'pred(*previous, *i)'
Assertion failed on expression: 'pred(*previous, *i)'
Assertion failed on expression: 'pred(*previous, *i)'
Assertion failed on expression: 'pred(*previous, *i)'
Assertion failed on expression: 'pred(*previous, *i)'
Assertion failed on expression: 'pred(*previous, *i)'
Assertion failed on expression: 'pred(*previous, *i)'
Assertion failed on expression: 'pred(*previous, *i)'
Assertion failed on expression: 'pred(*previous, *i)'
Assertion failed on expression: 'pred(*previous, *i)'
Assertion failed on expression: 'pred(*previous, *i)'
Assertion failed on expression: 'pred(*previous, *i)'
Assertion failed on expression: 'pred(*previous, *i)'
Assertion failed on expression: 'pred(*previous, *i)'
Assertion failed on expression: 'pred(*previous, *i)'
Assertion failed on expression: 'pred(*previous, *i)'
Assertion failed on expression: 'pred(*previous, *i)'
Assertion failed on expression: 'pred(*previous, *i)'
Assertion failed on expression: 'pred(*previous, *i)'
Assertion failed on expression: 'pred(*previous, *i)'
Assertion failed on expression: 'pred(*previous, *i)'
Assertion failed on expression: 'pred(*previous, *i)'
Assertion failed on expression: 'pred(*previous, *i)'
Assertion failed on expression: 'pred(*previous, *i)'
Assertion failed on expression: 'pred(*previous, *i)'
Assertion failed on expression: 'pred(*previous, *i)'
Assertion failed on expression: 'pred(*previous, *i)'
Assertion failed on expression: 'pred(*previous, *i)'
Assertion failed on expression: 'pred(*previous, *i)'
Assertion failed on expression: 'pred(*previous, *i)'
Assertion failed on expression: 'pred(*previous, *i)'
Assertion failed on expression: 'pred(*previous, *i)'
Assertion failed on expression: 'pred(*previous, *i)'
Assertion failed on expression: 'pred(*previous, *i)'
Assertion failed on expression: 'pred(*previous, *i)'
Assertion failed on expression: 'pred(*previous, *i)'
Assertion failed on expression: 'pred(*previous, *i)'
Assertion failed on expression: 'pred(*previous, *i)'
Assertion failed on expression: 'pred(*previous, *i)'
Assertion failed on expression: 'pred(*previous, *i)'
Assertion failed on expression: 'pred(*previous, *i)'
Assertion failed on expression: 'pred(*previous, *i)'
Assertion failed on expression: 'pred(*previous, *i)'
Assertion failed on expression: 'pred(*previous, *i)'
Assertion failed on expression: 'pred(*previous, *i)'
Assertion failed on expression: 'pred(*previous, *i)'
Assertion failed on expression: 'pred(*previous, *i)'
Assertion failed on expression: 'pred(*previous, *i)'
Assertion failed on expression: 'pred(*previous, *i)'
Assertion failed on expression: 'pred(*previous, *i)'
Assertion failed on expression: 'pred(*previous, *i)'
Assertion failed on expression: 'pred(*previous, *i)'
Assertion failed on expression: 'pred(*previous, *i)'
Assertion failed on expression: 'pred(*previous, *i)'
Assertion failed on expression: 'pred(*previous, *i)'
Assertion failed on expression: 'pred(*previous, *i)'
Assertion failed on expression: 'pred(*previous, *i)'
Assertion failed on expression: 'pred(*previous, *i)'
Assertion failed on expression: 'pred(*previous, *i)'
Assertion failed on expression: 'pred(*previous, *i)'
Assertion failed on expression: 'pred(*previous, *i)'
Assertion failed on expression: 'pred(*previous, *i)'
Assertion failed on expression: 'pred(*previous, *i)'
Assertion failed on expression: 'pred(*previous, *i)'
Assertion failed on expression: 'pred(*previous, *i)'
Assertion failed on expression: 'pred(*previous, *i)'
Assertion failed on expression: 'pred(*previous, *i)'
Assertion failed on expression: 'pred(*previous, *i)'
Assertion failed on expression: 'pred(*previous, *i)'
Assertion failed on expression: 'pred(*previous, *i)'
Assertion failed on expression: 'pred(*previous, *i)'
Assertion failed on expression: 'pred(*previous, *i)'
Assertion failed on expression: 'pred(*previous, *i)'
Assertion failed on expression: 'pred(*previous, *i)'
Assertion failed on expression: 'pred(*previous, *i)'
Assertion failed on expression: 'pred(*previous, *i)'
Assertion failed on expression: 'pred(*previous, *i)'
Assertion failed on expression: 'pred(*previous, *i)'
Assertion failed on expression: 'pred(*previous, *i)'
Assertion failed on expression: 'pred(*previous, *i)'
Assertion failed on expression: 'pred(*previous, *i)'
Assertion failed on expression: 'pred(*previous, *i)'
Assertion failed on expression: 'pred(*previous, *i)'
Assertion failed on expression: 'pred(*previous, *i)'
Assertion failed on expression: 'pred(*previous, *i)'
Assertion failed on expression: 'pred(*previous, *i)'
Assertion failed on expression: 'pred(*previous, *i)'
Assertion failed on expression: 'pred(*previous, *i)'
Assertion failed on expression: 'pred(*previous, *i)'
Assertion failed on expression: 'pred(*previous, *i)'
Assertion failed on expression: 'pred(*previous, *i)'
Assertion failed on expression: 'pred(*previous, *i)'
Assertion failed on expression: 'pred(*previous, *i)'
Assertion failed on expression: 'pred(*previous, *i)'
Assertion failed on expression: 'pred(*previous, *i)'
Assertion failed on expression: 'pred(*previous, *i)'
Assertion failed on expression: 'pred(*previous, *i)'
Assertion failed on expression: 'pred(*previous, *i)'
Assertion failed on expression: 'pred(*previous, *i)'
Assertion failed on expression: 'pred(*previous, *i)'
Assertion failed on expression: 'pred(*previous, *i)'
Assertion failed on expression: 'pred(*previous, *i)'
Assertion failed on expression: 'pred(*previous, *i)'
Assertion failed on expression: 'pred(*previous, *i)'
Assertion failed on expression: 'pred(*previous, *i)'
Assertion failed on expression: 'pred(*previous, *i)'
Assertion failed on expression: 'pred(*previous, *i)'
Assertion failed on expression: 'pred(*previous, *i)'
Assertion failed on expression: 'pred(*previous, *i)'
Assertion failed on expression: 'pred(*previous, *i)'
Assertion failed on expression: 'pred(*previous, *i)'
Assertion failed on expression: 'pred(*previous, *i)'
Assertion failed on expression: 'pred(*previous, *i)'
Assertion failed on expression: 'pred(*previous, *i)'
Assertion failed on expression: 'pred(*previous, *i)'
Assertion failed on expression: 'pred(*previous, *i)'
Assertion failed on expression: 'pred(*previous, *i)'
Assertion failed on expression: 'pred(*previous, *i)'
Assertion failed on expression: 'pred(*previous, *i)'
Assertion failed on expression: 'pred(*previous, *i)'
Assertion failed on expression: 'pred(*previous, *i)'
Assertion failed on expression: 'pred(*previous, *i)'
Assertion failed on expression: 'pred(*previous, *i)'
Assertion failed on expression: 'pred(*previous, *i)'
Assertion failed on expression: 'pred(*previous, *i)'
Assertion failed on expression: 'pred(*previous, *i)'
Assertion failed on expression: 'pred(*previous, *i)'
Assertion failed on expression: 'pred(*previous, *i)'
Assertion failed on expression: 'pred(*previous, *i)'
Assertion failed on expression: 'pred(*previous, *i)'
Assertion failed on expression: 'pred(*previous, *i)'
Assertion failed on expression: 'pred(*previous, *i)'
Assertion failed on expression: 'pred(*previous, *i)'
Assertion failed on expression: 'pred(*previous, *i)'
Assertion failed on expression: 'pred(*previous, *i)'
Assertion failed on expression: 'pred(*previous, *i)'
Assertion failed on expression: 'pred(*previous, *i)'
Assertion failed on expression: 'pred(*previous, *i)'
Assertion failed on expression: 'pred(*previous, *i)'
Assertion failed on expression: 'pred(*previous, *i)'
Assertion failed on expression: 'pred(*previous, *i)'
Assertion failed on expression: 'pred(*previous, *i)'
Assertion failed on expression: 'pred(*previous, *i)'
Assertion failed on expression: 'pred(*previous, *i)'
Assertion failed on expression: 'pred(*previous, *i)'
Assertion failed on expression: 'pred(*previous, *i)'
Assertion failed on expression: 'pred(*previous, *i)'
Assertion failed on expression: 'pred(*previous, *i)'
Assertion failed on expression: 'pred(*previous, *i)'
Assertion failed on expression: 'pred(*previous, *i)'
Assertion failed on expression: 'pred(*previous, *i)'
Assertion failed on expression: 'pred(*previous, *i)'
Assertion failed on expression: 'pred(*previous, *i)'
Assertion failed on expression: 'pred(*previous, *i)'
Assertion failed on expression: 'pred(*previous, *i)'
Assertion failed on expression: 'pred(*previous, *i)'
Assertion failed on expression: 'pred(*previous, *i)'
Assertion failed on expression: 'pred(*previous, *i)'
Assertion failed on expression: 'pred(*previous, *i)'
Assertion failed on expression: 'pred(*previous, *i)'
Assertion failed on expression: 'pred(*previous, *i)'
Assertion failed on expression: 'pred(*previous, *i)'
Assertion failed on expression: 'pred(*previous, *i)'
Assertion failed on expression: 'pred(*previous, *i)'
Assertion failed on expression: 'pred(*previous, *i)'
Assertion failed on expression: 'pred(*previous, *i)'
Assertion failed on expression: 'pred(*previous, *i)'
Assertion failed on expression: 'pred(*previous, *i)'
Assertion failed on expression: 'pred(*previous, *i)'
Assertion failed on expression: 'pred(*previous, *i)'
Assertion failed on expression: 'pred(*previous, *i)'
Assertion failed on expression: 'pred(*previous, *i)'
Assertion failed on expression: 'pred(*previous, *i)'
Assertion failed on expression: 'pred(*previous, *i)'
Assertion failed on expression: 'pred(*previous, *i)'
Assertion failed on expression: 'pred(*previous, *i)'
Assertion failed on expression: 'pred(*previous, *i)'
Assertion failed on expression: 'pred(*previous, *i)'
Assertion failed on expression: 'pred(*previous, *i)'
Assertion failed on expression: 'pred(*previous, *i)'
Assertion failed on expression: 'pred(*previous, *i)'
Assertion failed on expression: 'pred(*previous, *i)'
Assertion failed on expression: 'pred(*previous, *i)'
Assertion failed on expression: 'pred(*previous, *i)'
Assertion failed on expression: 'pred(*previous, *i)'
Assertion failed on expression: 'pred(*previous, *i)'
Assertion failed on expression: 'pred(*previous, *i)'
Assertion failed on expression: 'pred(*previous, *i)'
Assertion failed on expression: 'pred(*previous, *i)'
Assertion failed on expression: 'pred(*previous, *i)'
Assertion failed on expression: 'pred(*previous, *i)'
Assertion failed on expression: 'pred(*previous, *i)'
Assertion failed on expression: 'pred(*previous, *i)'
Assertion failed on expression: 'pred(*previous, *i)'
Assertion failed on expression: 'pred(*previous, *i)'
Assertion failed on expression: 'pred(*previous, *i)'
Assertion failed on expression: 'pred(*previous, *i)'
Assertion failed on expression: 'pred(*previous, *i)'
Assertion failed on expression: 'pred(*previous, *i)'
Assertion failed on expression: 'pred(*previous, *i)'
Assertion failed on expression: 'pred(*previous, *i)'
Assertion failed on expression: 'pred(*previous, *i)'
Assertion failed on expression: 'pred(*previous, *i)'
Assertion failed on expression: 'pred(*previous, *i)'
Assertion failed on expression: 'pred(*previous, *i)'
Assertion failed on expression: 'pred(*previous, *i)'
Assertion failed on expression: 'pred(*previous, *i)'
Assertion failed on expression: 'pred(*previous, *i)'
Assertion failed on expression: 'pred(*previous, *i)'
Assertion failed on expression: 'pred(*previous, *i)'
Assertion failed on expression: 'pred(*previous, *i)'
Assertion failed on expression: 'pred(*previous, *i)'
Assertion failed on expression: 'pred(*previous, *i)'
Assertion failed on expression: 'pred(*previous, *i)'
Assertion failed on expression: 'pred(*previous, *i)'
Assertion failed on expression: 'pred(*previous, *i)'
Assertion failed on expression: 'pred(*previous, *i)'
Assertion failed on expression: 'pred(*previous, *i)'
Assertion failed on expression: 'pred(*previous, *i)'
Assertion failed on expression: 'pred(*previous, *i)'
Assertion failed on expression: 'pred(*previous, *i)'
Assertion failed on expression: 'pred(*previous, *i)'
Assertion failed on expression: 'pred(*previous, *i)'
Assertion failed on expression: 'pred(*previous, *i)'
Assertion failed on expression: 'pred(*previous, *i)'
Assertion failed on expression: 'pred(*previous, *i)'
Assertion failed on expression: 'pred(*previous, *i)'
Assertion failed on expression: 'pred(*previous, *i)'
Assertion failed on expression: 'pred(*previous, *i)'
Assertion failed on expression: 'pred(*previous, *i)'
Assertion failed on expression: 'pred(*previous, *i)'
Assertion failed on expression: 'pred(*previous, *i)'
Assertion failed on expression: 'pred(*previous, *i)'
Assertion failed on expression: 'pred(*previous, *i)'
Assertion failed on expression: 'pred(*previous, *i)'
Assertion failed on expression: 'pred(*previous, *i)'
Assertion failed on expression: 'pred(*previous, *i)'
Assertion failed on expression: 'pred(*previous, *i)'
Assertion failed on expression: 'pred(*previous, *i)'
Assertion failed on expression: 'pred(*previous, *i)'
Assertion failed on expression: 'pred(*previous, *i)'
Assertion failed on expression: 'pred(*previous, *i)'
Assertion failed on expression: 'pred(*previous, *i)'
Assertion failed on expression: 'pred(*previous, *i)'
Assertion failed on expression: 'pred(*previous, *i)'
Assertion failed on expression: 'pred(*previous, *i)'
Assertion failed on expression: 'pred(*previous, *i)'
Assertion failed on expression: 'pred(*previous, *i)'
Assertion failed on expression: 'pred(*previous, *i)'
Assertion failed on expression: 'pred(*previous, *i)'
Assertion failed on expression: 'pred(*previous, *i)'
Assertion failed on expression: 'pred(*previous, *i)'
Assertion failed on expression: 'pred(*previous, *i)'
Assertion failed on expression: 'pred(*previous, *i)'
Assertion failed on expression: 'pred(*previous, *i)'
Assertion failed on expression: 'pred(*previous, *i)'
Assertion failed on expression: 'pred(*previous, *i)'
Assertion failed on expression: 'pred(*previous, *i)'
Assertion failed on expression: 'pred(*previous, *i)'
Assertion failed on expression: 'pred(*previous, *i)'
Assertion failed on expression: 'pred(*previous, *i)'
Assertion failed on expression: 'pred(*previous, *i)'
Assertion failed on expression: 'pred(*previous, *i)'
Assertion failed on expression: 'pred(*previous, *i)'
Assertion failed on expression: 'pred(*previous, *i)'
Assertion failed on expression: 'pred(*previous, *i)'
Assertion failed on expression: 'pred(*previous, *i)'
Assertion failed on expression: 'pred(*previous, *i)'
Assertion failed on expression: 'pred(*previous, *i)'
Assertion failed on expression: 'pred(*previous, *i)'
Assertion failed on expression: 'pred(*previous, *i)'
Assertion failed on expression: 'pred(*previous, *i)'
Assertion failed on expression: 'pred(*previous, *i)'
Assertion failed on expression: 'pred(*previous, *i)'
Assertion failed on expression: 'pred(*previous, *i)'
Assertion failed on expression: 'pred(*previous, *i)'
Assertion failed on expression: 'pred(*previous, *i)'
Assertion failed on expression: 'pred(*previous, *i)'
Assertion failed on expression: 'pred(*previous, *i)'
Assertion failed on expression: 'pred(*previous, *i)'
Assertion failed on expression: 'pred(*previous, *i)'
Assertion failed on expression: 'pred(*previous, *i)'
Assertion failed on expression: 'pred(*previous, *i)'
Assertion failed on expression: 'pred(*previous, *i)'
Assertion failed on expression: 'pred(*previous, *i)'
Assertion failed on expression: 'pred(*previous, *i)'
Assertion failed on expression: 'pred(*previous, *i)'
Assertion failed on expression: 'pred(*previous, *i)'
Assertion failed on expression: 'pred(*previous, *i)'
Assertion failed on expression: 'pred(*previous, *i)'
Assertion failed on expression: 'pred(*previous, *i)'
Assertion failed on expression: 'pred(*previous, *i)'
Assertion failed on expression: 'pred(*previous, *i)'
Assertion failed on expression: 'pred(*previous, *i)'
Assertion failed on expression: 'pred(*previous, *i)'
Assertion failed on expression: 'pred(*previous, *i)'
Assertion failed on expression: 'pred(*previous, *i)'
Assertion failed on expression: 'pred(*previous, *i)'
Assertion failed on expression: 'pred(*previous, *i)'
Assertion failed on expression: 'pred(*previous, *i)'
Assertion failed on expression: 'pred(*previous, *i)'
Assertion failed on expression: 'pred(*previous, *i)'
Assertion failed on expression: 'pred(*previous, *i)'
Assertion failed on expression: 'pred(*previous, *i)'
Assertion failed on expression: 'pred(*previous, *i)'
Assertion failed on expression: 'pred(*previous, *i)'
Assertion failed on expression: 'pred(*previous, *i)'
Assertion failed on expression: 'pred(*previous, *i)'
Assertion failed on expression: 'pred(*previous, *i)'
Assertion failed on expression: 'pred(*previous, *i)'
Assertion failed on expression: 'pred(*previous, *i)'
Assertion failed on expression: 'pred(*previous, *i)'
Assertion failed on expression: 'pred(*previous, *i)'
Assertion failed on expression: 'pred(*previous, *i)'
Assertion failed on expression: 'pred(*previous, *i)'
Assertion failed on expression: 'pred(*previous, *i)'
Assertion failed on expression: 'pred(*previous, *i)'
Assertion failed on expression: 'pred(*previous, *i)'
Assertion failed on expression: 'pred(*previous, *i)'
Assertion failed on expression: 'pred(*previous, *i)'
Assertion failed on expression: 'pred(*previous, *i)'
Assertion failed on expression: 'pred(*previous, *i)'
Assertion failed on expression: 'pred(*previous, *i)'
Assertion failed on expression: 'pred(*previous, *i)'
Assertion failed on expression: 'pred(*previous, *i)'
Assertion failed on expression: 'pred(*previous, *i)'
Assertion failed on expression: 'pred(*previous, *i)'
Assertion failed on expression: 'pred(*previous, *i)'
Assertion failed on expression: 'pred(*previous, *i)'
Assertion failed on expression: 'pred(*previous, *i)'
Assertion failed on expression: 'pred(*previous, *i)'
Assertion failed on expression: 'pred(*previous, *i)'
Assertion failed on expression: 'pred(*previous, *i)'
Assertion failed on expression: 'pred(*previous, *i)'
Assertion failed on expression: 'pred(*previous, *i)'
Assertion failed on expression: 'pred(*previous, *i)'
Assertion failed on expression: 'pred(*previous, *i)'
Assertion failed on expression: 'pred(*previous, *i)'
Assertion failed on expression: 'pred(*previous, *i)'
Assertion failed on expression: 'pred(*previous, *i)'
Assertion failed on expression: 'pred(*previous, *i)'
Assertion failed on expression: 'pred(*previous, *i)'
Assertion failed on expression: 'pred(*previous, *i)'
Assertion failed on expression: 'pred(*previous, *i)'
Assertion failed on expression: 'pred(*previous, *i)'
Assertion failed on expression: 'pred(*previous, *i)'
Assertion failed on expression: 'pred(*previous, *i)'
Assertion failed on expression: 'pred(*previous, *i)'
Assertion failed on expression: 'pred(*previous, *i)'
Assertion failed on expression: 'pred(*previous, *i)'
Assertion failed on expression: 'pred(*previous, *i)'
Assertion failed on expression: 'pred(*previous, *i)'
Assertion failed on expression: 'pred(*previous, *i)'
Assertion failed on expression: 'pred(*previous, *i)'
Assertion failed on expression: 'pred(*previous, *i)'
Assertion failed on expression: 'pred(*previous, *i)'
Assertion failed on expression: 'pred(*previous, *i)'
Assertion failed on expression: 'pred(*previous, *i)'
Assertion failed on expression: 'pred(*previous, *i)'
Assertion failed on expression: 'pred(*previous, *i)'
Assertion failed on expression: 'pred(*previous, *i)'
Assertion failed on expression: 'pred(*previous, *i)'
Assertion failed on expression: 'pred(*previous, *i)'
Assertion failed on expression: 'pred(*previous, *i)'
Assertion failed on expression: 'pred(*previous, *i)'
Assertion failed on expression: 'pred(*previous, *i)'
Assertion failed on expression: 'pred(*previous, *i)'
Assertion failed on expression: 'pred(*previous, *i)'
Assertion failed on expression: 'pred(*previous, *i)'
Assertion failed on expression: 'pred(*previous, *i)'
Assertion failed on expression: 'pred(*previous, *i)'
Assertion failed on expression: 'pred(*previous, *i)'
Assertion failed on expression: 'pred(*previous, *i)'
Assertion failed on expression: 'pred(*previous, *i)'
Assertion failed on expression: 'pred(*previous, *i)'
Assertion failed on expression: 'pred(*previous, *i)'
Assertion failed on expression: 'pred(*previous, *i)'
Assertion failed on expression: 'pred(*previous, *i)'
Assertion failed on expression: 'pred(*previous, *i)'
Assertion failed on expression: 'pred(*previous, *i)'
Assertion failed on expression: 'pred(*previous, *i)'
Assertion failed on expression: 'pred(*previous, *i)'
Assertion failed on expression: 'pred(*previous, *i)'
Assertion failed on expression: 'pred(*previous, *i)'
Assertion failed on expression: 'pred(*previous, *i)'
Assertion failed on expression: 'pred(*previous, *i)'
Assertion failed on expression: 'pred(*previous, *i)'
Assertion failed on expression: 'pred(*previous, *i)'
Assertion failed on expression: 'pred(*previous, *i)'
Assertion failed on expression: 'pred(*previous, *i)'
Assertion failed on expression: 'pred(*previous, *i)'
Assertion failed on expression: 'pred(*previous, *i)'
Assertion failed on expression: 'pred(*previous, *i)'
Assertion failed on expression: 'pred(*previous, *i)'
Assertion failed on expression: 'pred(*previous, *i)'
Assertion failed on expression: 'pred(*previous, *i)'
Assertion failed on expression: 'pred(*previous, *i)'
Assertion failed on expression: 'pred(*previous, *i)'
Assertion failed on expression: 'pred(*previous, *i)'
Assertion failed on expression: 'pred(*previous, *i)'
Assertion failed on expression: 'pred(*previous, *i)'
Assertion failed on expression: 'pred(*previous, *i)'
Assertion failed on expression: 'pred(*previous, *i)'
Assertion failed on expression: 'pred(*previous, *i)'
Assertion failed on expression: 'pred(*previous, *i)'
Assertion failed on expression: 'pred(*previous, *i)'
Assertion failed on expression: 'pred(*previous, *i)'
Assertion failed on expression: 'pred(*previous, *i)'
Assertion failed on expression: 'pred(*previous, *i)'
Assertion failed on expression: 'pred(*previous, *i)'
Assertion failed on expression: 'pred(*previous, *i)'
Assertion failed on expression: 'pred(*previous, *i)'
Assertion failed on expression: 'pred(*previous, *i)'
Assertion failed on expression: 'pred(*previous, *i)'
Assertion failed on expression: 'pred(*previous, *i)'
Assertion failed on expression: 'pred(*previous, *i)'
Assertion failed on expression: 'pred(*previous, *i)'
Assertion failed on expression: 'pred(*previous, *i)'
Assertion failed on expression: 'pred(*previous, *i)'
Assertion failed on expression: 'pred(*previous, *i)'
Assertion failed on expression: 'pred(*previous, *i)'
Assertion failed on expression: 'pred(*previous, *i)'
Assertion failed on expression: 'pred(*previous, *i)'
Assertion failed on expression: 'pred(*previous, *i)'
Assertion failed on expression: 'pred(*previous, *i)'
Assertion failed on expression: 'pred(*previous, *i)'
Assertion failed on expression: 'pred(*previous, *i)'
Assertion failed on expression: 'pred(*previous, *i)'
Assertion failed on expression: 'pred(*previous, *i)'
Assertion failed on expression: 'pred(*previous, *i)'
Assertion failed on expression: 'pred(*previous, *i)'
Assertion failed on expression: 'pred(*previous, *i)'
Assertion failed on expression: 'pred(*previous, *i)'
Assertion failed on expression: 'pred(*previous, *i)'
Assertion failed on expression: 'pred(*previous, *i)'
Assertion failed on expression: 'pred(*previous, *i)'
Assertion failed on expression: 'pred(*previous, *i)'
Assertion failed on expression: 'pred(*previous, *i)'
Assertion failed on expression: 'pred(*previous, *i)'
Assertion failed on expression: 'pred(*previous, *i)'
Assertion failed on expression: 'pred(*previous, *i)'
Assertion failed on expression: 'pred(*previous, *i)'
Assertion failed on expression: 'pred(*previous, *i)'
Assertion failed on expression: 'pred(*previous, *i)'
Assertion failed on expression: 'pred(*previous, *i)'
Assertion failed on expression: 'pred(*previous, *i)'
Assertion failed on expression: 'pred(*previous, *i)'
Assertion failed on expression: 'pred(*previous, *i)'
Assertion failed on expression: 'pred(*previous, *i)'
Assertion failed on expression: 'pred(*previous, *i)'
Assertion failed on expression: 'pred(*previous, *i)'
Assertion failed on expression: 'pred(*previous, *i)'
Assertion failed on expression: 'pred(*previous, *i)'
Assertion failed on expression: 'pred(*previous, *i)'
Assertion failed on expression: 'pred(*previous, *i)'
Assertion failed on expression: 'pred(*previous, *i)'
Assertion failed on expression: 'pred(*previous, *i)'
Assertion failed on expression: 'pred(*previous, *i)'
Assertion failed on expression: 'pred(*previous, *i)'
Assertion failed on expression: 'pred(*previous, *i)'
Assertion failed on expression: 'pred(*previous, *i)'
Assertion failed on expression: 'pred(*previous, *i)'
Assertion failed on expression: 'pred(*previous, *i)'
Assertion failed on expression: 'pred(*previous, *i)'
Assertion failed on expression: 'pred(*previous, *i)'
Assertion failed on expression: 'pred(*previous, *i)'
Assertion failed on expression: 'pred(*previous, *i)'
Assertion failed on expression: 'pred(*previous, *i)'
Assertion failed on expression: 'pred(*previous, *i)'
Assertion failed on expression: 'pred(*previous, *i)'
Assertion failed on expression: 'pred(*previous, *i)'
Assertion failed on expression: 'pred(*previous, *i)'
Assertion failed on expression: 'pred(*previous, *i)'
Assertion failed on expression: 'pred(*previous, *i)'
Assertion failed on expression: 'pred(*previous, *i)'
Assertion failed on expression: 'pred(*previous, *i)'
Assertion failed on expression: 'pred(*previous, *i)'
Assertion failed on expression: 'pred(*previous, *i)'
Assertion failed on expression: 'pred(*previous, *i)'
Assertion failed on expression: 'pred(*previous, *i)'
Assertion failed on expression: 'pred(*previous, *i)'
Assertion failed on expression: 'pred(*previous, *i)'
Assertion failed on expression: 'pred(*previous, *i)'
Assertion failed on expression: 'pred(*previous, *i)'
Assertion failed on expression: 'pred(*previous, *i)'
Assertion failed on expression: 'pred(*previous, *i)'
Assertion failed on expression: 'pred(*previous, *i)'
Assertion failed on expression: 'pred(*previous, *i)'
Assertion failed on expression: 'pred(*previous, *i)'
Assertion failed on expression: 'pred(*previous, *i)'
Assertion failed on expression: 'pred(*previous, *i)'
Assertion failed on expression: 'pred(*previous, *i)'
Assertion failed on expression: 'pred(*previous, *i)'
Assertion failed on expression: 'pred(*previous, *i)'
Assertion failed on expression: 'pred(*previous, *i)'
Assertion failed on expression: 'pred(*previous, *i)'
Assertion failed on expression: 'pred(*previous, *i)'
Assertion failed on expression: 'pred(*previous, *i)'
Assertion failed on expression: 'pred(*previous, *i)'
Assertion failed on expression: 'pred(*previous, *i)'
Assertion failed on expression: 'pred(*previous, *i)'
Assertion failed on expression: 'pred(*previous, *i)'
Assertion failed on expression: 'pred(*previous, *i)'
Assertion failed on expression: 'pred(*previous, *i)'
Assertion failed on expression: 'pred(*previous, *i)'
Assertion failed on expression: 'pred(*previous, *i)'
Assertion failed on expression: 'pred(*previous, *i)'
Assertion failed on expression: 'pred(*previous, *i)'
Assertion failed on expression: 'pred(*previous, *i)'
Assertion failed on expression: 'pred(*previous, *i)'
Assertion failed on expression: 'pred(*previous, *i)'
Assertion failed on expression: 'pred(*previous, *i)'
Assertion failed on expression: 'pred(*previous, *i)'
Assertion failed on expression: 'pred(*previous, *i)'
Assertion failed on expression: 'pred(*previous, *i)'
Assertion failed on expression: 'pred(*previous, *i)'
Assertion failed on expression: 'pred(*previous, *i)'
Assertion failed on expression: 'pred(*previous, *i)'
Assertion failed on expression: 'pred(*previous, *i)'
Assertion failed on expression: 'pred(*previous, *i)'
Assertion failed on expression: 'pred(*previous, *i)'
Assertion failed on expression: 'pred(*previous, *i)'
Assertion failed on expression: 'pred(*previous, *i)'
Assertion failed on expression: 'pred(*previous, *i)'
Assertion failed on expression: 'pred(*previous, *i)'
Assertion failed on expression: 'pred(*previous, *i)'
Assertion failed on expression: 'pred(*previous, *i)'
Assertion failed on expression: 'pred(*previous, *i)'
Assertion failed on expression: 'pred(*previous, *i)'
Assertion failed on expression: 'pred(*previous, *i)'
Assertion failed on expression: 'pred(*previous, *i)'
Assertion failed on expression: 'pred(*previous, *i)'
Assertion failed on expression: 'pred(*previous, *i)'
Assertion failed on expression: 'pred(*previous, *i)'
Assertion failed on expression: 'pred(*previous, *i)'
Assertion failed on expression: 'pred(*previous, *i)'
Assertion failed on expression: 'pred(*previous, *i)'
Assertion failed on expression: 'pred(*previous, *i)'
Assertion failed on expression: 'pred(*previous, *i)'
Assertion failed on expression: 'pred(*previous, *i)'
Assertion failed on expression: 'pred(*previous, *i)'
Assertion failed on expression: 'pred(*previous, *i)'
Assertion failed on expression: 'pred(*previous, *i)'
Assertion failed on expression: 'pred(*previous, *i)'
Assertion failed on expression: 'pred(*previous, *i)'
Assertion failed on expression: 'pred(*previous, *i)'
Assertion failed on expression: 'pred(*previous, *i)'
Assertion failed on expression: 'pred(*previous, *i)'
Assertion failed on expression: 'pred(*previous, *i)'
Assertion failed on expression: 'pred(*previous, *i)'
Assertion failed on expression: 'pred(*previous, *i)'
Assertion failed on expression: 'pred(*previous, *i)'
Assertion failed on expression: 'pred(*previous, *i)'
Assertion failed on expression: 'pred(*previous, *i)'
Assertion failed on expression: 'pred(*previous, *i)'
Assertion failed on expression: 'pred(*previous, *i)'
Assertion failed on expression: 'pred(*previous, *i)'
Assertion failed on expression: 'pred(*previous, *i)'
Assertion failed on expression: 'pred(*previous, *i)'
Assertion failed on expression: 'pred(*previous, *i)'
Assertion failed on expression: 'pred(*previous, *i)'
Assertion failed on expression: 'pred(*previous, *i)'
Assertion failed on expression: 'pred(*previous, *i)'
Assertion failed on expression: 'pred(*previous, *i)'
Assertion failed on expression: 'pred(*previous, *i)'
Assertion failed on expression: 'pred(*previous, *i)'
Assertion failed on expression: 'pred(*previous, *i)'
Assertion failed on expression: 'pred(*previous, *i)'
Assertion failed on expression: 'pred(*previous, *i)'
Assertion failed on expression: 'pred(*previous, *i)'
Assertion failed on expression: 'pred(*previous, *i)'
Assertion failed on expression: 'pred(*previous, *i)'
Assertion failed on expression: 'pred(*previous, *i)'
Assertion failed on expression: 'pred(*previous, *i)'
Assertion failed on expression: 'pred(*previous, *i)'
Assertion failed on expression: 'pred(*previous, *i)'
Assertion failed on expression: 'pred(*previous, *i)'
Assertion failed on expression: 'pred(*previous, *i)'
Assertion failed on expression: 'pred(*previous, *i)'
Assertion failed on expression: 'pred(*previous, *i)'
Assertion failed on expression: 'pred(*previous, *i)'
Assertion failed on expression: 'pred(*previous, *i)'
Assertion failed on expression: 'pred(*previous, *i)'
Assertion failed on expression: 'pred(*previous, *i)'
Assertion failed on expression: 'pred(*previous, *i)'
Assertion failed on expression: 'pred(*previous, *i)'
Assertion failed on expression: 'pred(*previous, *i)'
Assertion failed on expression: 'pred(*previous, *i)'
Assertion failed on expression: 'pred(*previous, *i)'
Assertion failed on expression: 'pred(*previous, *i)'
Assertion failed on expression: 'pred(*previous, *i)'
Assertion failed on expression: 'pred(*previous, *i)'
Assertion failed on expression: 'pred(*previous, *i)'
Assertion failed on expression: 'pred(*previous, *i)'
Assertion failed on expression: 'pred(*previous, *i)'
Assertion failed on expression: 'pred(*previous, *i)'
Assertion failed on expression: 'pred(*previous, *i)'
Assertion failed on expression: 'pred(*previous, *i)'
Assertion failed on expression: 'pred(*previous, *i)'
Assertion failed on expression: 'pred(*previous, *i)'
Assertion failed on expression: 'pred(*previous, *i)'
Assertion failed on expression: 'pred(*previous, *i)'
Assertion failed on expression: 'pred(*previous, *i)'
Assertion failed on expression: 'pred(*previous, *i)'
Assertion failed on expression: 'pred(*previous, *i)'
Assertion failed on expression: 'pred(*previous, *i)'
Assertion failed on expression: 'pred(*previous, *i)'
Assertion failed on expression: 'pred(*previous, *i)'
Assertion failed on expression: 'pred(*previous, *i)'
Assertion failed on expression: 'pred(*previous, *i)'
Assertion failed on expression: 'pred(*previous, *i)'
Assertion failed on expression: 'pred(*previous, *i)'
Assertion failed on expression: 'pred(*previous, *i)'
Assertion failed on expression: 'pred(*previous, *i)'
Assertion failed on expression: 'pred(*previous, *i)'
Assertion failed on expression: 'pred(*previous, *i)'
Assertion failed on expression: 'pred(*previous, *i)'
Assertion failed on expression: 'pred(*previous, *i)'
Assertion failed on expression: 'pred(*previous, *i)'
Assertion failed on expression: 'pred(*previous, *i)'
Assertion failed on expression: 'pred(*previous, *i)'
Assertion failed on expression: 'pred(*previous, *i)'
Assertion failed on expression: 'pred(*previous, *i)'
Assertion failed on expression: 'pred(*previous, *i)'
Assertion failed on expression: 'pred(*previous, *i)'
Assertion failed on expression: 'pred(*previous, *i)'
Assertion failed on expression: 'pred(*previous, *i)'
Assertion failed on expression: 'pred(*previous, *i)'
Assertion failed on expression: 'pred(*previous, *i)'
Assertion failed on expression: 'pred(*previous, *i)'
Assertion failed on expression: 'pred(*previous, *i)'
Assertion failed on expression: 'pred(*previous, *i)'
Assertion failed on expression: 'pred(*previous, *i)'
Assertion failed on expression: 'pred(*previous, *i)'
Assertion failed on expression: 'pred(*previous, *i)'
Assertion failed on expression: 'pred(*previous, *i)'
Assertion failed on expression: 'pred(*previous, *i)'
Assertion failed on expression: 'pred(*previous, *i)'
Assertion failed on expression: 'pred(*previous, *i)'
Assertion failed on expression: 'pred(*previous, *i)'
Assertion failed on expression: 'pred(*previous, *i)'
Assertion failed on expression: 'pred(*previous, *i)'
Assertion failed on expression: 'pred(*previous, *i)'
Assertion failed on expression: 'pred(*previous, *i)'
Assertion failed on expression: 'pred(*previous, *i)'
Assertion failed on expression: 'pred(*previous, *i)'
Assertion failed on expression: 'pred(*previous, *i)'
Assertion failed on expression: 'pred(*previous, *i)'
Assertion failed on expression: 'pred(*previous, *i)'
Assertion failed on expression: 'pred(*previous, *i)'
Assertion failed on expression: 'pred(*previous, *i)'
Assertion failed on expression: 'pred(*previous, *i)'
Assertion failed on expression: 'pred(*previous, *i)'
Assertion failed on expression: 'pred(*previous, *i)'
Assertion failed on expression: 'pred(*previous, *i)'
Assertion failed on expression: 'pred(*previous, *i)'
Assertion failed on expression: 'pred(*previous, *i)'
Assertion failed on expression: 'pred(*previous, *i)'
Assertion failed on expression: 'pred(*previous, *i)'
Assertion failed on expression: 'pred(*previous, *i)'
Assertion failed on expression: 'pred(*previous, *i)'
Assertion failed on expression: 'pred(*previous, *i)'
Assertion failed on expression: 'pred(*previous, *i)'
Assertion failed on expression: 'pred(*previous, *i)'
Assertion failed on expression: 'pred(*previous, *i)'
Assertion failed on expression: 'pred(*previous, *i)'
Assertion failed on expression: 'pred(*previous, *i)'
Assertion failed on expression: 'pred(*previous, *i)'
Assertion failed on expression: 'pred(*previous, *i)'
Assertion failed on expression: 'pred(*previous, *i)'
Assertion failed on expression: 'pred(*previous, *i)'
Assertion failed on expression: 'pred(*previous, *i)'
Assertion failed on expression: 'pred(*previous, *i)'
Assertion failed on expression: 'pred(*previous, *i)'
Assertion failed on expression: 'pred(*previous, *i)'
Assertion failed on expression: 'pred(*previous, *i)'
Assertion failed on expression: 'pred(*previous, *i)'
Assertion failed on expression: 'pred(*previous, *i)'
Assertion failed on expression: 'pred(*previous, *i)'
Assertion failed on expression: 'pred(*previous, *i)'
Assertion failed on expression: 'pred(*previous, *i)'
Assertion failed on expression: 'pred(*previous, *i)'
Assertion failed on expression: 'pred(*previous, *i)'
Assertion failed on expression: 'pred(*previous, *i)'
Assertion failed on expression: 'pred(*previous, *i)'
Assertion failed on expression: 'pred(*previous, *i)'
Assertion failed on expression: 'pred(*previous, *i)'
Assertion failed on expression: 'pred(*previous, *i)'
Assertion failed on expression: 'pred(*previous, *i)'
Assertion failed on expression: 'pred(*previous, *i)'
Assertion failed on expression: 'pred(*previous, *i)'
Assertion failed on expression: 'pred(*previous, *i)'
Assertion failed on expression: 'pred(*previous, *i)'
Assertion failed on expression: 'pred(*previous, *i)'
Assertion failed on expression: 'pred(*previous, *i)'
Assertion failed on expression: 'pred(*previous, *i)'
Assertion failed on expression: 'pred(*previous, *i)'
Assertion failed on expression: 'pred(*previous, *i)'
Assertion failed on expression: 'pred(*previous, *i)'
Assertion failed on expression: 'pred(*previous, *i)'
Assertion failed on expression: 'pred(*previous, *i)'
Assertion failed on expression: 'pred(*previous, *i)'
Assertion failed on expression: 'pred(*previous, *i)'
Assertion failed on expression: 'pred(*previous, *i)'
Assertion failed on expression: 'pred(*previous, *i)'
Assertion failed on expression: 'pred(*previous, *i)'
Assertion failed on expression: 'pred(*previous, *i)'
Assertion failed on expression: 'pred(*previous, *i)'
Assertion failed on expression: 'pred(*previous, *i)'
Assertion failed on expression: 'pred(*previous, *i)'
Assertion failed on expression: 'pred(*previous, *i)'
Assertion failed on expression: 'pred(*previous, *i)'
Assertion failed on expression: 'pred(*previous, *i)'
Assertion failed on expression: 'pred(*previous, *i)'
Assertion failed on expression: 'pred(*previous, *i)'
Assertion failed on expression: 'pred(*previous, *i)'
Assertion failed on expression: 'pred(*previous, *i)'
Assertion failed on expression: 'pred(*previous, *i)'
Assertion failed on expression: 'pred(*previous, *i)'
Assertion failed on expression: 'pred(*previous, *i)'
Assertion failed on expression: 'pred(*previous, *i)'
Assertion failed on expression: 'pred(*previous, *i)'
Assertion failed on expression: 'pred(*previous, *i)'
Assertion failed on expression: 'pred(*previous, *i)'
Assertion failed on expression: 'pred(*previous, *i)'
Assertion failed on expression: 'pred(*previous, *i)'
Assertion failed on expression: 'pred(*previous, *i)'
Assertion failed on expression: 'pred(*previous, *i)'
Assertion failed on expression: 'pred(*previous, *i)'
Assertion failed on expression: 'pred(*previous, *i)'
Assertion failed on expression: 'pred(*previous, *i)'
Assertion failed on expression: 'pred(*previous, *i)'
Assertion failed on expression: 'pred(*previous, *i)'
Assertion failed on expression: 'pred(*previous, *i)'
Assertion failed on expression: 'pred(*previous, *i)'
Assertion failed on expression: 'pred(*previous, *i)'
Assertion failed on expression: 'pred(*previous, *i)'
Assertion failed on expression: 'pred(*previous, *i)'
Assertion failed on expression: 'pred(*previous, *i)'
Assertion failed on expression: 'pred(*previous, *i)'
Assertion failed on expression: 'pred(*previous, *i)'
Assertion failed on expression: 'pred(*previous, *i)'
Assertion failed on expression: 'pred(*previous, *i)'
Assertion failed on expression: 'pred(*previous, *i)'
Assertion failed on expression: 'pred(*previous, *i)'
Assertion failed on expression: 'pred(*previous, *i)'
Assertion failed on expression: 'pred(*previous, *i)'
Assertion failed on expression: 'pred(*previous, *i)'
Assertion failed on expression: 'pred(*previous, *i)'
Assertion failed on expression: 'pred(*previous, *i)'
Assertion failed on expression: 'pred(*previous, *i)'
Assertion failed on expression: 'pred(*previous, *i)'
Assertion failed on expression: 'pred(*previous, *i)'
Assertion failed on expression: 'pred(*previous, *i)'
Assertion failed on expression: 'pred(*previous, *i)'
Assertion failed on expression: 'pred(*previous, *i)'
Assertion failed on expression: 'pred(*previous, *i)'
Assertion failed on expression: 'pred(*previous, *i)'
Assertion failed on expression: 'pred(*previous, *i)'
Assertion failed on expression: 'pred(*previous, *i)'
Assertion failed on expression: 'pred(*previous, *i)'
Assertion failed on expression: 'pred(*previous, *i)'
Assertion failed on expression: 'pred(*previous, *i)'
Assertion failed on expression: 'pred(*previous, *i)'
Assertion failed on expression: 'pred(*previous, *i)'
Assertion failed on expression: 'pred(*previous, *i)'
Assertion failed on expression: 'pred(*previous, *i)'
Assertion failed on expression: 'pred(*previous, *i)'
Assertion failed on expression: 'pred(*previous, *i)'
Assertion failed on expression: 'pred(*previous, *i)'
Assertion failed on expression: 'pred(*previous, *i)'
Assertion failed on expression: 'pred(*previous, *i)'
Assertion failed on expression: 'pred(*previous, *i)'
Assertion failed on expression: 'pred(*previous, *i)'
Assertion failed on expression: 'pred(*previous, *i)'
Assertion failed on expression: 'pred(*previous, *i)'
Assertion failed on expression: 'pred(*previous, *i)'
Assertion failed on expression: 'pred(*previous, *i)'
Assertion failed on expression: 'pred(*previous, *i)'
Assertion failed on expression: 'pred(*previous, *i)'
Assertion failed on expression: 'pred(*previous, *i)'
Assertion failed on expression: 'pred(*previous, *i)'
Assertion failed on expression: 'pred(*previous, *i)'
Assertion failed on expression: 'pred(*previous, *i)'
Assertion failed on expression: 'pred(*previous, *i)'
Assertion failed on expression: 'pred(*previous, *i)'
Assertion failed on expression: 'pred(*previous, *i)'
Assertion failed on expression: 'pred(*previous, *i)'
Assertion failed on expression: 'pred(*previous, *i)'
Assertion failed on expression: 'pred(*previous, *i)'
Assertion failed on expression: 'pred(*previous, *i)'
Assertion failed on expression: 'pred(*previous, *i)'
Assertion failed on expression: 'pred(*previous, *i)'
Assertion failed on expression: 'pred(*previous, *i)'
Assertion failed on expression: 'pred(*previous, *i)'
Assertion failed on expression: 'pred(*previous, *i)'
Assertion failed on expression: 'pred(*previous, *i)'
Assertion failed on expression: 'pred(*previous, *i)'
Assertion failed on expression: 'pred(*previous, *i)'
Assertion failed on expression: 'pred(*previous, *i)'
Assertion failed on expression: 'pred(*previous, *i)'
Assertion failed on expression: 'pred(*previous, *i)'
Assertion failed on expression: 'pred(*previous, *i)'
Assertion failed on expression: 'pred(*previous, *i)'
Assertion failed on expression: 'pred(*previous, *i)'
Assertion failed on expression: 'pred(*previous, *i)'
Assertion failed on expression: 'pred(*previous, *i)'
Assertion failed on expression: 'pred(*previous, *i)'
Assertion failed on expression: 'pred(*previous, *i)'
Assertion failed on expression: 'pred(*previous, *i)'
Assertion failed on expression: 'pred(*previous, *i)'
Assertion failed on expression: 'pred(*previous, *i)'
Assertion failed on expression: 'pred(*previous, *i)'
Assertion failed on expression: 'pred(*previous, *i)'
Assertion failed on expression: 'pred(*previous, *i)'
Assertion failed on expression: 'pred(*previous, *i)'
Assertion failed on expression: 'pred(*previous, *i)'
Assertion failed on expression: 'pred(*previous, *i)'
Assertion failed on expression: 'pred(*previous, *i)'
Assertion failed on expression: 'pred(*previous, *i)'
Assertion failed on expression: 'pred(*previous, *i)'
Assertion failed on expression: 'pred(*previous, *i)'
Assertion failed on expression: 'pred(*previous, *i)'
Assertion failed on expression: 'pred(*previous, *i)'
Assertion failed on expression: 'pred(*previous, *i)'
Assertion failed on expression: 'pred(*previous, *i)'
Assertion failed on expression: 'pred(*previous, *i)'
Assertion failed on expression: 'pred(*previous, *i)'
Assertion failed on expression: 'pred(*previous, *i)'
Assertion failed on expression: 'pred(*previous, *i)'
Assertion failed on expression: 'pred(*previous, *i)'
Assertion failed on expression: 'pred(*previous, *i)'
Assertion failed on expression: 'pred(*previous, *i)'
Assertion failed on expression: 'pred(*previous, *i)'
Assertion failed on expression: 'pred(*previous, *i)'
Assertion failed on expression: 'pred(*previous, *i)'
Assertion failed on expression: 'pred(*previous, *i)'
Assertion failed on expression: 'pred(*previous, *i)'
Assertion failed on expression: 'pred(*previous, *i)'
Assertion failed on expression: 'pred(*previous, *i)'
Assertion failed on expression: 'pred(*previous, *i)'
Assertion failed on expression: 'pred(*previous, *i)'
Assertion failed on expression: 'pred(*previous, *i)'
Assertion failed on expression: 'pred(*previous, *i)'
Assertion failed on expression: 'pred(*previous, *i)'
Assertion failed on expression: 'pred(*previous, *i)'
Assertion failed on expression: 'pred(*previous, *i)'
Assertion failed on expression: 'pred(*previous, *i)'
Assertion failed on expression: 'pred(*previous, *i)'
Assertion failed on expression: 'pred(*previous, *i)'
Assertion failed on expression: 'pred(*previous, *i)'
Assertion failed on expression: 'pred(*previous, *i)'
Assertion failed on expression: 'pred(*previous, *i)'
Assertion failed on expression: 'pred(*previous, *i)'
Assertion failed on expression: 'pred(*previous, *i)'
Assertion failed on expression: 'pred(*previous, *i)'
Assertion failed on expression: 'pred(*previous, *i)'
Assertion failed on expression: 'pred(*previous, *i)'
Assertion failed on expression: 'pred(*previous, *i)'
Assertion failed on expression: 'pred(*previous, *i)'
Assertion failed on expression: 'pred(*previous, *i)'
Native extension for UWP target not found
Native extension for WindowsStandalone target not found
Native extension for WebGL target not found
[Package Manager] Failed to launch server process. Reason: Unity was launched with the -noUpm command-line argument
[Package Manager] Unable to send message (not connected to server process).
[Package Manager] Cannot connect to Unity Package Manager local server
Mono: successfully reloaded assembly
- Finished resetting the current domain, in  0.448 seconds
Domain Reload Profiling: 885ms
	BeginReloadAssembly (131ms)
		ExecutionOrderSort (0ms)
		DisableScriptedObjects (9ms)
		BackupInstance (0ms)
		ReleaseScriptingObjects (0ms)
		CreateAndSetChildDomain (29ms)
	RebuildCommonClasses (21ms)
	RebuildNativeTypeToScriptingClass (8ms)
	initialDomainReloadingComplete (15ms)
	LoadAllAssembliesAndSetupDomain (262ms)
		LoadAssemblies (196ms)
		RebuildTransferFunctionScriptingTraits (0ms)
		AnalyzeDomain (121ms)
			TypeCache.Refresh (5ms)
				TypeCache.ScanAssembly (0ms)
			BuildScriptInfoCaches (107ms)
			ResolveRequiredComponents (7ms)
	FinalizeReload (448ms)
		ReleaseScriptCaches (0ms)
		RebuildScriptCaches (0ms)
		SetupLoadedEditorAssemblies (337ms)
			LogAssemblyErrors (0ms)
			InitializePlatformSupportModulesInManaged (2ms)
			SetLoadedEditorAssemblies (4ms)
			BeforeProcessingInitializeOnLoad (72ms)
			ProcessInitializeOnLoadAttributes (224ms)
			ProcessInitializeOnLoadMethodAttributes (34ms)
			AfterProcessingInitializeOnLoad (1ms)
			EditorAssembliesLoaded (0ms)
		ExecutionOrderSort2 (0ms)
		AwakeInstancesAfterBackupRestoration (8ms)
Refreshing native plugins compatible for Editor in 1.20 ms, found 4 plugins.
Preloading 0 native plugins for Editor in 0.00 ms.
Unloading 34 Unused Serialized files (Serialized files now loaded: 0)
Unloading 6728 unused Assets / (6.4 MB). Loaded Objects now: 7429.
Memory consumption went from 158.5 MB to 152.1 MB.
Total: 6.210400 ms (FindLiveObjects: 0.375600 ms CreateObjectMapping: 0.206100 ms MarkObjects: 3.643100 ms  DeleteObjects: 1.984700 ms)

Prepare: number of updated asset objects reloaded= 0
========================================================================
Received Prepare
Begin MonoManager ReloadAssembly
- Loaded All Assemblies, in  0.423 seconds
Refreshing native plugins compatible for Editor in 0.63 ms, found 4 plugins.
Assertion failed on expression: 'pred(*previous, *i)'
Assertion failed on expression: 'pred(*previous, *i)'
Assertion failed on expression: 'pred(*previous, *i)'
Assertion failed on expression: 'pred(*previous, *i)'
Assertion failed on expression: 'pred(*previous, *i)'
Assertion failed on expression: 'pred(*previous, *i)'
Assertion failed on expression: 'pred(*previous, *i)'
Assertion failed on expression: 'pred(*previous, *i)'
Assertion failed on expression: 'pred(*previous, *i)'
Assertion failed on expression: 'pred(*previous, *i)'
Assertion failed on expression: 'pred(*previous, *i)'
Assertion failed on expression: 'pred(*previous, *i)'
Assertion failed on expression: 'pred(*previous, *i)'
Assertion failed on expression: 'pred(*previous, *i)'
Assertion failed on expression: 'pred(*previous, *i)'
Assertion failed on expression: 'pred(*previous, *i)'
Assertion failed on expression: 'pred(*previous, *i)'
Assertion failed on expression: 'pred(*previous, *i)'
Assertion failed on expression: 'pred(*previous, *i)'
Assertion failed on expression: 'pred(*previous, *i)'
Assertion failed on expression: 'pred(*previous, *i)'
Assertion failed on expression: 'pred(*previous, *i)'
Assertion failed on expression: 'pred(*previous, *i)'
Assertion failed on expression: 'pred(*previous, *i)'
Assertion failed on expression: 'pred(*previous, *i)'
Assertion failed on expression: 'pred(*previous, *i)'
Assertion failed on expression: 'pred(*previous, *i)'
Assertion failed on expression: 'pred(*previous, *i)'
Assertion failed on expression: 'pred(*previous, *i)'
Assertion failed on expression: 'pred(*previous, *i)'
Assertion failed on expression: 'pred(*previous, *i)'
Assertion failed on expression: 'pred(*previous, *i)'
Assertion failed on expression: 'pred(*previous, *i)'
Assertion failed on expression: 'pred(*previous, *i)'
Assertion failed on expression: 'pred(*previous, *i)'
Assertion failed on expression: 'pred(*previous, *i)'
Assertion failed on expression: 'pred(*previous, *i)'
Assertion failed on expression: 'pred(*previous, *i)'
Assertion failed on expression: 'pred(*previous, *i)'
Assertion failed on expression: 'pred(*previous, *i)'
Assertion failed on expression: 'pred(*previous, *i)'
Assertion failed on expression: 'pred(*previous, *i)'
Assertion failed on expression: 'pred(*previous, *i)'
Assertion failed on expression: 'pred(*previous, *i)'
Assertion failed on expression: 'pred(*previous, *i)'
Assertion failed on expression: 'pred(*previous, *i)'
Assertion failed on expression: 'pred(*previous, *i)'
Assertion failed on expression: 'pred(*previous, *i)'
Assertion failed on expression: 'pred(*previous, *i)'
Assertion failed on expression: 'pred(*previous, *i)'
Assertion failed on expression: 'pred(*previous, *i)'
Assertion failed on expression: 'pred(*previous, *i)'
Assertion failed on expression: 'pred(*previous, *i)'
Assertion failed on expression: 'pred(*previous, *i)'
Assertion failed on expression: 'pred(*previous, *i)'
Assertion failed on expression: 'pred(*previous, *i)'
Assertion failed on expression: 'pred(*previous, *i)'
Assertion failed on expression: 'pred(*previous, *i)'
Assertion failed on expression: 'pred(*previous, *i)'
Assertion failed on expression: 'pred(*previous, *i)'
Assertion failed on expression: 'pred(*previous, *i)'
Assertion failed on expression: 'pred(*previous, *i)'
Assertion failed on expression: 'pred(*previous, *i)'
Assertion failed on expression: 'pred(*previous, *i)'
Assertion failed on expression: 'pred(*previous, *i)'
Assertion failed on expression: 'pred(*previous, *i)'
Assertion failed on expression: 'pred(*previous, *i)'
Assertion failed on expression: 'pred(*previous, *i)'
Assertion failed on expression: 'pred(*previous, *i)'
Assertion failed on expression: 'pred(*previous, *i)'
Assertion failed on expression: 'pred(*previous, *i)'
Assertion failed on expression: 'pred(*previous, *i)'
Assertion failed on expression: 'pred(*previous, *i)'
Assertion failed on expression: 'pred(*previous, *i)'
Assertion failed on expression: 'pred(*previous, *i)'
Assertion failed on expression: 'pred(*previous, *i)'
Assertion failed on expression: 'pred(*previous, *i)'
Assertion failed on expression: 'pred(*previous, *i)'
Assertion failed on expression: 'pred(*previous, *i)'
Assertion failed on expression: 'pred(*previous, *i)'
Assertion failed on expression: 'pred(*previous, *i)'
Assertion failed on expression: 'pred(*previous, *i)'
Assertion failed on expression: 'pred(*previous, *i)'
Assertion failed on expression: 'pred(*previous, *i)'
Assertion failed on expression: 'pred(*previous, *i)'
Assertion failed on expression: 'pred(*previous, *i)'
Assertion failed on expression: 'pred(*previous, *i)'
Assertion failed on expression: 'pred(*previous, *i)'
Assertion failed on expression: 'pred(*previous, *i)'
Assertion failed on expression: 'pred(*previous, *i)'
Assertion failed on expression: 'pred(*previous, *i)'
Assertion failed on expression: 'pred(*previous, *i)'
Assertion failed on expression: 'pred(*previous, *i)'
Assertion failed on expression: 'pred(*previous, *i)'
Assertion failed on expression: 'pred(*previous, *i)'
Assertion failed on expression: 'pred(*previous, *i)'
Assertion failed on expression: 'pred(*previous, *i)'
Assertion failed on expression: 'pred(*previous, *i)'
Assertion failed on expression: 'pred(*previous, *i)'
Assertion failed on expression: 'pred(*previous, *i)'
Assertion failed on expression: 'pred(*previous, *i)'
Assertion failed on expression: 'pred(*previous, *i)'
Assertion failed on expression: 'pred(*previous, *i)'
Assertion failed on expression: 'pred(*previous, *i)'
Assertion failed on expression: 'pred(*previous, *i)'
Assertion failed on expression: 'pred(*previous, *i)'
Assertion failed on expression: 'pred(*previous, *i)'
Assertion failed on expression: 'pred(*previous, *i)'
Assertion failed on expression: 'pred(*previous, *i)'
Assertion failed on expression: 'pred(*previous, *i)'
Assertion failed on expression: 'pred(*previous, *i)'
Assertion failed on expression: 'pred(*previous, *i)'
Assertion failed on expression: 'pred(*previous, *i)'
Assertion failed on expression: 'pred(*previous, *i)'
Assertion failed on expression: 'pred(*previous, *i)'
Assertion failed on expression: 'pred(*previous, *i)'
Assertion failed on expression: 'pred(*previous, *i)'
Assertion failed on expression: 'pred(*previous, *i)'
Assertion failed on expression: 'pred(*previous, *i)'
Assertion failed on expression: 'pred(*previous, *i)'
Assertion failed on expression: 'pred(*previous, *i)'
Assertion failed on expression: 'pred(*previous, *i)'
Assertion failed on expression: 'pred(*previous, *i)'
Assertion failed on expression: 'pred(*previous, *i)'
Assertion failed on expression: 'pred(*previous, *i)'
Assertion failed on expression: 'pred(*previous, *i)'
Assertion failed on expression: 'pred(*previous, *i)'
Assertion failed on expression: 'pred(*previous, *i)'
Assertion failed on expression: 'pred(*previous, *i)'
Assertion failed on expression: 'pred(*previous, *i)'
Assertion failed on expression: 'pred(*previous, *i)'
Assertion failed on expression: 'pred(*previous, *i)'
Assertion failed on expression: 'pred(*previous, *i)'
Assertion failed on expression: 'pred(*previous, *i)'
Assertion failed on expression: 'pred(*previous, *i)'
Assertion failed on expression: 'pred(*previous, *i)'
Assertion failed on expression: 'pred(*previous, *i)'
Assertion failed on expression: 'pred(*previous, *i)'
Assertion failed on expression: 'pred(*previous, *i)'
Assertion failed on expression: 'pred(*previous, *i)'
Assertion failed on expression: 'pred(*previous, *i)'
Assertion failed on expression: 'pred(*previous, *i)'
Assertion failed on expression: 'pred(*previous, *i)'
Assertion failed on expression: 'pred(*previous, *i)'
Assertion failed on expression: 'pred(*previous, *i)'
Assertion failed on expression: 'pred(*previous, *i)'
Assertion failed on expression: 'pred(*previous, *i)'
Assertion failed on expression: 'pred(*previous, *i)'
Assertion failed on expression: 'pred(*previous, *i)'
Assertion failed on expression: 'pred(*previous, *i)'
Assertion failed on expression: 'pred(*previous, *i)'
Assertion failed on expression: 'pred(*previous, *i)'
Assertion failed on expression: 'pred(*previous, *i)'
Assertion failed on expression: 'pred(*previous, *i)'
Assertion failed on expression: 'pred(*previous, *i)'
Assertion failed on expression: 'pred(*previous, *i)'
Assertion failed on expression: 'pred(*previous, *i)'
Assertion failed on expression: 'pred(*previous, *i)'
Assertion failed on expression: 'pred(*previous, *i)'
Assertion failed on expression: 'pred(*previous, *i)'
Assertion failed on expression: 'pred(*previous, *i)'
Assertion failed on expression: 'pred(*previous, *i)'
Assertion failed on expression: 'pred(*previous, *i)'
Assertion failed on expression: 'pred(*previous, *i)'
Assertion failed on expression: 'pred(*previous, *i)'
Assertion failed on expression: 'pred(*previous, *i)'
Assertion failed on expression: 'pred(*previous, *i)'
Assertion failed on expression: 'pred(*previous, *i)'
Assertion failed on expression: 'pred(*previous, *i)'
Assertion failed on expression: 'pred(*previous, *i)'
Assertion failed on expression: 'pred(*previous, *i)'
Assertion failed on expression: 'pred(*previous, *i)'
Assertion failed on expression: 'pred(*previous, *i)'
Assertion failed on expression: 'pred(*previous, *i)'
Assertion failed on expression: 'pred(*previous, *i)'
Assertion failed on expression: 'pred(*previous, *i)'
Assertion failed on expression: 'pred(*previous, *i)'
Assertion failed on expression: 'pred(*previous, *i)'
Assertion failed on expression: 'pred(*previous, *i)'
Assertion failed on expression: 'pred(*previous, *i)'
Assertion failed on expression: 'pred(*previous, *i)'
Assertion failed on expression: 'pred(*previous, *i)'
Assertion failed on expression: 'pred(*previous, *i)'
Assertion failed on expression: 'pred(*previous, *i)'
Assertion failed on expression: 'pred(*previous, *i)'
Assertion failed on expression: 'pred(*previous, *i)'
Assertion failed on expression: 'pred(*previous, *i)'
Assertion failed on expression: 'pred(*previous, *i)'
Assertion failed on expression: 'pred(*previous, *i)'
Assertion failed on expression: 'pred(*previous, *i)'
Assertion failed on expression: 'pred(*previous, *i)'
Assertion failed on expression: 'pred(*previous, *i)'
Assertion failed on expression: 'pred(*previous, *i)'
Assertion failed on expression: 'pred(*previous, *i)'
Assertion failed on expression: 'pred(*previous, *i)'
Assertion failed on expression: 'pred(*previous, *i)'
Assertion failed on expression: 'pred(*previous, *i)'
Assertion failed on expression: 'pred(*previous, *i)'
Assertion failed on expression: 'pred(*previous, *i)'
Assertion failed on expression: 'pred(*previous, *i)'
Assertion failed on expression: 'pred(*previous, *i)'
Assertion failed on expression: 'pred(*previous, *i)'
Assertion failed on expression: 'pred(*previous, *i)'
Assertion failed on expression: 'pred(*previous, *i)'
Assertion failed on expression: 'pred(*previous, *i)'
Assertion failed on expression: 'pred(*previous, *i)'
Assertion failed on expression: 'pred(*previous, *i)'
Assertion failed on expression: 'pred(*previous, *i)'
Assertion failed on expression: 'pred(*previous, *i)'
Assertion failed on expression: 'pred(*previous, *i)'
Assertion failed on expression: 'pred(*previous, *i)'
Assertion failed on expression: 'pred(*previous, *i)'
Assertion failed on expression: 'pred(*previous, *i)'
Assertion failed on expression: 'pred(*previous, *i)'
Assertion failed on expression: 'pred(*previous, *i)'
Assertion failed on expression: 'pred(*previous, *i)'
Assertion failed on expression: 'pred(*previous, *i)'
Assertion failed on expression: 'pred(*previous, *i)'
Assertion failed on expression: 'pred(*previous, *i)'
Assertion failed on expression: 'pred(*previous, *i)'
Assertion failed on expression: 'pred(*previous, *i)'
Assertion failed on expression: 'pred(*previous, *i)'
Assertion failed on expression: 'pred(*previous, *i)'
Assertion failed on expression: 'pred(*previous, *i)'
Assertion failed on expression: 'pred(*previous, *i)'
Assertion failed on expression: 'pred(*previous, *i)'
Assertion failed on expression: 'pred(*previous, *i)'
Assertion failed on expression: 'pred(*previous, *i)'
Assertion failed on expression: 'pred(*previous, *i)'
Assertion failed on expression: 'pred(*previous, *i)'
Assertion failed on expression: 'pred(*previous, *i)'
Assertion failed on expression: 'pred(*previous, *i)'
Assertion failed on expression: 'pred(*previous, *i)'
Assertion failed on expression: 'pred(*previous, *i)'
Assertion failed on expression: 'pred(*previous, *i)'
Assertion failed on expression: 'pred(*previous, *i)'
Assertion failed on expression: 'pred(*previous, *i)'
Assertion failed on expression: 'pred(*previous, *i)'
Assertion failed on expression: 'pred(*previous, *i)'
Assertion failed on expression: 'pred(*previous, *i)'
Assertion failed on expression: 'pred(*previous, *i)'
Assertion failed on expression: 'pred(*previous, *i)'
Assertion failed on expression: 'pred(*previous, *i)'
Assertion failed on expression: 'pred(*previous, *i)'
Assertion failed on expression: 'pred(*previous, *i)'
Assertion failed on expression: 'pred(*previous, *i)'
Assertion failed on expression: 'pred(*previous, *i)'
Assertion failed on expression: 'pred(*previous, *i)'
Assertion failed on expression: 'pred(*previous, *i)'
Assertion failed on expression: 'pred(*previous, *i)'
Assertion failed on expression: 'pred(*previous, *i)'
Assertion failed on expression: 'pred(*previous, *i)'
Assertion failed on expression: 'pred(*previous, *i)'
Assertion failed on expression: 'pred(*previous, *i)'
Assertion failed on expression: 'pred(*previous, *i)'
Assertion failed on expression: 'pred(*previous, *i)'
Assertion failed on expression: 'pred(*previous, *i)'
Assertion failed on expression: 'pred(*previous, *i)'
Assertion failed on expression: 'pred(*previous, *i)'
Assertion failed on expression: 'pred(*previous, *i)'
Assertion failed on expression: 'pred(*previous, *i)'
Assertion failed on expression: 'pred(*previous, *i)'
Assertion failed on expression: 'pred(*previous, *i)'
Assertion failed on expression: 'pred(*previous, *i)'
Assertion failed on expression: 'pred(*previous, *i)'
Assertion failed on expression: 'pred(*previous, *i)'
Assertion failed on expression: 'pred(*previous, *i)'
Assertion failed on expression: 'pred(*previous, *i)'
Assertion failed on expression: 'pred(*previous, *i)'
Assertion failed on expression: 'pred(*previous, *i)'
Assertion failed on expression: 'pred(*previous, *i)'
Assertion failed on expression: 'pred(*previous, *i)'
Assertion failed on expression: 'pred(*previous, *i)'
Assertion failed on expression: 'pred(*previous, *i)'
Assertion failed on expression: 'pred(*previous, *i)'
Assertion failed on expression: 'pred(*previous, *i)'
Assertion failed on expression: 'pred(*previous, *i)'
Assertion failed on expression: 'pred(*previous, *i)'
Assertion failed on expression: 'pred(*previous, *i)'
Assertion failed on expression: 'pred(*previous, *i)'
Assertion failed on expression: 'pred(*previous, *i)'
Assertion failed on expression: 'pred(*previous, *i)'
Assertion failed on expression: 'pred(*previous, *i)'
Assertion failed on expression: 'pred(*previous, *i)'
Assertion failed on expression: 'pred(*previous, *i)'
Assertion failed on expression: 'pred(*previous, *i)'
Assertion failed on expression: 'pred(*previous, *i)'
Assertion failed on expression: 'pred(*previous, *i)'
Assertion failed on expression: 'pred(*previous, *i)'
Assertion failed on expression: 'pred(*previous, *i)'
Assertion failed on expression: 'pred(*previous, *i)'
Assertion failed on expression: 'pred(*previous, *i)'
Assertion failed on expression: 'pred(*previous, *i)'
Assertion failed on expression: 'pred(*previous, *i)'
Assertion failed on expression: 'pred(*previous, *i)'
Assertion failed on expression: 'pred(*previous, *i)'
Assertion failed on expression: 'pred(*previous, *i)'
Assertion failed on expression: 'pred(*previous, *i)'
Assertion failed on expression: 'pred(*previous, *i)'
Assertion failed on expression: 'pred(*previous, *i)'
Assertion failed on expression: 'pred(*previous, *i)'
Assertion failed on expression: 'pred(*previous, *i)'
Assertion failed on expression: 'pred(*previous, *i)'
Assertion failed on expression: 'pred(*previous, *i)'
Assertion failed on expression: 'pred(*previous, *i)'
Assertion failed on expression: 'pred(*previous, *i)'
Assertion failed on expression: 'pred(*previous, *i)'
Assertion failed on expression: 'pred(*previous, *i)'
Assertion failed on expression: 'pred(*previous, *i)'
Assertion failed on expression: 'pred(*previous, *i)'
Assertion failed on expression: 'pred(*previous, *i)'
Assertion failed on expression: 'pred(*previous, *i)'
Assertion failed on expression: 'pred(*previous, *i)'
Assertion failed on expression: 'pred(*previous, *i)'
Assertion failed on expression: 'pred(*previous, *i)'
Assertion failed on expression: 'pred(*previous, *i)'
Assertion failed on expression: 'pred(*previous, *i)'
Assertion failed on expression: 'pred(*previous, *i)'
Assertion failed on expression: 'pred(*previous, *i)'
Assertion failed on expression: 'pred(*previous, *i)'
Assertion failed on expression: 'pred(*previous, *i)'
Assertion failed on expression: 'pred(*previous, *i)'
Assertion failed on expression: 'pred(*previous, *i)'
Assertion failed on expression: 'pred(*previous, *i)'
Assertion failed on expression: 'pred(*previous, *i)'
Assertion failed on expression: 'pred(*previous, *i)'
Assertion failed on expression: 'pred(*previous, *i)'
Assertion failed on expression: 'pred(*previous, *i)'
Assertion failed on expression: 'pred(*previous, *i)'
Assertion failed on expression: 'pred(*previous, *i)'
Assertion failed on expression: 'pred(*previous, *i)'
Assertion failed on expression: 'pred(*previous, *i)'
Assertion failed on expression: 'pred(*previous, *i)'
Assertion failed on expression: 'pred(*previous, *i)'
Assertion failed on expression: 'pred(*previous, *i)'
Assertion failed on expression: 'pred(*previous, *i)'
Assertion failed on expression: 'pred(*previous, *i)'
Assertion failed on expression: 'pred(*previous, *i)'
Assertion failed on expression: 'pred(*previous, *i)'
Assertion failed on expression: 'pred(*previous, *i)'
Assertion failed on expression: 'pred(*previous, *i)'
Assertion failed on expression: 'pred(*previous, *i)'
Assertion failed on expression: 'pred(*previous, *i)'
Assertion failed on expression: 'pred(*previous, *i)'
Assertion failed on expression: 'pred(*previous, *i)'
Assertion failed on expression: 'pred(*previous, *i)'
Assertion failed on expression: 'pred(*previous, *i)'
Assertion failed on expression: 'pred(*previous, *i)'
Assertion failed on expression: 'pred(*previous, *i)'
Assertion failed on expression: 'pred(*previous, *i)'
Assertion failed on expression: 'pred(*previous, *i)'
Assertion failed on expression: 'pred(*previous, *i)'
Assertion failed on expression: 'pred(*previous, *i)'
Assertion failed on expression: 'pred(*previous, *i)'
Assertion failed on expression: 'pred(*previous, *i)'
Assertion failed on expression: 'pred(*previous, *i)'
Assertion failed on expression: 'pred(*previous, *i)'
Assertion failed on expression: 'pred(*previous, *i)'
Assertion failed on expression: 'pred(*previous, *i)'
Assertion failed on expression: 'pred(*previous, *i)'
Assertion failed on expression: 'pred(*previous, *i)'
Assertion failed on expression: 'pred(*previous, *i)'
Assertion failed on expression: 'pred(*previous, *i)'
Assertion failed on expression: 'pred(*previous, *i)'
Assertion failed on expression: 'pred(*previous, *i)'
Assertion failed on expression: 'pred(*previous, *i)'
Assertion failed on expression: 'pred(*previous, *i)'
Assertion failed on expression: 'pred(*previous, *i)'
Assertion failed on expression: 'pred(*previous, *i)'
Assertion failed on expression: 'pred(*previous, *i)'
Assertion failed on expression: 'pred(*previous, *i)'
Assertion failed on expression: 'pred(*previous, *i)'
Assertion failed on expression: 'pred(*previous, *i)'
Assertion failed on expression: 'pred(*previous, *i)'
Assertion failed on expression: 'pred(*previous, *i)'
Assertion failed on expression: 'pred(*previous, *i)'
Assertion failed on expression: 'pred(*previous, *i)'
Assertion failed on expression: 'pred(*previous, *i)'
Assertion failed on expression: 'pred(*previous, *i)'
Assertion failed on expression: 'pred(*previous, *i)'
Assertion failed on expression: 'pred(*previous, *i)'
Assertion failed on expression: 'pred(*previous, *i)'
Assertion failed on expression: 'pred(*previous, *i)'
Assertion failed on expression: 'pred(*previous, *i)'
Assertion failed on expression: 'pred(*previous, *i)'
Assertion failed on expression: 'pred(*previous, *i)'
Assertion failed on expression: 'pred(*previous, *i)'
Assertion failed on expression: 'pred(*previous, *i)'
Assertion failed on expression: 'pred(*previous, *i)'
Assertion failed on expression: 'pred(*previous, *i)'
Assertion failed on expression: 'pred(*previous, *i)'
Assertion failed on expression: 'pred(*previous, *i)'
Assertion failed on expression: 'pred(*previous, *i)'
Assertion failed on expression: 'pred(*previous, *i)'
Assertion failed on expression: 'pred(*previous, *i)'
Assertion failed on expression: 'pred(*previous, *i)'
Assertion failed on expression: 'pred(*previous, *i)'
Assertion failed on expression: 'pred(*previous, *i)'
Assertion failed on expression: 'pred(*previous, *i)'
Assertion failed on expression: 'pred(*previous, *i)'
Assertion failed on expression: 'pred(*previous, *i)'
Assertion failed on expression: 'pred(*previous, *i)'
Assertion failed on expression: 'pred(*previous, *i)'
Assertion failed on expression: 'pred(*previous, *i)'
Assertion failed on expression: 'pred(*previous, *i)'
Assertion failed on expression: 'pred(*previous, *i)'
Assertion failed on expression: 'pred(*previous, *i)'
Assertion failed on expression: 'pred(*previous, *i)'
Assertion failed on expression: 'pred(*previous, *i)'
Assertion failed on expression: 'pred(*previous, *i)'
Assertion failed on expression: 'pred(*previous, *i)'
Assertion failed on expression: 'pred(*previous, *i)'
Assertion failed on expression: 'pred(*previous, *i)'
Assertion failed on expression: 'pred(*previous, *i)'
Assertion failed on expression: 'pred(*previous, *i)'
Assertion failed on expression: 'pred(*previous, *i)'
Assertion failed on expression: 'pred(*previous, *i)'
Assertion failed on expression: 'pred(*previous, *i)'
Assertion failed on expression: 'pred(*previous, *i)'
Assertion failed on expression: 'pred(*previous, *i)'
Assertion failed on expression: 'pred(*previous, *i)'
Assertion failed on expression: 'pred(*previous, *i)'
Assertion failed on expression: 'pred(*previous, *i)'
Assertion failed on expression: 'pred(*previous, *i)'
Assertion failed on expression: 'pred(*previous, *i)'
Assertion failed on expression: 'pred(*previous, *i)'
Assertion failed on expression: 'pred(*previous, *i)'
Assertion failed on expression: 'pred(*previous, *i)'
Assertion failed on expression: 'pred(*previous, *i)'
Assertion failed on expression: 'pred(*previous, *i)'
Assertion failed on expression: 'pred(*previous, *i)'
Assertion failed on expression: 'pred(*previous, *i)'
Assertion failed on expression: 'pred(*previous, *i)'
Assertion failed on expression: 'pred(*previous, *i)'
Assertion failed on expression: 'pred(*previous, *i)'
Assertion failed on expression: 'pred(*previous, *i)'
Assertion failed on expression: 'pred(*previous, *i)'
Assertion failed on expression: 'pred(*previous, *i)'
Assertion failed on expression: 'pred(*previous, *i)'
Assertion failed on expression: 'pred(*previous, *i)'
Assertion failed on expression: 'pred(*previous, *i)'
Assertion failed on expression: 'pred(*previous, *i)'
Assertion failed on expression: 'pred(*previous, *i)'
Assertion failed on expression: 'pred(*previous, *i)'
Assertion failed on expression: 'pred(*previous, *i)'
Assertion failed on expression: 'pred(*previous, *i)'
Assertion failed on expression: 'pred(*previous, *i)'
Assertion failed on expression: 'pred(*previous, *i)'
Assertion failed on expression: 'pred(*previous, *i)'
Assertion failed on expression: 'pred(*previous, *i)'
Assertion failed on expression: 'pred(*previous, *i)'
Assertion failed on expression: 'pred(*previous, *i)'
Assertion failed on expression: 'pred(*previous, *i)'
Assertion failed on expression: 'pred(*previous, *i)'
Assertion failed on expression: 'pred(*previous, *i)'
Assertion failed on expression: 'pred(*previous, *i)'
Assertion failed on expression: 'pred(*previous, *i)'
Assertion failed on expression: 'pred(*previous, *i)'
Assertion failed on expression: 'pred(*previous, *i)'
Assertion failed on expression: 'pred(*previous, *i)'
Assertion failed on expression: 'pred(*previous, *i)'
Assertion failed on expression: 'pred(*previous, *i)'
Assertion failed on expression: 'pred(*previous, *i)'
Assertion failed on expression: 'pred(*previous, *i)'
Assertion failed on expression: 'pred(*previous, *i)'
Assertion failed on expression: 'pred(*previous, *i)'
Assertion failed on expression: 'pred(*previous, *i)'
Assertion failed on expression: 'pred(*previous, *i)'
Assertion failed on expression: 'pred(*previous, *i)'
Assertion failed on expression: 'pred(*previous, *i)'
Assertion failed on expression: 'pred(*previous, *i)'
Assertion failed on expression: 'pred(*previous, *i)'
Assertion failed on expression: 'pred(*previous, *i)'
Assertion failed on expression: 'pred(*previous, *i)'
Assertion failed on expression: 'pred(*previous, *i)'
Assertion failed on expression: 'pred(*previous, *i)'
Assertion failed on expression: 'pred(*previous, *i)'
Assertion failed on expression: 'pred(*previous, *i)'
Assertion failed on expression: 'pred(*previous, *i)'
Assertion failed on expression: 'pred(*previous, *i)'
Assertion failed on expression: 'pred(*previous, *i)'
Assertion failed on expression: 'pred(*previous, *i)'
Assertion failed on expression: 'pred(*previous, *i)'
Assertion failed on expression: 'pred(*previous, *i)'
Assertion failed on expression: 'pred(*previous, *i)'
Assertion failed on expression: 'pred(*previous, *i)'
Assertion failed on expression: 'pred(*previous, *i)'
Assertion failed on expression: 'pred(*previous, *i)'
Assertion failed on expression: 'pred(*previous, *i)'
Assertion failed on expression: 'pred(*previous, *i)'
Assertion failed on expression: 'pred(*previous, *i)'
Assertion failed on expression: 'pred(*previous, *i)'
Assertion failed on expression: 'pred(*previous, *i)'
Assertion failed on expression: 'pred(*previous, *i)'
Assertion failed on expression: 'pred(*previous, *i)'
Assertion failed on expression: 'pred(*previous, *i)'
Assertion failed on expression: 'pred(*previous, *i)'
Assertion failed on expression: 'pred(*previous, *i)'
Assertion failed on expression: 'pred(*previous, *i)'
Assertion failed on expression: 'pred(*previous, *i)'
Assertion failed on expression: 'pred(*previous, *i)'
Assertion failed on expression: 'pred(*previous, *i)'
Assertion failed on expression: 'pred(*previous, *i)'
Assertion failed on expression: 'pred(*previous, *i)'
Assertion failed on expression: 'pred(*previous, *i)'
Assertion failed on expression: 'pred(*previous, *i)'
Assertion failed on expression: 'pred(*previous, *i)'
Assertion failed on expression: 'pred(*previous, *i)'
Assertion failed on expression: 'pred(*previous, *i)'
Assertion failed on expression: 'pred(*previous, *i)'
Assertion failed on expression: 'pred(*previous, *i)'
Assertion failed on expression: 'pred(*previous, *i)'
Assertion failed on expression: 'pred(*previous, *i)'
Assertion failed on expression: 'pred(*previous, *i)'
Assertion failed on expression: 'pred(*previous, *i)'
Assertion failed on expression: 'pred(*previous, *i)'
Assertion failed on expression: 'pred(*previous, *i)'
Assertion failed on expression: 'pred(*previous, *i)'
Assertion failed on expression: 'pred(*previous, *i)'
Assertion failed on expression: 'pred(*previous, *i)'
Assertion failed on expression: 'pred(*previous, *i)'
Assertion failed on expression: 'pred(*previous, *i)'
Assertion failed on expression: 'pred(*previous, *i)'
Assertion failed on expression: 'pred(*previous, *i)'
Assertion failed on expression: 'pred(*previous, *i)'
Assertion failed on expression: 'pred(*previous, *i)'
Assertion failed on expression: 'pred(*previous, *i)'
Assertion failed on expression: 'pred(*previous, *i)'
Assertion failed on expression: 'pred(*previous, *i)'
Assertion failed on expression: 'pred(*previous, *i)'
Assertion failed on expression: 'pred(*previous, *i)'
Assertion failed on expression: 'pred(*previous, *i)'
Assertion failed on expression: 'pred(*previous, *i)'
Assertion failed on expression: 'pred(*previous, *i)'
Assertion failed on expression: 'pred(*previous, *i)'
Assertion failed on expression: 'pred(*previous, *i)'
Assertion failed on expression: 'pred(*previous, *i)'
Assertion failed on expression: 'pred(*previous, *i)'
Assertion failed on expression: 'pred(*previous, *i)'
Assertion failed on expression: 'pred(*previous, *i)'
Assertion failed on expression: 'pred(*previous, *i)'
Assertion failed on expression: 'pred(*previous, *i)'
Assertion failed on expression: 'pred(*previous, *i)'
Assertion failed on expression: 'pred(*previous, *i)'
Assertion failed on expression: 'pred(*previous, *i)'
Assertion failed on expression: 'pred(*previous, *i)'
Assertion failed on expression: 'pred(*previous, *i)'
Assertion failed on expression: 'pred(*previous, *i)'
Assertion failed on expression: 'pred(*previous, *i)'
Assertion failed on expression: 'pred(*previous, *i)'
Assertion failed on expression: 'pred(*previous, *i)'
Assertion failed on expression: 'pred(*previous, *i)'
Assertion failed on expression: 'pred(*previous, *i)'
Assertion failed on expression: 'pred(*previous, *i)'
Assertion failed on expression: 'pred(*previous, *i)'
Assertion failed on expression: 'pred(*previous, *i)'
Assertion failed on expression: 'pred(*previous, *i)'
Assertion failed on expression: 'pred(*previous, *i)'
Assertion failed on expression: 'pred(*previous, *i)'
Assertion failed on expression: 'pred(*previous, *i)'
Assertion failed on expression: 'pred(*previous, *i)'
Assertion failed on expression: 'pred(*previous, *i)'
Assertion failed on expression: 'pred(*previous, *i)'
Assertion failed on expression: 'pred(*previous, *i)'
Assertion failed on expression: 'pred(*previous, *i)'
Assertion failed on expression: 'pred(*previous, *i)'
Assertion failed on expression: 'pred(*previous, *i)'
Assertion failed on expression: 'pred(*previous, *i)'
Assertion failed on expression: 'pred(*previous, *i)'
Assertion failed on expression: 'pred(*previous, *i)'
Assertion failed on expression: 'pred(*previous, *i)'
Assertion failed on expression: 'pred(*previous, *i)'
Assertion failed on expression: 'pred(*previous, *i)'
Assertion failed on expression: 'pred(*previous, *i)'
Assertion failed on expression: 'pred(*previous, *i)'
Assertion failed on expression: 'pred(*previous, *i)'
Assertion failed on expression: 'pred(*previous, *i)'
Assertion failed on expression: 'pred(*previous, *i)'
Assertion failed on expression: 'pred(*previous, *i)'
Assertion failed on expression: 'pred(*previous, *i)'
Assertion failed on expression: 'pred(*previous, *i)'
Assertion failed on expression: 'pred(*previous, *i)'
Assertion failed on expression: 'pred(*previous, *i)'
Assertion failed on expression: 'pred(*previous, *i)'
Assertion failed on expression: 'pred(*previous, *i)'
Assertion failed on expression: 'pred(*previous, *i)'
Assertion failed on expression: 'pred(*previous, *i)'
Assertion failed on expression: 'pred(*previous, *i)'
Assertion failed on expression: 'pred(*previous, *i)'
Assertion failed on expression: 'pred(*previous, *i)'
Assertion failed on expression: 'pred(*previous, *i)'
Assertion failed on expression: 'pred(*previous, *i)'
Assertion failed on expression: 'pred(*previous, *i)'
Assertion failed on expression: 'pred(*previous, *i)'
Assertion failed on expression: 'pred(*previous, *i)'
Assertion failed on expression: 'pred(*previous, *i)'
Assertion failed on expression: 'pred(*previous, *i)'
Assertion failed on expression: 'pred(*previous, *i)'
Assertion failed on expression: 'pred(*previous, *i)'
Assertion failed on expression: 'pred(*previous, *i)'
Assertion failed on expression: 'pred(*previous, *i)'
Assertion failed on expression: 'pred(*previous, *i)'
Assertion failed on expression: 'pred(*previous, *i)'
Assertion failed on expression: 'pred(*previous, *i)'
Assertion failed on expression: 'pred(*previous, *i)'
Assertion failed on expression: 'pred(*previous, *i)'
Assertion failed on expression: 'pred(*previous, *i)'
Assertion failed on expression: 'pred(*previous, *i)'
Assertion failed on expression: 'pred(*previous, *i)'
Assertion failed on expression: 'pred(*previous, *i)'
Assertion failed on expression: 'pred(*previous, *i)'
Assertion failed on expression: 'pred(*previous, *i)'
Assertion failed on expression: 'pred(*previous, *i)'
Assertion failed on expression: 'pred(*previous, *i)'
Assertion failed on expression: 'pred(*previous, *i)'
Assertion failed on expression: 'pred(*previous, *i)'
Assertion failed on expression: 'pred(*previous, *i)'
Assertion failed on expression: 'pred(*previous, *i)'
Assertion failed on expression: 'pred(*previous, *i)'
Assertion failed on expression: 'pred(*previous, *i)'
Assertion failed on expression: 'pred(*previous, *i)'
Assertion failed on expression: 'pred(*previous, *i)'
Assertion failed on expression: 'pred(*previous, *i)'
Assertion failed on expression: 'pred(*previous, *i)'
Assertion failed on expression: 'pred(*previous, *i)'
Assertion failed on expression: 'pred(*previous, *i)'
Assertion failed on expression: 'pred(*previous, *i)'
Assertion failed on expression: 'pred(*previous, *i)'
Assertion failed on expression: 'pred(*previous, *i)'
Assertion failed on expression: 'pred(*previous, *i)'
Assertion failed on expression: 'pred(*previous, *i)'
Assertion failed on expression: 'pred(*previous, *i)'
Assertion failed on expression: 'pred(*previous, *i)'
Assertion failed on expression: 'pred(*previous, *i)'
Assertion failed on expression: 'pred(*previous, *i)'
Assertion failed on expression: 'pred(*previous, *i)'
Assertion failed on expression: 'pred(*previous, *i)'
Assertion failed on expression: 'pred(*previous, *i)'
Assertion failed on expression: 'pred(*previous, *i)'
Assertion failed on expression: 'pred(*previous, *i)'
Assertion failed on expression: 'pred(*previous, *i)'
Assertion failed on expression: 'pred(*previous, *i)'
Assertion failed on expression: 'pred(*previous, *i)'
Assertion failed on expression: 'pred(*previous, *i)'
Assertion failed on expression: 'pred(*previous, *i)'
Assertion failed on expression: 'pred(*previous, *i)'
Assertion failed on expression: 'pred(*previous, *i)'
Assertion failed on expression: 'pred(*previous, *i)'
Assertion failed on expression: 'pred(*previous, *i)'
Assertion failed on expression: 'pred(*previous, *i)'
Assertion failed on expression: 'pred(*previous, *i)'
Assertion failed on expression: 'pred(*previous, *i)'
Assertion failed on expression: 'pred(*previous, *i)'
Assertion failed on expression: 'pred(*previous, *i)'
Assertion failed on expression: 'pred(*previous, *i)'
Assertion failed on expression: 'pred(*previous, *i)'
Assertion failed on expression: 'pred(*previous, *i)'
Assertion failed on expression: 'pred(*previous, *i)'
Assertion failed on expression: 'pred(*previous, *i)'
Assertion failed on expression: 'pred(*previous, *i)'
Assertion failed on expression: 'pred(*previous, *i)'
Assertion failed on expression: 'pred(*previous, *i)'
Assertion failed on expression: 'pred(*previous, *i)'
Assertion failed on expression: 'pred(*previous, *i)'
Assertion failed on expression: 'pred(*previous, *i)'
Assertion failed on expression: 'pred(*previous, *i)'
Assertion failed on expression: 'pred(*previous, *i)'
Assertion failed on expression: 'pred(*previous, *i)'
Assertion failed on expression: 'pred(*previous, *i)'
Assertion failed on expression: 'pred(*previous, *i)'
Assertion failed on expression: 'pred(*previous, *i)'
Assertion failed on expression: 'pred(*previous, *i)'
Assertion failed on expression: 'pred(*previous, *i)'
Assertion failed on expression: 'pred(*previous, *i)'
Assertion failed on expression: 'pred(*previous, *i)'
Assertion failed on expression: 'pred(*previous, *i)'
Assertion failed on expression: 'pred(*previous, *i)'
Assertion failed on expression: 'pred(*previous, *i)'
Assertion failed on expression: 'pred(*previous, *i)'
Assertion failed on expression: 'pred(*previous, *i)'
Assertion failed on expression: 'pred(*previous, *i)'
Assertion failed on expression: 'pred(*previous, *i)'
Assertion failed on expression: 'pred(*previous, *i)'
Assertion failed on expression: 'pred(*previous, *i)'
Assertion failed on expression: 'pred(*previous, *i)'
Assertion failed on expression: 'pred(*previous, *i)'
Assertion failed on expression: 'pred(*previous, *i)'
Assertion failed on expression: 'pred(*previous, *i)'
Assertion failed on expression: 'pred(*previous, *i)'
Assertion failed on expression: 'pred(*previous, *i)'
Assertion failed on expression: 'pred(*previous, *i)'
Assertion failed on expression: 'pred(*previous, *i)'
Assertion failed on expression: 'pred(*previous, *i)'
Assertion failed on expression: 'pred(*previous, *i)'
Assertion failed on expression: 'pred(*previous, *i)'
Assertion failed on expression: 'pred(*previous, *i)'
Assertion failed on expression: 'pred(*previous, *i)'
Assertion failed on expression: 'pred(*previous, *i)'
Assertion failed on expression: 'pred(*previous, *i)'
Assertion failed on expression: 'pred(*previous, *i)'
Assertion failed on expression: 'pred(*previous, *i)'
Assertion failed on expression: 'pred(*previous, *i)'
Assertion failed on expression: 'pred(*previous, *i)'
Assertion failed on expression: 'pred(*previous, *i)'
Assertion failed on expression: 'pred(*previous, *i)'
Assertion failed on expression: 'pred(*previous, *i)'
Assertion failed on expression: 'pred(*previous, *i)'
Assertion failed on expression: 'pred(*previous, *i)'
Assertion failed on expression: 'pred(*previous, *i)'
Assertion failed on expression: 'pred(*previous, *i)'
Assertion failed on expression: 'pred(*previous, *i)'
Assertion failed on expression: 'pred(*previous, *i)'
Assertion failed on expression: 'pred(*previous, *i)'
Assertion failed on expression: 'pred(*previous, *i)'
Assertion failed on expression: 'pred(*previous, *i)'
Assertion failed on expression: 'pred(*previous, *i)'
Assertion failed on expression: 'pred(*previous, *i)'
Assertion failed on expression: 'pred(*previous, *i)'
Assertion failed on expression: 'pred(*previous, *i)'
Assertion failed on expression: 'pred(*previous, *i)'
Assertion failed on expression: 'pred(*previous, *i)'
Assertion failed on expression: 'pred(*previous, *i)'
Assertion failed on expression: 'pred(*previous, *i)'
Assertion failed on expression: 'pred(*previous, *i)'
Assertion failed on expression: 'pred(*previous, *i)'
Assertion failed on expression: 'pred(*previous, *i)'
Assertion failed on expression: 'pred(*previous, *i)'
Assertion failed on expression: 'pred(*previous, *i)'
Assertion failed on expression: 'pred(*previous, *i)'
Assertion failed on expression: 'pred(*previous, *i)'
Assertion failed on expression: 'pred(*previous, *i)'
Assertion failed on expression: 'pred(*previous, *i)'
Assertion failed on expression: 'pred(*previous, *i)'
Assertion failed on expression: 'pred(*previous, *i)'
Assertion failed on expression: 'pred(*previous, *i)'
Assertion failed on expression: 'pred(*previous, *i)'
Assertion failed on expression: 'pred(*previous, *i)'
Assertion failed on expression: 'pred(*previous, *i)'
Assertion failed on expression: 'pred(*previous, *i)'
Assertion failed on expression: 'pred(*previous, *i)'
Assertion failed on expression: 'pred(*previous, *i)'
Assertion failed on expression: 'pred(*previous, *i)'
Assertion failed on expression: 'pred(*previous, *i)'
Assertion failed on expression: 'pred(*previous, *i)'
Assertion failed on expression: 'pred(*previous, *i)'
Assertion failed on expression: 'pred(*previous, *i)'
Assertion failed on expression: 'pred(*previous, *i)'
Assertion failed on expression: 'pred(*previous, *i)'
Assertion failed on expression: 'pred(*previous, *i)'
Assertion failed on expression: 'pred(*previous, *i)'
Assertion failed on expression: 'pred(*previous, *i)'
Assertion failed on expression: 'pred(*previous, *i)'
Assertion failed on expression: 'pred(*previous, *i)'
Assertion failed on expression: 'pred(*previous, *i)'
Assertion failed on expression: 'pred(*previous, *i)'
Assertion failed on expression: 'pred(*previous, *i)'
Assertion failed on expression: 'pred(*previous, *i)'
Assertion failed on expression: 'pred(*previous, *i)'
Assertion failed on expression: 'pred(*previous, *i)'
Assertion failed on expression: 'pred(*previous, *i)'
Assertion failed on expression: 'pred(*previous, *i)'
Assertion failed on expression: 'pred(*previous, *i)'
Assertion failed on expression: 'pred(*previous, *i)'
Assertion failed on expression: 'pred(*previous, *i)'
Assertion failed on expression: 'pred(*previous, *i)'
Assertion failed on expression: 'pred(*previous, *i)'
Assertion failed on expression: 'pred(*previous, *i)'
Assertion failed on expression: 'pred(*previous, *i)'
Assertion failed on expression: 'pred(*previous, *i)'
Assertion failed on expression: 'pred(*previous, *i)'
Assertion failed on expression: 'pred(*previous, *i)'
Assertion failed on expression: 'pred(*previous, *i)'
Assertion failed on expression: 'pred(*previous, *i)'
Assertion failed on expression: 'pred(*previous, *i)'
Assertion failed on expression: 'pred(*previous, *i)'
Assertion failed on expression: 'pred(*previous, *i)'
Assertion failed on expression: 'pred(*previous, *i)'
Assertion failed on expression: 'pred(*previous, *i)'
Assertion failed on expression: 'pred(*previous, *i)'
Assertion failed on expression: 'pred(*previous, *i)'
Assertion failed on expression: 'pred(*previous, *i)'
Assertion failed on expression: 'pred(*previous, *i)'
Assertion failed on expression: 'pred(*previous, *i)'
Assertion failed on expression: 'pred(*previous, *i)'
Assertion failed on expression: 'pred(*previous, *i)'
Assertion failed on expression: 'pred(*previous, *i)'
Assertion failed on expression: 'pred(*previous, *i)'
Assertion failed on expression: 'pred(*previous, *i)'
Assertion failed on expression: 'pred(*previous, *i)'
Assertion failed on expression: 'pred(*previous, *i)'
Assertion failed on expression: 'pred(*previous, *i)'
Assertion failed on expression: 'pred(*previous, *i)'
Assertion failed on expression: 'pred(*previous, *i)'
Assertion failed on expression: 'pred(*previous, *i)'
Assertion failed on expression: 'pred(*previous, *i)'
Assertion failed on expression: 'pred(*previous, *i)'
Assertion failed on expression: 'pred(*previous, *i)'
Assertion failed on expression: 'pred(*previous, *i)'
Assertion failed on expression: 'pred(*previous, *i)'
Assertion failed on expression: 'pred(*previous, *i)'
Assertion failed on expression: 'pred(*previous, *i)'
Assertion failed on expression: 'pred(*previous, *i)'
Assertion failed on expression: 'pred(*previous, *i)'
Assertion failed on expression: 'pred(*previous, *i)'
Assertion failed on expression: 'pred(*previous, *i)'
Assertion failed on expression: 'pred(*previous, *i)'
Assertion failed on expression: 'pred(*previous, *i)'
Assertion failed on expression: 'pred(*previous, *i)'
Assertion failed on expression: 'pred(*previous, *i)'
Assertion failed on expression: 'pred(*previous, *i)'
Assertion failed on expression: 'pred(*previous, *i)'
Assertion failed on expression: 'pred(*previous, *i)'
Assertion failed on expression: 'pred(*previous, *i)'
Assertion failed on expression: 'pred(*previous, *i)'
Assertion failed on expression: 'pred(*previous, *i)'
Assertion failed on expression: 'pred(*previous, *i)'
Assertion failed on expression: 'pred(*previous, *i)'
Assertion failed on expression: 'pred(*previous, *i)'
Assertion failed on expression: 'pred(*previous, *i)'
Assertion failed on expression: 'pred(*previous, *i)'
Assertion failed on expression: 'pred(*previous, *i)'
Assertion failed on expression: 'pred(*previous, *i)'
Assertion failed on expression: 'pred(*previous, *i)'
Assertion failed on expression: 'pred(*previous, *i)'
Assertion failed on expression: 'pred(*previous, *i)'
Assertion failed on expression: 'pred(*previous, *i)'
Assertion failed on expression: 'pred(*previous, *i)'
Assertion failed on expression: 'pred(*previous, *i)'
Assertion failed on expression: 'pred(*previous, *i)'
Assertion failed on expression: 'pred(*previous, *i)'
Assertion failed on expression: 'pred(*previous, *i)'
Assertion failed on expression: 'pred(*previous, *i)'
Assertion failed on expression: 'pred(*previous, *i)'
Assertion failed on expression: 'pred(*previous, *i)'
Assertion failed on expression: 'pred(*previous, *i)'
Assertion failed on expression: 'pred(*previous, *i)'
Assertion failed on expression: 'pred(*previous, *i)'
Assertion failed on expression: 'pred(*previous, *i)'
Assertion failed on expression: 'pred(*previous, *i)'
Assertion failed on expression: 'pred(*previous, *i)'
Assertion failed on expression: 'pred(*previous, *i)'
Assertion failed on expression: 'pred(*previous, *i)'
Assertion failed on expression: 'pred(*previous, *i)'
Assertion failed on expression: 'pred(*previous, *i)'
Assertion failed on expression: 'pred(*previous, *i)'
Assertion failed on expression: 'pred(*previous, *i)'
Assertion failed on expression: 'pred(*previous, *i)'
Assertion failed on expression: 'pred(*previous, *i)'
Assertion failed on expression: 'pred(*previous, *i)'
Assertion failed on expression: 'pred(*previous, *i)'
Assertion failed on expression: 'pred(*previous, *i)'
Assertion failed on expression: 'pred(*previous, *i)'
Assertion failed on expression: 'pred(*previous, *i)'
Assertion failed on expression: 'pred(*previous, *i)'
Assertion failed on expression: 'pred(*previous, *i)'
Assertion failed on expression: 'pred(*previous, *i)'
Assertion failed on expression: 'pred(*previous, *i)'
Assertion failed on expression: 'pred(*previous, *i)'
Assertion failed on expression: 'pred(*previous, *i)'
Assertion failed on expression: 'pred(*previous, *i)'
Assertion failed on expression: 'pred(*previous, *i)'
Assertion failed on expression: 'pred(*previous, *i)'
Assertion failed on expression: 'pred(*previous, *i)'
Assertion failed on expression: 'pred(*previous, *i)'
Assertion failed on expression: 'pred(*previous, *i)'
Assertion failed on expression: 'pred(*previous, *i)'
Assertion failed on expression: 'pred(*previous, *i)'
Assertion failed on expression: 'pred(*previous, *i)'
Assertion failed on expression: 'pred(*previous, *i)'
Assertion failed on expression: 'pred(*previous, *i)'
Assertion failed on expression: 'pred(*previous, *i)'
Assertion failed on expression: 'pred(*previous, *i)'
Assertion failed on expression: 'pred(*previous, *i)'
Assertion failed on expression: 'pred(*previous, *i)'
Assertion failed on expression: 'pred(*previous, *i)'
Assertion failed on expression: 'pred(*previous, *i)'
Assertion failed on expression: 'pred(*previous, *i)'
Assertion failed on expression: 'pred(*previous, *i)'
Assertion failed on expression: 'pred(*previous, *i)'
Assertion failed on expression: 'pred(*previous, *i)'
Assertion failed on expression: 'pred(*previous, *i)'
Assertion failed on expression: 'pred(*previous, *i)'
Assertion failed on expression: 'pred(*previous, *i)'
Assertion failed on expression: 'pred(*previous, *i)'
Assertion failed on expression: 'pred(*previous, *i)'
Assertion failed on expression: 'pred(*previous, *i)'
Assertion failed on expression: 'pred(*previous, *i)'
Assertion failed on expression: 'pred(*previous, *i)'
Assertion failed on expression: 'pred(*previous, *i)'
Assertion failed on expression: 'pred(*previous, *i)'
Assertion failed on expression: 'pred(*previous, *i)'
Assertion failed on expression: 'pred(*previous, *i)'
Assertion failed on expression: 'pred(*previous, *i)'
Assertion failed on expression: 'pred(*previous, *i)'
Assertion failed on expression: 'pred(*previous, *i)'
Assertion failed on expression: 'pred(*previous, *i)'
Assertion failed on expression: 'pred(*previous, *i)'
Assertion failed on expression: 'pred(*previous, *i)'
Assertion failed on expression: 'pred(*previous, *i)'
Assertion failed on expression: 'pred(*previous, *i)'
Assertion failed on expression: 'pred(*previous, *i)'
Assertion failed on expression: 'pred(*previous, *i)'
Assertion failed on expression: 'pred(*previous, *i)'
Assertion failed on expression: 'pred(*previous, *i)'
Assertion failed on expression: 'pred(*previous, *i)'
Assertion failed on expression: 'pred(*previous, *i)'
Assertion failed on expression: 'pred(*previous, *i)'
Assertion failed on expression: 'pred(*previous, *i)'
Assertion failed on expression: 'pred(*previous, *i)'
Assertion failed on expression: 'pred(*previous, *i)'
Assertion failed on expression: 'pred(*previous, *i)'
Assertion failed on expression: 'pred(*previous, *i)'
Assertion failed on expression: 'pred(*previous, *i)'
Assertion failed on expression: 'pred(*previous, *i)'
Assertion failed on expression: 'pred(*previous, *i)'
Assertion failed on expression: 'pred(*previous, *i)'
Assertion failed on expression: 'pred(*previous, *i)'
Assertion failed on expression: 'pred(*previous, *i)'
Assertion failed on expression: 'pred(*previous, *i)'
Assertion failed on expression: 'pred(*previous, *i)'
Assertion failed on expression: 'pred(*previous, *i)'
Assertion failed on expression: 'pred(*previous, *i)'
Assertion failed on expression: 'pred(*previous, *i)'
Assertion failed on expression: 'pred(*previous, *i)'
Assertion failed on expression: 'pred(*previous, *i)'
Assertion failed on expression: 'pred(*previous, *i)'
Assertion failed on expression: 'pred(*previous, *i)'
Assertion failed on expression: 'pred(*previous, *i)'
Assertion failed on expression: 'pred(*previous, *i)'
Assertion failed on expression: 'pred(*previous, *i)'
Assertion failed on expression: 'pred(*previous, *i)'
Assertion failed on expression: 'pred(*previous, *i)'
Assertion failed on expression: 'pred(*previous, *i)'
Assertion failed on expression: 'pred(*previous, *i)'
Assertion failed on expression: 'pred(*previous, *i)'
Assertion failed on expression: 'pred(*previous, *i)'
Assertion failed on expression: 'pred(*previous, *i)'
Assertion failed on expression: 'pred(*previous, *i)'
Assertion failed on expression: 'pred(*previous, *i)'
Assertion failed on expression: 'pred(*previous, *i)'
Assertion failed on expression: 'pred(*previous, *i)'
Assertion failed on expression: 'pred(*previous, *i)'
Assertion failed on expression: 'pred(*previous, *i)'
Assertion failed on expression: 'pred(*previous, *i)'
Assertion failed on expression: 'pred(*previous, *i)'
Assertion failed on expression: 'pred(*previous, *i)'
Assertion failed on expression: 'pred(*previous, *i)'
Assertion failed on expression: 'pred(*previous, *i)'
Assertion failed on expression: 'pred(*previous, *i)'
Assertion failed on expression: 'pred(*previous, *i)'
Assertion failed on expression: 'pred(*previous, *i)'
Assertion failed on expression: 'pred(*previous, *i)'
Assertion failed on expression: 'pred(*previous, *i)'
Assertion failed on expression: 'pred(*previous, *i)'
Assertion failed on expression: 'pred(*previous, *i)'
Assertion failed on expression: 'pred(*previous, *i)'
Assertion failed on expression: 'pred(*previous, *i)'
Assertion failed on expression: 'pred(*previous, *i)'
Assertion failed on expression: 'pred(*previous, *i)'
Assertion failed on expression: 'pred(*previous, *i)'
Assertion failed on expression: 'pred(*previous, *i)'
Assertion failed on expression: 'pred(*previous, *i)'
Assertion failed on expression: 'pred(*previous, *i)'
Assertion failed on expression: 'pred(*previous, *i)'
Assertion failed on expression: 'pred(*previous, *i)'
Assertion failed on expression: 'pred(*previous, *i)'
Assertion failed on expression: 'pred(*previous, *i)'
Assertion failed on expression: 'pred(*previous, *i)'
Assertion failed on expression: 'pred(*previous, *i)'
Assertion failed on expression: 'pred(*previous, *i)'
Assertion failed on expression: 'pred(*previous, *i)'
Assertion failed on expression: 'pred(*previous, *i)'
Assertion failed on expression: 'pred(*previous, *i)'
Assertion failed on expression: 'pred(*previous, *i)'
Assertion failed on expression: 'pred(*previous, *i)'
Assertion failed on expression: 'pred(*previous, *i)'
Assertion failed on expression: 'pred(*previous, *i)'
Assertion failed on expression: 'pred(*previous, *i)'
Assertion failed on expression: 'pred(*previous, *i)'
Assertion failed on expression: 'pred(*previous, *i)'
Assertion failed on expression: 'pred(*previous, *i)'
Assertion failed on expression: 'pred(*previous, *i)'
Assertion failed on expression: 'pred(*previous, *i)'
Assertion failed on expression: 'pred(*previous, *i)'
Assertion failed on expression: 'pred(*previous, *i)'
Assertion failed on expression: 'pred(*previous, *i)'
Assertion failed on expression: 'pred(*previous, *i)'
Assertion failed on expression: 'pred(*previous, *i)'
Assertion failed on expression: 'pred(*previous, *i)'
Assertion failed on expression: 'pred(*previous, *i)'
Assertion failed on expression: 'pred(*previous, *i)'
Assertion failed on expression: 'pred(*previous, *i)'
Assertion failed on expression: 'pred(*previous, *i)'
Assertion failed on expression: 'pred(*previous, *i)'
Assertion failed on expression: 'pred(*previous, *i)'
Assertion failed on expression: 'pred(*previous, *i)'
Assertion failed on expression: 'pred(*previous, *i)'
Assertion failed on expression: 'pred(*previous, *i)'
Assertion failed on expression: 'pred(*previous, *i)'
Assertion failed on expression: 'pred(*previous, *i)'
Assertion failed on expression: 'pred(*previous, *i)'
Assertion failed on expression: 'pred(*previous, *i)'
Assertion failed on expression: 'pred(*previous, *i)'
Assertion failed on expression: 'pred(*previous, *i)'
Assertion failed on expression: 'pred(*previous, *i)'
Assertion failed on expression: 'pred(*previous, *i)'
Assertion failed on expression: 'pred(*previous, *i)'
Assertion failed on expression: 'pred(*previous, *i)'
Assertion failed on expression: 'pred(*previous, *i)'
Assertion failed on expression: 'pred(*previous, *i)'
Assertion failed on expression: 'pred(*previous, *i)'
Assertion failed on expression: 'pred(*previous, *i)'
Assertion failed on expression: 'pred(*previous, *i)'
Assertion failed on expression: 'pred(*previous, *i)'
Assertion failed on expression: 'pred(*previous, *i)'
Assertion failed on expression: 'pred(*previous, *i)'
Assertion failed on expression: 'pred(*previous, *i)'
Assertion failed on expression: 'pred(*previous, *i)'
Assertion failed on expression: 'pred(*previous, *i)'
Assertion failed on expression: 'pred(*previous, *i)'
Assertion failed on expression: 'pred(*previous, *i)'
Assertion failed on expression: 'pred(*previous, *i)'
Assertion failed on expression: 'pred(*previous, *i)'
Assertion failed on expression: 'pred(*previous, *i)'
Assertion failed on expression: 'pred(*previous, *i)'
Assertion failed on expression: 'pred(*previous, *i)'
Assertion failed on expression: 'pred(*previous, *i)'
Assertion failed on expression: 'pred(*previous, *i)'
Assertion failed on expression: 'pred(*previous, *i)'
Assertion failed on expression: 'pred(*previous, *i)'
Assertion failed on expression: 'pred(*previous, *i)'
Assertion failed on expression: 'pred(*previous, *i)'
Assertion failed on expression: 'pred(*previous, *i)'
Assertion failed on expression: 'pred(*previous, *i)'
Assertion failed on expression: 'pred(*previous, *i)'
Assertion failed on expression: 'pred(*previous, *i)'
Assertion failed on expression: 'pred(*previous, *i)'
Assertion failed on expression: 'pred(*previous, *i)'
Assertion failed on expression: 'pred(*previous, *i)'
Assertion failed on expression: 'pred(*previous, *i)'
Assertion failed on expression: 'pred(*previous, *i)'
Assertion failed on expression: 'pred(*previous, *i)'
Assertion failed on expression: 'pred(*previous, *i)'
Assertion failed on expression: 'pred(*previous, *i)'
Assertion failed on expression: 'pred(*previous, *i)'
Assertion failed on expression: 'pred(*previous, *i)'
Assertion failed on expression: 'pred(*previous, *i)'
Assertion failed on expression: 'pred(*previous, *i)'
Assertion failed on expression: 'pred(*previous, *i)'
Assertion failed on expression: 'pred(*previous, *i)'
Assertion failed on expression: 'pred(*previous, *i)'
Assertion failed on expression: 'pred(*previous, *i)'
Assertion failed on expression: 'pred(*previous, *i)'
Assertion failed on expression: 'pred(*previous, *i)'
Assertion failed on expression: 'pred(*previous, *i)'
Assertion failed on expression: 'pred(*previous, *i)'
Assertion failed on expression: 'pred(*previous, *i)'
Assertion failed on expression: 'pred(*previous, *i)'
Assertion failed on expression: 'pred(*previous, *i)'
Assertion failed on expression: 'pred(*previous, *i)'
Assertion failed on expression: 'pred(*previous, *i)'
Assertion failed on expression: 'pred(*previous, *i)'
Assertion failed on expression: 'pred(*previous, *i)'
Assertion failed on expression: 'pred(*previous, *i)'
Assertion failed on expression: 'pred(*previous, *i)'
Assertion failed on expression: 'pred(*previous, *i)'
Assertion failed on expression: 'pred(*previous, *i)'
Assertion failed on expression: 'pred(*previous, *i)'
Assertion failed on expression: 'pred(*previous, *i)'
Assertion failed on expression: 'pred(*previous, *i)'
Assertion failed on expression: 'pred(*previous, *i)'
Assertion failed on expression: 'pred(*previous, *i)'
Assertion failed on expression: 'pred(*previous, *i)'
Assertion failed on expression: 'pred(*previous, *i)'
Assertion failed on expression: 'pred(*previous, *i)'
Assertion failed on expression: 'pred(*previous, *i)'
Assertion failed on expression: 'pred(*previous, *i)'
Assertion failed on expression: 'pred(*previous, *i)'
Assertion failed on expression: 'pred(*previous, *i)'
Assertion failed on expression: 'pred(*previous, *i)'
Assertion failed on expression: 'pred(*previous, *i)'
Assertion failed on expression: 'pred(*previous, *i)'
Assertion failed on expression: 'pred(*previous, *i)'
Assertion failed on expression: 'pred(*previous, *i)'
Assertion failed on expression: 'pred(*previous, *i)'
Assertion failed on expression: 'pred(*previous, *i)'
Assertion failed on expression: 'pred(*previous, *i)'
Assertion failed on expression: 'pred(*previous, *i)'
Assertion failed on expression: 'pred(*previous, *i)'
Assertion failed on expression: 'pred(*previous, *i)'
Assertion failed on expression: 'pred(*previous, *i)'
Assertion failed on expression: 'pred(*previous, *i)'
Assertion failed on expression: 'pred(*previous, *i)'
Assertion failed on expression: 'pred(*previous, *i)'
Assertion failed on expression: 'pred(*previous, *i)'
Assertion failed on expression: 'pred(*previous, *i)'
Assertion failed on expression: 'pred(*previous, *i)'
Assertion failed on expression: 'pred(*previous, *i)'
Assertion failed on expression: 'pred(*previous, *i)'
Assertion failed on expression: 'pred(*previous, *i)'
Assertion failed on expression: 'pred(*previous, *i)'
Assertion failed on expression: 'pred(*previous, *i)'
Assertion failed on expression: 'pred(*previous, *i)'
Assertion failed on expression: 'pred(*previous, *i)'
Assertion failed on expression: 'pred(*previous, *i)'
Assertion failed on expression: 'pred(*previous, *i)'
Assertion failed on expression: 'pred(*previous, *i)'
Assertion failed on expression: 'pred(*previous, *i)'
Assertion failed on expression: 'pred(*previous, *i)'
Assertion failed on expression: 'pred(*previous, *i)'
Assertion failed on expression: 'pred(*previous, *i)'
Assertion failed on expression: 'pred(*previous, *i)'
Assertion failed on expression: 'pred(*previous, *i)'
Assertion failed on expression: 'pred(*previous, *i)'
Assertion failed on expression: 'pred(*previous, *i)'
Assertion failed on expression: 'pred(*previous, *i)'
Assertion failed on expression: 'pred(*previous, *i)'
Assertion failed on expression: 'pred(*previous, *i)'
Assertion failed on expression: 'pred(*previous, *i)'
Assertion failed on expression: 'pred(*previous, *i)'
Assertion failed on expression: 'pred(*previous, *i)'
Assertion failed on expression: 'pred(*previous, *i)'
Assertion failed on expression: 'pred(*previous, *i)'
Assertion failed on expression: 'pred(*previous, *i)'
Assertion failed on expression: 'pred(*previous, *i)'
Assertion failed on expression: 'pred(*previous, *i)'
Assertion failed on expression: 'pred(*previous, *i)'
Assertion failed on expression: 'pred(*previous, *i)'
Assertion failed on expression: 'pred(*previous, *i)'
Assertion failed on expression: 'pred(*previous, *i)'
Assertion failed on expression: 'pred(*previous, *i)'
Assertion failed on expression: 'pred(*previous, *i)'
Assertion failed on expression: 'pred(*previous, *i)'
Assertion failed on expression: 'pred(*previous, *i)'
Assertion failed on expression: 'pred(*previous, *i)'
Assertion failed on expression: 'pred(*previous, *i)'
Assertion failed on expression: 'pred(*previous, *i)'
Assertion failed on expression: 'pred(*previous, *i)'
Assertion failed on expression: 'pred(*previous, *i)'
Assertion failed on expression: 'pred(*previous, *i)'
Assertion failed on expression: 'pred(*previous, *i)'
Assertion failed on expression: 'pred(*previous, *i)'
Assertion failed on expression: 'pred(*previous, *i)'
Assertion failed on expression: 'pred(*previous, *i)'
Assertion failed on expression: 'pred(*previous, *i)'
Assertion failed on expression: 'pred(*previous, *i)'
Assertion failed on expression: 'pred(*previous, *i)'
Assertion failed on expression: 'pred(*previous, *i)'
Assertion failed on expression: 'pred(*previous, *i)'
Assertion failed on expression: 'pred(*previous, *i)'
Assertion failed on expression: 'pred(*previous, *i)'
Assertion failed on expression: 'pred(*previous, *i)'
Assertion failed on expression: 'pred(*previous, *i)'
Assertion failed on expression: 'pred(*previous, *i)'
Assertion failed on expression: 'pred(*previous, *i)'
Assertion failed on expression: 'pred(*previous, *i)'
Assertion failed on expression: 'pred(*previous, *i)'
Assertion failed on expression: 'pred(*previous, *i)'
Assertion failed on expression: 'pred(*previous, *i)'
Assertion failed on expression: 'pred(*previous, *i)'
Assertion failed on expression: 'pred(*previous, *i)'
Assertion failed on expression: 'pred(*previous, *i)'
Assertion failed on expression: 'pred(*previous, *i)'
Assertion failed on expression: 'pred(*previous, *i)'
Assertion failed on expression: 'pred(*previous, *i)'
Assertion failed on expression: 'pred(*previous, *i)'
Assertion failed on expression: 'pred(*previous, *i)'
Assertion failed on expression: 'pred(*previous, *i)'
Assertion failed on expression: 'pred(*previous, *i)'
Assertion failed on expression: 'pred(*previous, *i)'
Assertion failed on expression: 'pred(*previous, *i)'
Assertion failed on expression: 'pred(*previous, *i)'
Assertion failed on expression: 'pred(*previous, *i)'
Assertion failed on expression: 'pred(*previous, *i)'
Assertion failed on expression: 'pred(*previous, *i)'
Assertion failed on expression: 'pred(*previous, *i)'
Assertion failed on expression: 'pred(*previous, *i)'
Assertion failed on expression: 'pred(*previous, *i)'
Assertion failed on expression: 'pred(*previous, *i)'
Assertion failed on expression: 'pred(*previous, *i)'
Assertion failed on expression: 'pred(*previous, *i)'
Assertion failed on expression: 'pred(*previous, *i)'
Assertion failed on expression: 'pred(*previous, *i)'
Assertion failed on expression: 'pred(*previous, *i)'
Assertion failed on expression: 'pred(*previous, *i)'
Assertion failed on expression: 'pred(*previous, *i)'
Assertion failed on expression: 'pred(*previous, *i)'
Assertion failed on expression: 'pred(*previous, *i)'
Assertion failed on expression: 'pred(*previous, *i)'
Assertion failed on expression: 'pred(*previous, *i)'
Assertion failed on expression: 'pred(*previous, *i)'
Assertion failed on expression: 'pred(*previous, *i)'
Assertion failed on expression: 'pred(*previous, *i)'
Assertion failed on expression: 'pred(*previous, *i)'
Assertion failed on expression: 'pred(*previous, *i)'
Assertion failed on expression: 'pred(*previous, *i)'
Assertion failed on expression: 'pred(*previous, *i)'
Assertion failed on expression: 'pred(*previous, *i)'
Assertion failed on expression: 'pred(*previous, *i)'
Assertion failed on expression: 'pred(*previous, *i)'
Assertion failed on expression: 'pred(*previous, *i)'
Assertion failed on expression: 'pred(*previous, *i)'
Assertion failed on expression: 'pred(*previous, *i)'
Assertion failed on expression: 'pred(*previous, *i)'
Assertion failed on expression: 'pred(*previous, *i)'
Assertion failed on expression: 'pred(*previous, *i)'
Assertion failed on expression: 'pred(*previous, *i)'
Assertion failed on expression: 'pred(*previous, *i)'
Assertion failed on expression: 'pred(*previous, *i)'
Assertion failed on expression: 'pred(*previous, *i)'
Assertion failed on expression: 'pred(*previous, *i)'
Assertion failed on expression: 'pred(*previous, *i)'
Assertion failed on expression: 'pred(*previous, *i)'
Assertion failed on expression: 'pred(*previous, *i)'
Assertion failed on expression: 'pred(*previous, *i)'
Assertion failed on expression: 'pred(*previous, *i)'
Assertion failed on expression: 'pred(*previous, *i)'
Assertion failed on expression: 'pred(*previous, *i)'
Assertion failed on expression: 'pred(*previous, *i)'
Assertion failed on expression: 'pred(*previous, *i)'
Assertion failed on expression: 'pred(*previous, *i)'
Assertion failed on expression: 'pred(*previous, *i)'
Assertion failed on expression: 'pred(*previous, *i)'
Assertion failed on expression: 'pred(*previous, *i)'
Assertion failed on expression: 'pred(*previous, *i)'
Assertion failed on expression: 'pred(*previous, *i)'
Assertion failed on expression: 'pred(*previous, *i)'
Assertion failed on expression: 'pred(*previous, *i)'
Assertion failed on expression: 'pred(*previous, *i)'
Assertion failed on expression: 'pred(*previous, *i)'
Assertion failed on expression: 'pred(*previous, *i)'
Assertion failed on expression: 'pred(*previous, *i)'
Assertion failed on expression: 'pred(*previous, *i)'
Assertion failed on expression: 'pred(*previous, *i)'
Assertion failed on expression: 'pred(*previous, *i)'
Assertion failed on expression: 'pred(*previous, *i)'
Assertion failed on expression: 'pred(*previous, *i)'
Assertion failed on expression: 'pred(*previous, *i)'
Assertion failed on expression: 'pred(*previous, *i)'
Assertion failed on expression: 'pred(*previous, *i)'
Assertion failed on expression: 'pred(*previous, *i)'
Assertion failed on expression: 'pred(*previous, *i)'
Assertion failed on expression: 'pred(*previous, *i)'
Assertion failed on expression: 'pred(*previous, *i)'
Assertion failed on expression: 'pred(*previous, *i)'
Assertion failed on expression: 'pred(*previous, *i)'
Assertion failed on expression: 'pred(*previous, *i)'
Assertion failed on expression: 'pred(*previous, *i)'
Assertion failed on expression: 'pred(*previous, *i)'
Assertion failed on expression: 'pred(*previous, *i)'
Assertion failed on expression: 'pred(*previous, *i)'
Assertion failed on expression: 'pred(*previous, *i)'
Assertion failed on expression: 'pred(*previous, *i)'
Assertion failed on expression: 'pred(*previous, *i)'
Assertion failed on expression: 'pred(*previous, *i)'
Assertion failed on expression: 'pred(*previous, *i)'
Assertion failed on expression: 'pred(*previous, *i)'
Assertion failed on expression: 'pred(*previous, *i)'
Assertion failed on expression: 'pred(*previous, *i)'
Assertion failed on expression: 'pred(*previous, *i)'
Assertion failed on expression: 'pred(*previous, *i)'
Assertion failed on expression: 'pred(*previous, *i)'
Assertion failed on expression: 'pred(*previous, *i)'
Assertion failed on expression: 'pred(*previous, *i)'
Assertion failed on expression: 'pred(*previous, *i)'
Assertion failed on expression: 'pred(*previous, *i)'
Assertion failed on expression: 'pred(*previous, *i)'
Assertion failed on expression: 'pred(*previous, *i)'
Assertion failed on expression: 'pred(*previous, *i)'
Assertion failed on expression: 'pred(*previous, *i)'
Assertion failed on expression: 'pred(*previous, *i)'
Assertion failed on expression: 'pred(*previous, *i)'
Assertion failed on expression: 'pred(*previous, *i)'
Assertion failed on expression: 'pred(*previous, *i)'
Assertion failed on expression: 'pred(*previous, *i)'
Assertion failed on expression: 'pred(*previous, *i)'
Assertion failed on expression: 'pred(*previous, *i)'
Assertion failed on expression: 'pred(*previous, *i)'
Assertion failed on expression: 'pred(*previous, *i)'
Assertion failed on expression: 'pred(*previous, *i)'
Assertion failed on expression: 'pred(*previous, *i)'
Assertion failed on expression: 'pred(*previous, *i)'
Assertion failed on expression: 'pred(*previous, *i)'
Assertion failed on expression: 'pred(*previous, *i)'
Assertion failed on expression: 'pred(*previous, *i)'
Assertion failed on expression: 'pred(*previous, *i)'
Assertion failed on expression: 'pred(*previous, *i)'
Assertion failed on expression: 'pred(*previous, *i)'
Assertion failed on expression: 'pred(*previous, *i)'
Assertion failed on expression: 'pred(*previous, *i)'
Assertion failed on expression: 'pred(*previous, *i)'
Assertion failed on expression: 'pred(*previous, *i)'
Assertion failed on expression: 'pred(*previous, *i)'
Assertion failed on expression: 'pred(*previous, *i)'
Assertion failed on expression: 'pred(*previous, *i)'
Assertion failed on expression: 'pred(*previous, *i)'
Assertion failed on expression: 'pred(*previous, *i)'
Assertion failed on expression: 'pred(*previous, *i)'
Assertion failed on expression: 'pred(*previous, *i)'
Assertion failed on expression: 'pred(*previous, *i)'
Assertion failed on expression: 'pred(*previous, *i)'
Assertion failed on expression: 'pred(*previous, *i)'
Assertion failed on expression: 'pred(*previous, *i)'
Assertion failed on expression: 'pred(*previous, *i)'
Assertion failed on expression: 'pred(*previous, *i)'
Assertion failed on expression: 'pred(*previous, *i)'
Assertion failed on expression: 'pred(*previous, *i)'
Assertion failed on expression: 'pred(*previous, *i)'
Assertion failed on expression: 'pred(*previous, *i)'
Assertion failed on expression: 'pred(*previous, *i)'
Assertion failed on expression: 'pred(*previous, *i)'
Assertion failed on expression: 'pred(*previous, *i)'
Assertion failed on expression: 'pred(*previous, *i)'
Assertion failed on expression: 'pred(*previous, *i)'
Assertion failed on expression: 'pred(*previous, *i)'
Assertion failed on expression: 'pred(*previous, *i)'
Assertion failed on expression: 'pred(*previous, *i)'
Assertion failed on expression: 'pred(*previous, *i)'
Assertion failed on expression: 'pred(*previous, *i)'
Assertion failed on expression: 'pred(*previous, *i)'
Assertion failed on expression: 'pred(*previous, *i)'
Assertion failed on expression: 'pred(*previous, *i)'
Assertion failed on expression: 'pred(*previous, *i)'
Assertion failed on expression: 'pred(*previous, *i)'
Assertion failed on expression: 'pred(*previous, *i)'
Assertion failed on expression: 'pred(*previous, *i)'
Assertion failed on expression: 'pred(*previous, *i)'
Assertion failed on expression: 'pred(*previous, *i)'
Assertion failed on expression: 'pred(*previous, *i)'
Assertion failed on expression: 'pred(*previous, *i)'
Assertion failed on expression: 'pred(*previous, *i)'
Assertion failed on expression: 'pred(*previous, *i)'
Assertion failed on expression: 'pred(*previous, *i)'
Assertion failed on expression: 'pred(*previous, *i)'
Assertion failed on expression: 'pred(*previous, *i)'
Assertion failed on expression: 'pred(*previous, *i)'
Assertion failed on expression: 'pred(*previous, *i)'
Assertion failed on expression: 'pred(*previous, *i)'
Assertion failed on expression: 'pred(*previous, *i)'
Assertion failed on expression: 'pred(*previous, *i)'
Assertion failed on expression: 'pred(*previous, *i)'
Assertion failed on expression: 'pred(*previous, *i)'
Assertion failed on expression: 'pred(*previous, *i)'
Assertion failed on expression: 'pred(*previous, *i)'
Assertion failed on expression: 'pred(*previous, *i)'
Assertion failed on expression: 'pred(*previous, *i)'
Assertion failed on expression: 'pred(*previous, *i)'
Assertion failed on expression: 'pred(*previous, *i)'
Assertion failed on expression: 'pred(*previous, *i)'
Assertion failed on expression: 'pred(*previous, *i)'
Assertion failed on expression: 'pred(*previous, *i)'
Assertion failed on expression: 'pred(*previous, *i)'
Assertion failed on expression: 'pred(*previous, *i)'
Assertion failed on expression: 'pred(*previous, *i)'
Assertion failed on expression: 'pred(*previous, *i)'
Assertion failed on expression: 'pred(*previous, *i)'
Assertion failed on expression: 'pred(*previous, *i)'
Assertion failed on expression: 'pred(*previous, *i)'
Assertion failed on expression: 'pred(*previous, *i)'
Assertion failed on expression: 'pred(*previous, *i)'
Assertion failed on expression: 'pred(*previous, *i)'
Assertion failed on expression: 'pred(*previous, *i)'
Assertion failed on expression: 'pred(*previous, *i)'
Assertion failed on expression: 'pred(*previous, *i)'
Assertion failed on expression: 'pred(*previous, *i)'
Assertion failed on expression: 'pred(*previous, *i)'
Assertion failed on expression: 'pred(*previous, *i)'
Assertion failed on expression: 'pred(*previous, *i)'
Assertion failed on expression: 'pred(*previous, *i)'
Assertion failed on expression: 'pred(*previous, *i)'
Assertion failed on expression: 'pred(*previous, *i)'
Assertion failed on expression: 'pred(*previous, *i)'
Assertion failed on expression: 'pred(*previous, *i)'
Assertion failed on expression: 'pred(*previous, *i)'
Assertion failed on expression: 'pred(*previous, *i)'
Assertion failed on expression: 'pred(*previous, *i)'
Assertion failed on expression: 'pred(*previous, *i)'
Assertion failed on expression: 'pred(*previous, *i)'
Assertion failed on expression: 'pred(*previous, *i)'
Assertion failed on expression: 'pred(*previous, *i)'
Assertion failed on expression: 'pred(*previous, *i)'
Assertion failed on expression: 'pred(*previous, *i)'
Assertion failed on expression: 'pred(*previous, *i)'
Assertion failed on expression: 'pred(*previous, *i)'
Assertion failed on expression: 'pred(*previous, *i)'
Assertion failed on expression: 'pred(*previous, *i)'
Assertion failed on expression: 'pred(*previous, *i)'
Assertion failed on expression: 'pred(*previous, *i)'
Assertion failed on expression: 'pred(*previous, *i)'
Assertion failed on expression: 'pred(*previous, *i)'
Assertion failed on expression: 'pred(*previous, *i)'
Assertion failed on expression: 'pred(*previous, *i)'
Assertion failed on expression: 'pred(*previous, *i)'
Assertion failed on expression: 'pred(*previous, *i)'
Assertion failed on expression: 'pred(*previous, *i)'
Assertion failed on expression: 'pred(*previous, *i)'
Assertion failed on expression: 'pred(*previous, *i)'
Assertion failed on expression: 'pred(*previous, *i)'
Assertion failed on expression: 'pred(*previous, *i)'
Assertion failed on expression: 'pred(*previous, *i)'
Assertion failed on expression: 'pred(*previous, *i)'
Assertion failed on expression: 'pred(*previous, *i)'
Assertion failed on expression: 'pred(*previous, *i)'
Assertion failed on expression: 'pred(*previous, *i)'
Assertion failed on expression: 'pred(*previous, *i)'
Assertion failed on expression: 'pred(*previous, *i)'
Assertion failed on expression: 'pred(*previous, *i)'
Assertion failed on expression: 'pred(*previous, *i)'
Assertion failed on expression: 'pred(*previous, *i)'
Assertion failed on expression: 'pred(*previous, *i)'
Assertion failed on expression: 'pred(*previous, *i)'
Assertion failed on expression: 'pred(*previous, *i)'
Assertion failed on expression: 'pred(*previous, *i)'
Assertion failed on expression: 'pred(*previous, *i)'
Assertion failed on expression: 'pred(*previous, *i)'
Assertion failed on expression: 'pred(*previous, *i)'
Assertion failed on expression: 'pred(*previous, *i)'
Assertion failed on expression: 'pred(*previous, *i)'
Assertion failed on expression: 'pred(*previous, *i)'
Assertion failed on expression: 'pred(*previous, *i)'
Assertion failed on expression: 'pred(*previous, *i)'
Assertion failed on expression: 'pred(*previous, *i)'
Assertion failed on expression: 'pred(*previous, *i)'
Assertion failed on expression: 'pred(*previous, *i)'
Assertion failed on expression: 'pred(*previous, *i)'
Assertion failed on expression: 'pred(*previous, *i)'
Assertion failed on expression: 'pred(*previous, *i)'
Assertion failed on expression: 'pred(*previous, *i)'
Assertion failed on expression: 'pred(*previous, *i)'
Assertion failed on expression: 'pred(*previous, *i)'
Assertion failed on expression: 'pred(*previous, *i)'
Assertion failed on expression: 'pred(*previous, *i)'
Assertion failed on expression: 'pred(*previous, *i)'
Assertion failed on expression: 'pred(*previous, *i)'
Assertion failed on expression: 'pred(*previous, *i)'
Assertion failed on expression: 'pred(*previous, *i)'
Assertion failed on expression: 'pred(*previous, *i)'
Assertion failed on expression: 'pred(*previous, *i)'
Assertion failed on expression: 'pred(*previous, *i)'
Assertion failed on expression: 'pred(*previous, *i)'
Assertion failed on expression: 'pred(*previous, *i)'
Assertion failed on expression: 'pred(*previous, *i)'
Assertion failed on expression: 'pred(*previous, *i)'
Assertion failed on expression: 'pred(*previous, *i)'
Assertion failed on expression: 'pred(*previous, *i)'
Assertion failed on expression: 'pred(*previous, *i)'
Assertion failed on expression: 'pred(*previous, *i)'
Assertion failed on expression: 'pred(*previous, *i)'
Assertion failed on expression: 'pred(*previous, *i)'
Assertion failed on expression: 'pred(*previous, *i)'
Assertion failed on expression: 'pred(*previous, *i)'
Assertion failed on expression: 'pred(*previous, *i)'
Assertion failed on expression: 'pred(*previous, *i)'
Assertion failed on expression: 'pred(*previous, *i)'
Assertion failed on expression: 'pred(*previous, *i)'
Assertion failed on expression: 'pred(*previous, *i)'
Assertion failed on expression: 'pred(*previous, *i)'
Assertion failed on expression: 'pred(*previous, *i)'
Assertion failed on expression: 'pred(*previous, *i)'
Assertion failed on expression: 'pred(*previous, *i)'
Assertion failed on expression: 'pred(*previous, *i)'
Assertion failed on expression: 'pred(*previous, *i)'
Assertion failed on expression: 'pred(*previous, *i)'
Assertion failed on expression: 'pred(*previous, *i)'
Assertion failed on expression: 'pred(*previous, *i)'
Assertion failed on expression: 'pred(*previous, *i)'
Assertion failed on expression: 'pred(*previous, *i)'
Assertion failed on expression: 'pred(*previous, *i)'
Assertion failed on expression: 'pred(*previous, *i)'
Assertion failed on expression: 'pred(*previous, *i)'
Assertion failed on expression: 'pred(*previous, *i)'
Assertion failed on expression: 'pred(*previous, *i)'
Assertion failed on expression: 'pred(*previous, *i)'
Assertion failed on expression: 'pred(*previous, *i)'
Assertion failed on expression: 'pred(*previous, *i)'
Assertion failed on expression: 'pred(*previous, *i)'
Assertion failed on expression: 'pred(*previous, *i)'
Assertion failed on expression: 'pred(*previous, *i)'
Assertion failed on expression: 'pred(*previous, *i)'
Assertion failed on expression: 'pred(*previous, *i)'
Assertion failed on expression: 'pred(*previous, *i)'
Assertion failed on expression: 'pred(*previous, *i)'
Assertion failed on expression: 'pred(*previous, *i)'
Assertion failed on expression: 'pred(*previous, *i)'
Assertion failed on expression: 'pred(*previous, *i)'
Assertion failed on expression: 'pred(*previous, *i)'
Assertion failed on expression: 'pred(*previous, *i)'
Assertion failed on expression: 'pred(*previous, *i)'
Assertion failed on expression: 'pred(*previous, *i)'
Assertion failed on expression: 'pred(*previous, *i)'
Assertion failed on expression: 'pred(*previous, *i)'
Assertion failed on expression: 'pred(*previous, *i)'
Assertion failed on expression: 'pred(*previous, *i)'
Assertion failed on expression: 'pred(*previous, *i)'
Assertion failed on expression: 'pred(*previous, *i)'
Assertion failed on expression: 'pred(*previous, *i)'
Assertion failed on expression: 'pred(*previous, *i)'
Assertion failed on expression: 'pred(*previous, *i)'
Assertion failed on expression: 'pred(*previous, *i)'
Assertion failed on expression: 'pred(*previous, *i)'
Assertion failed on expression: 'pred(*previous, *i)'
Assertion failed on expression: 'pred(*previous, *i)'
Assertion failed on expression: 'pred(*previous, *i)'
Assertion failed on expression: 'pred(*previous, *i)'
Assertion failed on expression: 'pred(*previous, *i)'
Assertion failed on expression: 'pred(*previous, *i)'
Assertion failed on expression: 'pred(*previous, *i)'
Assertion failed on expression: 'pred(*previous, *i)'
Assertion failed on expression: 'pred(*previous, *i)'
Assertion failed on expression: 'pred(*previous, *i)'
Assertion failed on expression: 'pred(*previous, *i)'
Assertion failed on expression: 'pred(*previous, *i)'
Assertion failed on expression: 'pred(*previous, *i)'
Assertion failed on expression: 'pred(*previous, *i)'
Assertion failed on expression: 'pred(*previous, *i)'
Assertion failed on expression: 'pred(*previous, *i)'
Assertion failed on expression: 'pred(*previous, *i)'
Assertion failed on expression: 'pred(*previous, *i)'
Assertion failed on expression: 'pred(*previous, *i)'
Assertion failed on expression: 'pred(*previous, *i)'
Assertion failed on expression: 'pred(*previous, *i)'
Assertion failed on expression: 'pred(*previous, *i)'
Assertion failed on expression: 'pred(*previous, *i)'
Assertion failed on expression: 'pred(*previous, *i)'
Assertion failed on expression: 'pred(*previous, *i)'
Assertion failed on expression: 'pred(*previous, *i)'
Assertion failed on expression: 'pred(*previous, *i)'
Assertion failed on expression: 'pred(*previous, *i)'
Assertion failed on expression: 'pred(*previous, *i)'
Assertion failed on expression: 'pred(*previous, *i)'
Assertion failed on expression: 'pred(*previous, *i)'
Assertion failed on expression: 'pred(*previous, *i)'
Assertion failed on expression: 'pred(*previous, *i)'
Assertion failed on expression: 'pred(*previous, *i)'
Assertion failed on expression: 'pred(*previous, *i)'
Assertion failed on expression: 'pred(*previous, *i)'
Assertion failed on expression: 'pred(*previous, *i)'
Assertion failed on expression: 'pred(*previous, *i)'
Assertion failed on expression: 'pred(*previous, *i)'
Assertion failed on expression: 'pred(*previous, *i)'
Assertion failed on expression: 'pred(*previous, *i)'
Assertion failed on expression: 'pred(*previous, *i)'
Assertion failed on expression: 'pred(*previous, *i)'
Assertion failed on expression: 'pred(*previous, *i)'
Assertion failed on expression: 'pred(*previous, *i)'
Assertion failed on expression: 'pred(*previous, *i)'
Assertion failed on expression: 'pred(*previous, *i)'
Assertion failed on expression: 'pred(*previous, *i)'
Assertion failed on expression: 'pred(*previous, *i)'
Assertion failed on expression: 'pred(*previous, *i)'
Assertion failed on expression: 'pred(*previous, *i)'
Assertion failed on expression: 'pred(*previous, *i)'
Assertion failed on expression: 'pred(*previous, *i)'
Assertion failed on expression: 'pred(*previous, *i)'
Assertion failed on expression: 'pred(*previous, *i)'
Assertion failed on expression: 'pred(*previous, *i)'
Assertion failed on expression: 'pred(*previous, *i)'
Assertion failed on expression: 'pred(*previous, *i)'
Assertion failed on expression: 'pred(*previous, *i)'
Assertion failed on expression: 'pred(*previous, *i)'
Assertion failed on expression: 'pred(*previous, *i)'
Assertion failed on expression: 'pred(*previous, *i)'
Assertion failed on expression: 'pred(*previous, *i)'
Assertion failed on expression: 'pred(*previous, *i)'
Assertion failed on expression: 'pred(*previous, *i)'
Assertion failed on expression: 'pred(*previous, *i)'
Assertion failed on expression: 'pred(*previous, *i)'
Assertion failed on expression: 'pred(*previous, *i)'
Assertion failed on expression: 'pred(*previous, *i)'
Assertion failed on expression: 'pred(*previous, *i)'
Assertion failed on expression: 'pred(*previous, *i)'
Assertion failed on expression: 'pred(*previous, *i)'
Assertion failed on expression: 'pred(*previous, *i)'
Assertion failed on expression: 'pred(*previous, *i)'
Assertion failed on expression: 'pred(*previous, *i)'
Assertion failed on expression: 'pred(*previous, *i)'
Assertion failed on expression: 'pred(*previous, *i)'
Assertion failed on expression: 'pred(*previous, *i)'
Assertion failed on expression: 'pred(*previous, *i)'
Assertion failed on expression: 'pred(*previous, *i)'
Assertion failed on expression: 'pred(*previous, *i)'
Assertion failed on expression: 'pred(*previous, *i)'
Assertion failed on expression: 'pred(*previous, *i)'
Assertion failed on expression: 'pred(*previous, *i)'
Assertion failed on expression: 'pred(*previous, *i)'
Assertion failed on expression: 'pred(*previous, *i)'
Assertion failed on expression: 'pred(*previous, *i)'
Assertion failed on expression: 'pred(*previous, *i)'
Assertion failed on expression: 'pred(*previous, *i)'
Assertion failed on expression: 'pred(*previous, *i)'
Assertion failed on expression: 'pred(*previous, *i)'
Assertion failed on expression: 'pred(*previous, *i)'
Assertion failed on expression: 'pred(*previous, *i)'
Assertion failed on expression: 'pred(*previous, *i)'
Assertion failed on expression: 'pred(*previous, *i)'
Assertion failed on expression: 'pred(*previous, *i)'
Assertion failed on expression: 'pred(*previous, *i)'
Assertion failed on expression: 'pred(*previous, *i)'
Assertion failed on expression: 'pred(*previous, *i)'
Assertion failed on expression: 'pred(*previous, *i)'
Assertion failed on expression: 'pred(*previous, *i)'
Assertion failed on expression: 'pred(*previous, *i)'
Assertion failed on expression: 'pred(*previous, *i)'
Assertion failed on expression: 'pred(*previous, *i)'
Assertion failed on expression: 'pred(*previous, *i)'
Assertion failed on expression: 'pred(*previous, *i)'
Assertion failed on expression: 'pred(*previous, *i)'
Assertion failed on expression: 'pred(*previous, *i)'
Assertion failed on expression: 'pred(*previous, *i)'
Assertion failed on expression: 'pred(*previous, *i)'
Assertion failed on expression: 'pred(*previous, *i)'
Assertion failed on expression: 'pred(*previous, *i)'
Assertion failed on expression: 'pred(*previous, *i)'
Assertion failed on expression: 'pred(*previous, *i)'
Assertion failed on expression: 'pred(*previous, *i)'
Assertion failed on expression: 'pred(*previous, *i)'
Assertion failed on expression: 'pred(*previous, *i)'
Assertion failed on expression: 'pred(*previous, *i)'
Assertion failed on expression: 'pred(*previous, *i)'
Assertion failed on expression: 'pred(*previous, *i)'
Assertion failed on expression: 'pred(*previous, *i)'
Assertion failed on expression: 'pred(*previous, *i)'
Assertion failed on expression: 'pred(*previous, *i)'
Assertion failed on expression: 'pred(*previous, *i)'
Assertion failed on expression: 'pred(*previous, *i)'
Assertion failed on expression: 'pred(*previous, *i)'
Assertion failed on expression: 'pred(*previous, *i)'
Assertion failed on expression: 'pred(*previous, *i)'
Assertion failed on expression: 'pred(*previous, *i)'
Assertion failed on expression: 'pred(*previous, *i)'
Assertion failed on expression: 'pred(*previous, *i)'
Assertion failed on expression: 'pred(*previous, *i)'
Assertion failed on expression: 'pred(*previous, *i)'
Assertion failed on expression: 'pred(*previous, *i)'
Assertion failed on expression: 'pred(*previous, *i)'
Assertion failed on expression: 'pred(*previous, *i)'
Assertion failed on expression: 'pred(*previous, *i)'
Assertion failed on expression: 'pred(*previous, *i)'
Assertion failed on expression: 'pred(*previous, *i)'
Assertion failed on expression: 'pred(*previous, *i)'
Assertion failed on expression: 'pred(*previous, *i)'
Assertion failed on expression: 'pred(*previous, *i)'
Assertion failed on expression: 'pred(*previous, *i)'
Assertion failed on expression: 'pred(*previous, *i)'
Assertion failed on expression: 'pred(*previous, *i)'
Assertion failed on expression: 'pred(*previous, *i)'
Assertion failed on expression: 'pred(*previous, *i)'
Assertion failed on expression: 'pred(*previous, *i)'
Assertion failed on expression: 'pred(*previous, *i)'
Assertion failed on expression: 'pred(*previous, *i)'
Assertion failed on expression: 'pred(*previous, *i)'
Assertion failed on expression: 'pred(*previous, *i)'
Assertion failed on expression: 'pred(*previous, *i)'
Assertion failed on expression: 'pred(*previous, *i)'
Assertion failed on expression: 'pred(*previous, *i)'
Assertion failed on expression: 'pred(*previous, *i)'
Assertion failed on expression: 'pred(*previous, *i)'
Assertion failed on expression: 'pred(*previous, *i)'
Assertion failed on expression: 'pred(*previous, *i)'
Assertion failed on expression: 'pred(*previous, *i)'
Assertion failed on expression: 'pred(*previous, *i)'
Assertion failed on expression: 'pred(*previous, *i)'
Assertion failed on expression: 'pred(*previous, *i)'
Assertion failed on expression: 'pred(*previous, *i)'
Assertion failed on expression: 'pred(*previous, *i)'
Assertion failed on expression: 'pred(*previous, *i)'
Assertion failed on expression: 'pred(*previous, *i)'
Assertion failed on expression: 'pred(*previous, *i)'
Assertion failed on expression: 'pred(*previous, *i)'
Assertion failed on expression: 'pred(*previous, *i)'
Assertion failed on expression: 'pred(*previous, *i)'
Assertion failed on expression: 'pred(*previous, *i)'
Assertion failed on expression: 'pred(*previous, *i)'
Assertion failed on expression: 'pred(*previous, *i)'
Assertion failed on expression: 'pred(*previous, *i)'
Assertion failed on expression: 'pred(*previous, *i)'
Assertion failed on expression: 'pred(*previous, *i)'
Assertion failed on expression: 'pred(*previous, *i)'
Assertion failed on expression: 'pred(*previous, *i)'
Assertion failed on expression: 'pred(*previous, *i)'
Assertion failed on expression: 'pred(*previous, *i)'
Assertion failed on expression: 'pred(*previous, *i)'
Assertion failed on expression: 'pred(*previous, *i)'
Assertion failed on expression: 'pred(*previous, *i)'
Assertion failed on expression: 'pred(*previous, *i)'
Assertion failed on expression: 'pred(*previous, *i)'
Assertion failed on expression: 'pred(*previous, *i)'
Assertion failed on expression: 'pred(*previous, *i)'
Assertion failed on expression: 'pred(*previous, *i)'
Assertion failed on expression: 'pred(*previous, *i)'
Assertion failed on expression: 'pred(*previous, *i)'
Assertion failed on expression: 'pred(*previous, *i)'
Assertion failed on expression: 'pred(*previous, *i)'
Assertion failed on expression: 'pred(*previous, *i)'
Assertion failed on expression: 'pred(*previous, *i)'
Assertion failed on expression: 'pred(*previous, *i)'
Assertion failed on expression: 'pred(*previous, *i)'
Assertion failed on expression: 'pred(*previous, *i)'
Assertion failed on expression: 'pred(*previous, *i)'
Assertion failed on expression: 'pred(*previous, *i)'
Assertion failed on expression: 'pred(*previous, *i)'
Assertion failed on expression: 'pred(*previous, *i)'
Assertion failed on expression: 'pred(*previous, *i)'
Assertion failed on expression: 'pred(*previous, *i)'
Assertion failed on expression: 'pred(*previous, *i)'
Assertion failed on expression: 'pred(*previous, *i)'
Assertion failed on expression: 'pred(*previous, *i)'
Assertion failed on expression: 'pred(*previous, *i)'
Assertion failed on expression: 'pred(*previous, *i)'
Assertion failed on expression: 'pred(*previous, *i)'
Assertion failed on expression: 'pred(*previous, *i)'
Assertion failed on expression: 'pred(*previous, *i)'
Assertion failed on expression: 'pred(*previous, *i)'
Assertion failed on expression: 'pred(*previous, *i)'
Assertion failed on expression: 'pred(*previous, *i)'
Assertion failed on expression: 'pred(*previous, *i)'
Assertion failed on expression: 'pred(*previous, *i)'
Assertion failed on expression: 'pred(*previous, *i)'
Assertion failed on expression: 'pred(*previous, *i)'
Assertion failed on expression: 'pred(*previous, *i)'
Assertion failed on expression: 'pred(*previous, *i)'
Assertion failed on expression: 'pred(*previous, *i)'
Assertion failed on expression: 'pred(*previous, *i)'
Assertion failed on expression: 'pred(*previous, *i)'
Assertion failed on expression: 'pred(*previous, *i)'
Assertion failed on expression: 'pred(*previous, *i)'
Assertion failed on expression: 'pred(*previous, *i)'
Assertion failed on expression: 'pred(*previous, *i)'
Assertion failed on expression: 'pred(*previous, *i)'
Assertion failed on expression: 'pred(*previous, *i)'
Assertion failed on expression: 'pred(*previous, *i)'
Assertion failed on expression: 'pred(*previous, *i)'
Assertion failed on expression: 'pred(*previous, *i)'
Assertion failed on expression: 'pred(*previous, *i)'
Assertion failed on expression: 'pred(*previous, *i)'
Assertion failed on expression: 'pred(*previous, *i)'
Assertion failed on expression: 'pred(*previous, *i)'
Assertion failed on expression: 'pred(*previous, *i)'
Assertion failed on expression: 'pred(*previous, *i)'
Assertion failed on expression: 'pred(*previous, *i)'
Assertion failed on expression: 'pred(*previous, *i)'
Assertion failed on expression: 'pred(*previous, *i)'
Assertion failed on expression: 'pred(*previous, *i)'
Assertion failed on expression: 'pred(*previous, *i)'
Assertion failed on expression: 'pred(*previous, *i)'
Assertion failed on expression: 'pred(*previous, *i)'
Assertion failed on expression: 'pred(*previous, *i)'
Assertion failed on expression: 'pred(*previous, *i)'
Assertion failed on expression: 'pred(*previous, *i)'
Assertion failed on expression: 'pred(*previous, *i)'
Assertion failed on expression: 'pred(*previous, *i)'
Assertion failed on expression: 'pred(*previous, *i)'
Assertion failed on expression: 'pred(*previous, *i)'
Assertion failed on expression: 'pred(*previous, *i)'
Assertion failed on expression: 'pred(*previous, *i)'
Assertion failed on expression: 'pred(*previous, *i)'
Assertion failed on expression: 'pred(*previous, *i)'
Assertion failed on expression: 'pred(*previous, *i)'
Assertion failed on expression: 'pred(*previous, *i)'
Assertion failed on expression: 'pred(*previous, *i)'
Assertion failed on expression: 'pred(*previous, *i)'
Assertion failed on expression: 'pred(*previous, *i)'
Assertion failed on expression: 'pred(*previous, *i)'
Assertion failed on expression: 'pred(*previous, *i)'
Assertion failed on expression: 'pred(*previous, *i)'
Assertion failed on expression: 'pred(*previous, *i)'
Assertion failed on expression: 'pred(*previous, *i)'
Assertion failed on expression: 'pred(*previous, *i)'
Assertion failed on expression: 'pred(*previous, *i)'
Assertion failed on expression: 'pred(*previous, *i)'
Assertion failed on expression: 'pred(*previous, *i)'
Assertion failed on expression: 'pred(*previous, *i)'
Assertion failed on expression: 'pred(*previous, *i)'
Assertion failed on expression: 'pred(*previous, *i)'
Assertion failed on expression: 'pred(*previous, *i)'
Assertion failed on expression: 'pred(*previous, *i)'
Assertion failed on expression: 'pred(*previous, *i)'
Assertion failed on expression: 'pred(*previous, *i)'
Assertion failed on expression: 'pred(*previous, *i)'
Assertion failed on expression: 'pred(*previous, *i)'
Assertion failed on expression: 'pred(*previous, *i)'
Assertion failed on expression: 'pred(*previous, *i)'
Assertion failed on expression: 'pred(*previous, *i)'
Assertion failed on expression: 'pred(*previous, *i)'
Assertion failed on expression: 'pred(*previous, *i)'
Assertion failed on expression: 'pred(*previous, *i)'
Assertion failed on expression: 'pred(*previous, *i)'
Assertion failed on expression: 'pred(*previous, *i)'
Assertion failed on expression: 'pred(*previous, *i)'
Assertion failed on expression: 'pred(*previous, *i)'
Assertion failed on expression: 'pred(*previous, *i)'
Assertion failed on expression: 'pred(*previous, *i)'
Assertion failed on expression: 'pred(*previous, *i)'
Assertion failed on expression: 'pred(*previous, *i)'
Assertion failed on expression: 'pred(*previous, *i)'
Assertion failed on expression: 'pred(*previous, *i)'
Assertion failed on expression: 'pred(*previous, *i)'
Assertion failed on expression: 'pred(*previous, *i)'
Assertion failed on expression: 'pred(*previous, *i)'
Assertion failed on expression: 'pred(*previous, *i)'
Assertion failed on expression: 'pred(*previous, *i)'
Assertion failed on expression: 'pred(*previous, *i)'
Assertion failed on expression: 'pred(*previous, *i)'
Assertion failed on expression: 'pred(*previous, *i)'
Assertion failed on expression: 'pred(*previous, *i)'
Assertion failed on expression: 'pred(*previous, *i)'
Assertion failed on expression: 'pred(*previous, *i)'
Assertion failed on expression: 'pred(*previous, *i)'
Assertion failed on expression: 'pred(*previous, *i)'
Assertion failed on expression: 'pred(*previous, *i)'
Assertion failed on expression: 'pred(*previous, *i)'
Assertion failed on expression: 'pred(*previous, *i)'
Assertion failed on expression: 'pred(*previous, *i)'
Assertion failed on expression: 'pred(*previous, *i)'
Assertion failed on expression: 'pred(*previous, *i)'
Assertion failed on expression: 'pred(*previous, *i)'
Assertion failed on expression: 'pred(*previous, *i)'
Assertion failed on expression: 'pred(*previous, *i)'
Assertion failed on expression: 'pred(*previous, *i)'
Assertion failed on expression: 'pred(*previous, *i)'
Assertion failed on expression: 'pred(*previous, *i)'
Assertion failed on expression: 'pred(*previous, *i)'
Assertion failed on expression: 'pred(*previous, *i)'
Assertion failed on expression: 'pred(*previous, *i)'
Assertion failed on expression: 'pred(*previous, *i)'
Assertion failed on expression: 'pred(*previous, *i)'
Assertion failed on expression: 'pred(*previous, *i)'
Assertion failed on expression: 'pred(*previous, *i)'
Assertion failed on expression: 'pred(*previous, *i)'
Assertion failed on expression: 'pred(*previous, *i)'
Assertion failed on expression: 'pred(*previous, *i)'
Assertion failed on expression: 'pred(*previous, *i)'
Assertion failed on expression: 'pred(*previous, *i)'
Assertion failed on expression: 'pred(*previous, *i)'
Assertion failed on expression: 'pred(*previous, *i)'
Assertion failed on expression: 'pred(*previous, *i)'
Assertion failed on expression: 'pred(*previous, *i)'
Assertion failed on expression: 'pred(*previous, *i)'
Assertion failed on expression: 'pred(*previous, *i)'
Assertion failed on expression: 'pred(*previous, *i)'
Assertion failed on expression: 'pred(*previous, *i)'
Assertion failed on expression: 'pred(*previous, *i)'
Assertion failed on expression: 'pred(*previous, *i)'
Assertion failed on expression: 'pred(*previous, *i)'
Assertion failed on expression: 'pred(*previous, *i)'
Assertion failed on expression: 'pred(*previous, *i)'
Assertion failed on expression: 'pred(*previous, *i)'
Assertion failed on expression: 'pred(*previous, *i)'
Assertion failed on expression: 'pred(*previous, *i)'
Assertion failed on expression: 'pred(*previous, *i)'
Assertion failed on expression: 'pred(*previous, *i)'
Assertion failed on expression: 'pred(*previous, *i)'
Assertion failed on expression: 'pred(*previous, *i)'
Assertion failed on expression: 'pred(*previous, *i)'
Assertion failed on expression: 'pred(*previous, *i)'
Assertion failed on expression: 'pred(*previous, *i)'
Assertion failed on expression: 'pred(*previous, *i)'
Assertion failed on expression: 'pred(*previous, *i)'
Assertion failed on expression: 'pred(*previous, *i)'
Assertion failed on expression: 'pred(*previous, *i)'
Assertion failed on expression: 'pred(*previous, *i)'
Assertion failed on expression: 'pred(*previous, *i)'
Assertion failed on expression: 'pred(*previous, *i)'
Assertion failed on expression: 'pred(*previous, *i)'
Assertion failed on expression: 'pred(*previous, *i)'
Assertion failed on expression: 'pred(*previous, *i)'
Assertion failed on expression: 'pred(*previous, *i)'
Assertion failed on expression: 'pred(*previous, *i)'
Assertion failed on expression: 'pred(*previous, *i)'
Assertion failed on expression: 'pred(*previous, *i)'
Assertion failed on expression: 'pred(*previous, *i)'
Assertion failed on expression: 'pred(*previous, *i)'
Assertion failed on expression: 'pred(*previous, *i)'
Assertion failed on expression: 'pred(*previous, *i)'
Assertion failed on expression: 'pred(*previous, *i)'
Assertion failed on expression: 'pred(*previous, *i)'
Assertion failed on expression: 'pred(*previous, *i)'
Assertion failed on expression: 'pred(*previous, *i)'
Assertion failed on expression: 'pred(*previous, *i)'
Assertion failed on expression: 'pred(*previous, *i)'
Assertion failed on expression: 'pred(*previous, *i)'
Assertion failed on expression: 'pred(*previous, *i)'
Assertion failed on expression: 'pred(*previous, *i)'
Assertion failed on expression: 'pred(*previous, *i)'
Assertion failed on expression: 'pred(*previous, *i)'
Assertion failed on expression: 'pred(*previous, *i)'
Assertion failed on expression: 'pred(*previous, *i)'
Assertion failed on expression: 'pred(*previous, *i)'
Assertion failed on expression: 'pred(*previous, *i)'
Assertion failed on expression: 'pred(*previous, *i)'
Assertion failed on expression: 'pred(*previous, *i)'
Assertion failed on expression: 'pred(*previous, *i)'
Assertion failed on expression: 'pred(*previous, *i)'
Assertion failed on expression: 'pred(*previous, *i)'
Assertion failed on expression: 'pred(*previous, *i)'
Assertion failed on expression: 'pred(*previous, *i)'
Assertion failed on expression: 'pred(*previous, *i)'
Assertion failed on expression: 'pred(*previous, *i)'
Assertion failed on expression: 'pred(*previous, *i)'
Assertion failed on expression: 'pred(*previous, *i)'
Assertion failed on expression: 'pred(*previous, *i)'
Assertion failed on expression: 'pred(*previous, *i)'
Assertion failed on expression: 'pred(*previous, *i)'
Assertion failed on expression: 'pred(*previous, *i)'
Assertion failed on expression: 'pred(*previous, *i)'
Assertion failed on expression: 'pred(*previous, *i)'
Assertion failed on expression: 'pred(*previous, *i)'
Assertion failed on expression: 'pred(*previous, *i)'
Assertion failed on expression: 'pred(*previous, *i)'
Assertion failed on expression: 'pred(*previous, *i)'
Assertion failed on expression: 'pred(*previous, *i)'
Assertion failed on expression: 'pred(*previous, *i)'
Assertion failed on expression: 'pred(*previous, *i)'
Assertion failed on expression: 'pred(*previous, *i)'
Assertion failed on expression: 'pred(*previous, *i)'
Assertion failed on expression: 'pred(*previous, *i)'
Assertion failed on expression: 'pred(*previous, *i)'
Assertion failed on expression: 'pred(*previous, *i)'
Assertion failed on expression: 'pred(*previous, *i)'
Assertion failed on expression: 'pred(*previous, *i)'
Assertion failed on expression: 'pred(*previous, *i)'
Assertion failed on expression: 'pred(*previous, *i)'
Assertion failed on expression: 'pred(*previous, *i)'
Assertion failed on expression: 'pred(*previous, *i)'
Assertion failed on expression: 'pred(*previous, *i)'
Assertion failed on expression: 'pred(*previous, *i)'
Assertion failed on expression: 'pred(*previous, *i)'
Assertion failed on expression: 'pred(*previous, *i)'
Assertion failed on expression: 'pred(*previous, *i)'
Assertion failed on expression: 'pred(*previous, *i)'
Assertion failed on expression: 'pred(*previous, *i)'
Assertion failed on expression: 'pred(*previous, *i)'
Assertion failed on expression: 'pred(*previous, *i)'
Assertion failed on expression: 'pred(*previous, *i)'
Assertion failed on expression: 'pred(*previous, *i)'
Assertion failed on expression: 'pred(*previous, *i)'
Assertion failed on expression: 'pred(*previous, *i)'
Assertion failed on expression: 'pred(*previous, *i)'
Assertion failed on expression: 'pred(*previous, *i)'
Assertion failed on expression: 'pred(*previous, *i)'
Assertion failed on expression: 'pred(*previous, *i)'
Assertion failed on expression: 'pred(*previous, *i)'
Assertion failed on expression: 'pred(*previous, *i)'
Assertion failed on expression: 'pred(*previous, *i)'
Assertion failed on expression: 'pred(*previous, *i)'
Assertion failed on expression: 'pred(*previous, *i)'
Assertion failed on expression: 'pred(*previous, *i)'
Assertion failed on expression: 'pred(*previous, *i)'
Assertion failed on expression: 'pred(*previous, *i)'
Assertion failed on expression: 'pred(*previous, *i)'
Assertion failed on expression: 'pred(*previous, *i)'
Assertion failed on expression: 'pred(*previous, *i)'
Assertion failed on expression: 'pred(*previous, *i)'
Assertion failed on expression: 'pred(*previous, *i)'
Assertion failed on expression: 'pred(*previous, *i)'
Assertion failed on expression: 'pred(*previous, *i)'
Assertion failed on expression: 'pred(*previous, *i)'
Assertion failed on expression: 'pred(*previous, *i)'
Assertion failed on expression: 'pred(*previous, *i)'
Assertion failed on expression: 'pred(*previous, *i)'
Assertion failed on expression: 'pred(*previous, *i)'
Assertion failed on expression: 'pred(*previous, *i)'
Assertion failed on expression: 'pred(*previous, *i)'
Assertion failed on expression: 'pred(*previous, *i)'
Assertion failed on expression: 'pred(*previous, *i)'
Assertion failed on expression: 'pred(*previous, *i)'
Assertion failed on expression: 'pred(*previous, *i)'
Assertion failed on expression: 'pred(*previous, *i)'
Assertion failed on expression: 'pred(*previous, *i)'
Assertion failed on expression: 'pred(*previous, *i)'
Assertion failed on expression: 'pred(*previous, *i)'
Assertion failed on expression: 'pred(*previous, *i)'
Assertion failed on expression: 'pred(*previous, *i)'
Assertion failed on expression: 'pred(*previous, *i)'
Assertion failed on expression: 'pred(*previous, *i)'
Assertion failed on expression: 'pred(*previous, *i)'
Assertion failed on expression: 'pred(*previous, *i)'
Assertion failed on expression: 'pred(*previous, *i)'
Assertion failed on expression: 'pred(*previous, *i)'
Assertion failed on expression: 'pred(*previous, *i)'
Assertion failed on expression: 'pred(*previous, *i)'
Assertion failed on expression: 'pred(*previous, *i)'
Assertion failed on expression: 'pred(*previous, *i)'
Assertion failed on expression: 'pred(*previous, *i)'
Assertion failed on expression: 'pred(*previous, *i)'
Assertion failed on expression: 'pred(*previous, *i)'
Assertion failed on expression: 'pred(*previous, *i)'
Assertion failed on expression: 'pred(*previous, *i)'
Assertion failed on expression: 'pred(*previous, *i)'
Assertion failed on expression: 'pred(*previous, *i)'
Assertion failed on expression: 'pred(*previous, *i)'
Assertion failed on expression: 'pred(*previous, *i)'
Assertion failed on expression: 'pred(*previous, *i)'
Assertion failed on expression: 'pred(*previous, *i)'
Assertion failed on expression: 'pred(*previous, *i)'
Assertion failed on expression: 'pred(*previous, *i)'
Assertion failed on expression: 'pred(*previous, *i)'
Assertion failed on expression: 'pred(*previous, *i)'
Assertion failed on expression: 'pred(*previous, *i)'
Assertion failed on expression: 'pred(*previous, *i)'
Assertion failed on expression: 'pred(*previous, *i)'
Assertion failed on expression: 'pred(*previous, *i)'
Assertion failed on expression: 'pred(*previous, *i)'
Assertion failed on expression: 'pred(*previous, *i)'
Assertion failed on expression: 'pred(*previous, *i)'
Assertion failed on expression: 'pred(*previous, *i)'
Assertion failed on expression: 'pred(*previous, *i)'
Assertion failed on expression: 'pred(*previous, *i)'
Assertion failed on expression: 'pred(*previous, *i)'
Assertion failed on expression: 'pred(*previous, *i)'
Assertion failed on expression: 'pred(*previous, *i)'
Assertion failed on expression: 'pred(*previous, *i)'
Assertion failed on expression: 'pred(*previous, *i)'
Assertion failed on expression: 'pred(*previous, *i)'
Assertion failed on expression: 'pred(*previous, *i)'
Assertion failed on expression: 'pred(*previous, *i)'
Assertion failed on expression: 'pred(*previous, *i)'
Assertion failed on expression: 'pred(*previous, *i)'
Assertion failed on expression: 'pred(*previous, *i)'
Assertion failed on expression: 'pred(*previous, *i)'
Assertion failed on expression: 'pred(*previous, *i)'
Assertion failed on expression: 'pred(*previous, *i)'
Assertion failed on expression: 'pred(*previous, *i)'
Assertion failed on expression: 'pred(*previous, *i)'
Assertion failed on expression: 'pred(*previous, *i)'
Assertion failed on expression: 'pred(*previous, *i)'
Assertion failed on expression: 'pred(*previous, *i)'
Assertion failed on expression: 'pred(*previous, *i)'
Assertion failed on expression: 'pred(*previous, *i)'
Assertion failed on expression: 'pred(*previous, *i)'
Assertion failed on expression: 'pred(*previous, *i)'
Assertion failed on expression: 'pred(*previous, *i)'
Assertion failed on expression: 'pred(*previous, *i)'
Assertion failed on expression: 'pred(*previous, *i)'
Assertion failed on expression: 'pred(*previous, *i)'
Assertion failed on expression: 'pred(*previous, *i)'
Assertion failed on expression: 'pred(*previous, *i)'
Assertion failed on expression: 'pred(*previous, *i)'
Assertion failed on expression: 'pred(*previous, *i)'
Assertion failed on expression: 'pred(*previous, *i)'
Assertion failed on expression: 'pred(*previous, *i)'
Assertion failed on expression: 'pred(*previous, *i)'
Assertion failed on expression: 'pred(*previous, *i)'
Assertion failed on expression: 'pred(*previous, *i)'
Assertion failed on expression: 'pred(*previous, *i)'
Assertion failed on expression: 'pred(*previous, *i)'
Assertion failed on expression: 'pred(*previous, *i)'
Assertion failed on expression: 'pred(*previous, *i)'
Assertion failed on expression: 'pred(*previous, *i)'
Assertion failed on expression: 'pred(*previous, *i)'
Assertion failed on expression: 'pred(*previous, *i)'
Assertion failed on expression: 'pred(*previous, *i)'
Assertion failed on expression: 'pred(*previous, *i)'
Assertion failed on expression: 'pred(*previous, *i)'
Assertion failed on expression: 'pred(*previous, *i)'
Assertion failed on expression: 'pred(*previous, *i)'
Assertion failed on expression: 'pred(*previous, *i)'
Assertion failed on expression: 'pred(*previous, *i)'
Assertion failed on expression: 'pred(*previous, *i)'
Assertion failed on expression: 'pred(*previous, *i)'
Assertion failed on expression: 'pred(*previous, *i)'
Assertion failed on expression: 'pred(*previous, *i)'
Assertion failed on expression: 'pred(*previous, *i)'
Assertion failed on expression: 'pred(*previous, *i)'
Assertion failed on expression: 'pred(*previous, *i)'
Assertion failed on expression: 'pred(*previous, *i)'
Assertion failed on expression: 'pred(*previous, *i)'
Assertion failed on expression: 'pred(*previous, *i)'
Assertion failed on expression: 'pred(*previous, *i)'
Assertion failed on expression: 'pred(*previous, *i)'
Assertion failed on expression: 'pred(*previous, *i)'
Assertion failed on expression: 'pred(*previous, *i)'
Assertion failed on expression: 'pred(*previous, *i)'
Assertion failed on expression: 'pred(*previous, *i)'
Assertion failed on expression: 'pred(*previous, *i)'
Assertion failed on expression: 'pred(*previous, *i)'
Assertion failed on expression: 'pred(*previous, *i)'
Assertion failed on expression: 'pred(*previous, *i)'
Assertion failed on expression: 'pred(*previous, *i)'
Assertion failed on expression: 'pred(*previous, *i)'
Assertion failed on expression: 'pred(*previous, *i)'
Assertion failed on expression: 'pred(*previous, *i)'
Assertion failed on expression: 'pred(*previous, *i)'
Assertion failed on expression: 'pred(*previous, *i)'
Assertion failed on expression: 'pred(*previous, *i)'
Assertion failed on expression: 'pred(*previous, *i)'
Assertion failed on expression: 'pred(*previous, *i)'
Assertion failed on expression: 'pred(*previous, *i)'
Assertion failed on expression: 'pred(*previous, *i)'
Assertion failed on expression: 'pred(*previous, *i)'
Assertion failed on expression: 'pred(*previous, *i)'
Assertion failed on expression: 'pred(*previous, *i)'
Assertion failed on expression: 'pred(*previous, *i)'
Assertion failed on expression: 'pred(*previous, *i)'
Assertion failed on expression: 'pred(*previous, *i)'
Assertion failed on expression: 'pred(*previous, *i)'
Assertion failed on expression: 'pred(*previous, *i)'
Assertion failed on expression: 'pred(*previous, *i)'
Assertion failed on expression: 'pred(*previous, *i)'
Assertion failed on expression: 'pred(*previous, *i)'
Assertion failed on expression: 'pred(*previous, *i)'
Assertion failed on expression: 'pred(*previous, *i)'
Assertion failed on expression: 'pred(*previous, *i)'
Assertion failed on expression: 'pred(*previous, *i)'
Assertion failed on expression: 'pred(*previous, *i)'
Assertion failed on expression: 'pred(*previous, *i)'
Assertion failed on expression: 'pred(*previous, *i)'
Assertion failed on expression: 'pred(*previous, *i)'
Assertion failed on expression: 'pred(*previous, *i)'
Assertion failed on expression: 'pred(*previous, *i)'
Assertion failed on expression: 'pred(*previous, *i)'
Assertion failed on expression: 'pred(*previous, *i)'
Assertion failed on expression: 'pred(*previous, *i)'
Assertion failed on expression: 'pred(*previous, *i)'
Assertion failed on expression: 'pred(*previous, *i)'
Assertion failed on expression: 'pred(*previous, *i)'
Assertion failed on expression: 'pred(*previous, *i)'
Assertion failed on expression: 'pred(*previous, *i)'
Assertion failed on expression: 'pred(*previous, *i)'
Assertion failed on expression: 'pred(*previous, *i)'
Assertion failed on expression: 'pred(*previous, *i)'
Assertion failed on expression: 'pred(*previous, *i)'
Assertion failed on expression: 'pred(*previous, *i)'
Assertion failed on expression: 'pred(*previous, *i)'
Assertion failed on expression: 'pred(*previous, *i)'
Assertion failed on expression: 'pred(*previous, *i)'
Assertion failed on expression: 'pred(*previous, *i)'
Assertion failed on expression: 'pred(*previous, *i)'
Assertion failed on expression: 'pred(*previous, *i)'
Assertion failed on expression: 'pred(*previous, *i)'
Assertion failed on expression: 'pred(*previous, *i)'
Assertion failed on expression: 'pred(*previous, *i)'
Assertion failed on expression: 'pred(*previous, *i)'
Assertion failed on expression: 'pred(*previous, *i)'
Assertion failed on expression: 'pred(*previous, *i)'
Assertion failed on expression: 'pred(*previous, *i)'
Assertion failed on expression: 'pred(*previous, *i)'
Assertion failed on expression: 'pred(*previous, *i)'
Assertion failed on expression: 'pred(*previous, *i)'
Assertion failed on expression: 'pred(*previous, *i)'
Assertion failed on expression: 'pred(*previous, *i)'
Assertion failed on expression: 'pred(*previous, *i)'
Assertion failed on expression: 'pred(*previous, *i)'
Assertion failed on expression: 'pred(*previous, *i)'
Assertion failed on expression: 'pred(*previous, *i)'
Assertion failed on expression: 'pred(*previous, *i)'
Assertion failed on expression: 'pred(*previous, *i)'
Assertion failed on expression: 'pred(*previous, *i)'
Assertion failed on expression: 'pred(*previous, *i)'
Assertion failed on expression: 'pred(*previous, *i)'
Assertion failed on expression: 'pred(*previous, *i)'
Assertion failed on expression: 'pred(*previous, *i)'
Assertion failed on expression: 'pred(*previous, *i)'
Assertion failed on expression: 'pred(*previous, *i)'
Assertion failed on expression: 'pred(*previous, *i)'
Assertion failed on expression: 'pred(*previous, *i)'
Assertion failed on expression: 'pred(*previous, *i)'
Assertion failed on expression: 'pred(*previous, *i)'
Assertion failed on expression: 'pred(*previous, *i)'
Assertion failed on expression: 'pred(*previous, *i)'
Assertion failed on expression: 'pred(*previous, *i)'
Assertion failed on expression: 'pred(*previous, *i)'
Assertion failed on expression: 'pred(*previous, *i)'
Assertion failed on expression: 'pred(*previous, *i)'
Assertion failed on expression: 'pred(*previous, *i)'
Assertion failed on expression: 'pred(*previous, *i)'
Assertion failed on expression: 'pred(*previous, *i)'
Assertion failed on expression: 'pred(*previous, *i)'
Assertion failed on expression: 'pred(*previous, *i)'
Assertion failed on expression: 'pred(*previous, *i)'
Assertion failed on expression: 'pred(*previous, *i)'
Assertion failed on expression: 'pred(*previous, *i)'
Assertion failed on expression: 'pred(*previous, *i)'
Assertion failed on expression: 'pred(*previous, *i)'
Assertion failed on expression: 'pred(*previous, *i)'
Assertion failed on expression: 'pred(*previous, *i)'
Assertion failed on expression: 'pred(*previous, *i)'
Assertion failed on expression: 'pred(*previous, *i)'
Assertion failed on expression: 'pred(*previous, *i)'
Assertion failed on expression: 'pred(*previous, *i)'
Assertion failed on expression: 'pred(*previous, *i)'
Assertion failed on expression: 'pred(*previous, *i)'
Assertion failed on expression: 'pred(*previous, *i)'
Assertion failed on expression: 'pred(*previous, *i)'
Assertion failed on expression: 'pred(*previous, *i)'
Assertion failed on expression: 'pred(*previous, *i)'
Assertion failed on expression: 'pred(*previous, *i)'
Assertion failed on expression: 'pred(*previous, *i)'
Assertion failed on expression: 'pred(*previous, *i)'
Assertion failed on expression: 'pred(*previous, *i)'
Assertion failed on expression: 'pred(*previous, *i)'
Assertion failed on expression: 'pred(*previous, *i)'
Assertion failed on expression: 'pred(*previous, *i)'
Assertion failed on expression: 'pred(*previous, *i)'
Assertion failed on expression: 'pred(*previous, *i)'
Assertion failed on expression: 'pred(*previous, *i)'
Assertion failed on expression: 'pred(*previous, *i)'
Assertion failed on expression: 'pred(*previous, *i)'
Assertion failed on expression: 'pred(*previous, *i)'
Assertion failed on expression: 'pred(*previous, *i)'
Assertion failed on expression: 'pred(*previous, *i)'
Assertion failed on expression: 'pred(*previous, *i)'
Assertion failed on expression: 'pred(*previous, *i)'
Assertion failed on expression: 'pred(*previous, *i)'
Assertion failed on expression: 'pred(*previous, *i)'
Assertion failed on expression: 'pred(*previous, *i)'
Assertion failed on expression: 'pred(*previous, *i)'
Assertion failed on expression: 'pred(*previous, *i)'
Assertion failed on expression: 'pred(*previous, *i)'
Assertion failed on expression: 'pred(*previous, *i)'
Assertion failed on expression: 'pred(*previous, *i)'
Assertion failed on expression: 'pred(*previous, *i)'
Assertion failed on expression: 'pred(*previous, *i)'
Assertion failed on expression: 'pred(*previous, *i)'
Assertion failed on expression: 'pred(*previous, *i)'
Assertion failed on expression: 'pred(*previous, *i)'
Assertion failed on expression: 'pred(*previous, *i)'
Assertion failed on expression: 'pred(*previous, *i)'
Assertion failed on expression: 'pred(*previous, *i)'
Assertion failed on expression: 'pred(*previous, *i)'
Assertion failed on expression: 'pred(*previous, *i)'
Assertion failed on expression: 'pred(*previous, *i)'
Assertion failed on expression: 'pred(*previous, *i)'
Assertion failed on expression: 'pred(*previous, *i)'
Assertion failed on expression: 'pred(*previous, *i)'
Assertion failed on expression: 'pred(*previous, *i)'
Assertion failed on expression: 'pred(*previous, *i)'
Assertion failed on expression: 'pred(*previous, *i)'
Assertion failed on expression: 'pred(*previous, *i)'
Assertion failed on expression: 'pred(*previous, *i)'
Assertion failed on expression: 'pred(*previous, *i)'
Assertion failed on expression: 'pred(*previous, *i)'
Assertion failed on expression: 'pred(*previous, *i)'
Assertion failed on expression: 'pred(*previous, *i)'
Assertion failed on expression: 'pred(*previous, *i)'
Assertion failed on expression: 'pred(*previous, *i)'
Assertion failed on expression: 'pred(*previous, *i)'
Assertion failed on expression: 'pred(*previous, *i)'
Assertion failed on expression: 'pred(*previous, *i)'
Assertion failed on expression: 'pred(*previous, *i)'
Assertion failed on expression: 'pred(*previous, *i)'
Assertion failed on expression: 'pred(*previous, *i)'
Assertion failed on expression: 'pred(*previous, *i)'
Assertion failed on expression: 'pred(*previous, *i)'
Assertion failed on expression: 'pred(*previous, *i)'
Assertion failed on expression: 'pred(*previous, *i)'
Assertion failed on expression: 'pred(*previous, *i)'
Assertion failed on expression: 'pred(*previous, *i)'
Assertion failed on expression: 'pred(*previous, *i)'
Assertion failed on expression: 'pred(*previous, *i)'
Assertion failed on expression: 'pred(*previous, *i)'
Assertion failed on expression: 'pred(*previous, *i)'
Assertion failed on expression: 'pred(*previous, *i)'
Assertion failed on expression: 'pred(*previous, *i)'
Assertion failed on expression: 'pred(*previous, *i)'
Assertion failed on expression: 'pred(*previous, *i)'
Assertion failed on expression: 'pred(*previous, *i)'
Assertion failed on expression: 'pred(*previous, *i)'
Assertion failed on expression: 'pred(*previous, *i)'
Assertion failed on expression: 'pred(*previous, *i)'
Assertion failed on expression: 'pred(*previous, *i)'
Assertion failed on expression: 'pred(*previous, *i)'
Assertion failed on expression: 'pred(*previous, *i)'
Assertion failed on expression: 'pred(*previous, *i)'
Assertion failed on expression: 'pred(*previous, *i)'
Assertion failed on expression: 'pred(*previous, *i)'
Assertion failed on expression: 'pred(*previous, *i)'
Assertion failed on expression: 'pred(*previous, *i)'
Assertion failed on expression: 'pred(*previous, *i)'
Assertion failed on expression: 'pred(*previous, *i)'
Assertion failed on expression: 'pred(*previous, *i)'
Assertion failed on expression: 'pred(*previous, *i)'
Assertion failed on expression: 'pred(*previous, *i)'
Assertion failed on expression: 'pred(*previous, *i)'
Assertion failed on expression: 'pred(*previous, *i)'
Assertion failed on expression: 'pred(*previous, *i)'
Assertion failed on expression: 'pred(*previous, *i)'
Assertion failed on expression: 'pred(*previous, *i)'
Assertion failed on expression: 'pred(*previous, *i)'
Assertion failed on expression: 'pred(*previous, *i)'
Assertion failed on expression: 'pred(*previous, *i)'
Assertion failed on expression: 'pred(*previous, *i)'
Assertion failed on expression: 'pred(*previous, *i)'
Assertion failed on expression: 'pred(*previous, *i)'
Assertion failed on expression: 'pred(*previous, *i)'
Assertion failed on expression: 'pred(*previous, *i)'
Assertion failed on expression: 'pred(*previous, *i)'
Assertion failed on expression: 'pred(*previous, *i)'
Assertion failed on expression: 'pred(*previous, *i)'
Assertion failed on expression: 'pred(*previous, *i)'
Assertion failed on expression: 'pred(*previous, *i)'
Assertion failed on expression: 'pred(*previous, *i)'
Assertion failed on expression: 'pred(*previous, *i)'
Assertion failed on expression: 'pred(*previous, *i)'
Assertion failed on expression: 'pred(*previous, *i)'
Assertion failed on expression: 'pred(*previous, *i)'
Assertion failed on expression: 'pred(*previous, *i)'
Assertion failed on expression: 'pred(*previous, *i)'
Assertion failed on expression: 'pred(*previous, *i)'
Assertion failed on expression: 'pred(*previous, *i)'
Assertion failed on expression: 'pred(*previous, *i)'
Assertion failed on expression: 'pred(*previous, *i)'
Assertion failed on expression: 'pred(*previous, *i)'
Assertion failed on expression: 'pred(*previous, *i)'
Assertion failed on expression: 'pred(*previous, *i)'
Assertion failed on expression: 'pred(*previous, *i)'
Assertion failed on expression: 'pred(*previous, *i)'
Assertion failed on expression: 'pred(*previous, *i)'
Assertion failed on expression: 'pred(*previous, *i)'
Assertion failed on expression: 'pred(*previous, *i)'
Assertion failed on expression: 'pred(*previous, *i)'
Assertion failed on expression: 'pred(*previous, *i)'
Assertion failed on expression: 'pred(*previous, *i)'
Assertion failed on expression: 'pred(*previous, *i)'
Assertion failed on expression: 'pred(*previous, *i)'
Assertion failed on expression: 'pred(*previous, *i)'
Assertion failed on expression: 'pred(*previous, *i)'
Assertion failed on expression: 'pred(*previous, *i)'
Assertion failed on expression: 'pred(*previous, *i)'
Assertion failed on expression: 'pred(*previous, *i)'
Assertion failed on expression: 'pred(*previous, *i)'
Assertion failed on expression: 'pred(*previous, *i)'
Assertion failed on expression: 'pred(*previous, *i)'
Assertion failed on expression: 'pred(*previous, *i)'
Assertion failed on expression: 'pred(*previous, *i)'
Assertion failed on expression: 'pred(*previous, *i)'
Assertion failed on expression: 'pred(*previous, *i)'
Assertion failed on expression: 'pred(*previous, *i)'
Assertion failed on expression: 'pred(*previous, *i)'
Assertion failed on expression: 'pred(*previous, *i)'
Assertion failed on expression: 'pred(*previous, *i)'
Assertion failed on expression: 'pred(*previous, *i)'
Assertion failed on expression: 'pred(*previous, *i)'
Assertion failed on expression: 'pred(*previous, *i)'
Assertion failed on expression: 'pred(*previous, *i)'
Assertion failed on expression: 'pred(*previous, *i)'
Assertion failed on expression: 'pred(*previous, *i)'
Assertion failed on expression: 'pred(*previous, *i)'
Assertion failed on expression: 'pred(*previous, *i)'
Assertion failed on expression: 'pred(*previous, *i)'
Assertion failed on expression: 'pred(*previous, *i)'
Assertion failed on expression: 'pred(*previous, *i)'
Assertion failed on expression: 'pred(*previous, *i)'
Assertion failed on expression: 'pred(*previous, *i)'
Assertion failed on expression: 'pred(*previous, *i)'
Assertion failed on expression: 'pred(*previous, *i)'
Assertion failed on expression: 'pred(*previous, *i)'
Assertion failed on expression: 'pred(*previous, *i)'
Assertion failed on expression: 'pred(*previous, *i)'
Assertion failed on expression: 'pred(*previous, *i)'
Assertion failed on expression: 'pred(*previous, *i)'
Assertion failed on expression: 'pred(*previous, *i)'
Assertion failed on expression: 'pred(*previous, *i)'
Assertion failed on expression: 'pred(*previous, *i)'
Assertion failed on expression: 'pred(*previous, *i)'
Assertion failed on expression: 'pred(*previous, *i)'
Assertion failed on expression: 'pred(*previous, *i)'
Assertion failed on expression: 'pred(*previous, *i)'
Assertion failed on expression: 'pred(*previous, *i)'
Assertion failed on expression: 'pred(*previous, *i)'
Assertion failed on expression: 'pred(*previous, *i)'
Assertion failed on expression: 'pred(*previous, *i)'
Assertion failed on expression: 'pred(*previous, *i)'
Assertion failed on expression: 'pred(*previous, *i)'
Assertion failed on expression: 'pred(*previous, *i)'
Assertion failed on expression: 'pred(*previous, *i)'
Assertion failed on expression: 'pred(*previous, *i)'
Assertion failed on expression: 'pred(*previous, *i)'
Assertion failed on expression: 'pred(*previous, *i)'
Assertion failed on expression: 'pred(*previous, *i)'
Assertion failed on expression: 'pred(*previous, *i)'
Assertion failed on expression: 'pred(*previous, *i)'
Assertion failed on expression: 'pred(*previous, *i)'
Assertion failed on expression: 'pred(*previous, *i)'
Assertion failed on expression: 'pred(*previous, *i)'
Assertion failed on expression: 'pred(*previous, *i)'
Assertion failed on expression: 'pred(*previous, *i)'
Assertion failed on expression: 'pred(*previous, *i)'
Assertion failed on expression: 'pred(*previous, *i)'
Assertion failed on expression: 'pred(*previous, *i)'
Assertion failed on expression: 'pred(*previous, *i)'
Assertion failed on expression: 'pred(*previous, *i)'
Assertion failed on expression: 'pred(*previous, *i)'
Assertion failed on expression: 'pred(*previous, *i)'
Assertion failed on expression: 'pred(*previous, *i)'
Assertion failed on expression: 'pred(*previous, *i)'
Assertion failed on expression: 'pred(*previous, *i)'
Assertion failed on expression: 'pred(*previous, *i)'
Assertion failed on expression: 'pred(*previous, *i)'
Assertion failed on expression: 'pred(*previous, *i)'
Assertion failed on expression: 'pred(*previous, *i)'
Assertion failed on expression: 'pred(*previous, *i)'
Assertion failed on expression: 'pred(*previous, *i)'
Assertion failed on expression: 'pred(*previous, *i)'
Assertion failed on expression: 'pred(*previous, *i)'
Assertion failed on expression: 'pred(*previous, *i)'
Assertion failed on expression: 'pred(*previous, *i)'
Assertion failed on expression: 'pred(*previous, *i)'
Assertion failed on expression: 'pred(*previous, *i)'
Assertion failed on expression: 'pred(*previous, *i)'
Assertion failed on expression: 'pred(*previous, *i)'
Assertion failed on expression: 'pred(*previous, *i)'
Assertion failed on expression: 'pred(*previous, *i)'
Assertion failed on expression: 'pred(*previous, *i)'
Assertion failed on expression: 'pred(*previous, *i)'
Assertion failed on expression: 'pred(*previous, *i)'
Assertion failed on expression: 'pred(*previous, *i)'
Assertion failed on expression: 'pred(*previous, *i)'
Assertion failed on expression: 'pred(*previous, *i)'
Assertion failed on expression: 'pred(*previous, *i)'
Assertion failed on expression: 'pred(*previous, *i)'
Assertion failed on expression: 'pred(*previous, *i)'
Assertion failed on expression: 'pred(*previous, *i)'
Assertion failed on expression: 'pred(*previous, *i)'
Assertion failed on expression: 'pred(*previous, *i)'
Assertion failed on expression: 'pred(*previous, *i)'
Assertion failed on expression: 'pred(*previous, *i)'
Assertion failed on expression: 'pred(*previous, *i)'
Assertion failed on expression: 'pred(*previous, *i)'
Assertion failed on expression: 'pred(*previous, *i)'
Assertion failed on expression: 'pred(*previous, *i)'
Assertion failed on expression: 'pred(*previous, *i)'
Assertion failed on expression: 'pred(*previous, *i)'
Assertion failed on expression: 'pred(*previous, *i)'
Assertion failed on expression: 'pred(*previous, *i)'
Assertion failed on expression: 'pred(*previous, *i)'
Assertion failed on expression: 'pred(*previous, *i)'
Assertion failed on expression: 'pred(*previous, *i)'
Assertion failed on expression: 'pred(*previous, *i)'
Assertion failed on expression: 'pred(*previous, *i)'
Assertion failed on expression: 'pred(*previous, *i)'
Assertion failed on expression: 'pred(*previous, *i)'
Assertion failed on expression: 'pred(*previous, *i)'
Assertion failed on expression: 'pred(*previous, *i)'
Assertion failed on expression: 'pred(*previous, *i)'
Assertion failed on expression: 'pred(*previous, *i)'
Assertion failed on expression: 'pred(*previous, *i)'
Assertion failed on expression: 'pred(*previous, *i)'
Assertion failed on expression: 'pred(*previous, *i)'
Assertion failed on expression: 'pred(*previous, *i)'
Assertion failed on expression: 'pred(*previous, *i)'
Assertion failed on expression: 'pred(*previous, *i)'
Assertion failed on expression: 'pred(*previous, *i)'
Assertion failed on expression: 'pred(*previous, *i)'
Assertion failed on expression: 'pred(*previous, *i)'
Assertion failed on expression: 'pred(*previous, *i)'
Assertion failed on expression: 'pred(*previous, *i)'
Assertion failed on expression: 'pred(*previous, *i)'
Assertion failed on expression: 'pred(*previous, *i)'
Assertion failed on expression: 'pred(*previous, *i)'
Assertion failed on expression: 'pred(*previous, *i)'
Assertion failed on expression: 'pred(*previous, *i)'
Assertion failed on expression: 'pred(*previous, *i)'
Assertion failed on expression: 'pred(*previous, *i)'
Assertion failed on expression: 'pred(*previous, *i)'
Assertion failed on expression: 'pred(*previous, *i)'
Assertion failed on expression: 'pred(*previous, *i)'
Assertion failed on expression: 'pred(*previous, *i)'
Assertion failed on expression: 'pred(*previous, *i)'
Assertion failed on expression: 'pred(*previous, *i)'
Assertion failed on expression: 'pred(*previous, *i)'
Assertion failed on expression: 'pred(*previous, *i)'
Assertion failed on expression: 'pred(*previous, *i)'
Assertion failed on expression: 'pred(*previous, *i)'
Assertion failed on expression: 'pred(*previous, *i)'
Assertion failed on expression: 'pred(*previous, *i)'
Assertion failed on expression: 'pred(*previous, *i)'
Assertion failed on expression: 'pred(*previous, *i)'
Assertion failed on expression: 'pred(*previous, *i)'
Assertion failed on expression: 'pred(*previous, *i)'
Assertion failed on expression: 'pred(*previous, *i)'
Assertion failed on expression: 'pred(*previous, *i)'
Assertion failed on expression: 'pred(*previous, *i)'
Assertion failed on expression: 'pred(*previous, *i)'
Assertion failed on expression: 'pred(*previous, *i)'
Assertion failed on expression: 'pred(*previous, *i)'
Assertion failed on expression: 'pred(*previous, *i)'
Assertion failed on expression: 'pred(*previous, *i)'
Assertion failed on expression: 'pred(*previous, *i)'
Assertion failed on expression: 'pred(*previous, *i)'
Assertion failed on expression: 'pred(*previous, *i)'
Assertion failed on expression: 'pred(*previous, *i)'
Assertion failed on expression: 'pred(*previous, *i)'
Assertion failed on expression: 'pred(*previous, *i)'
Assertion failed on expression: 'pred(*previous, *i)'
Assertion failed on expression: 'pred(*previous, *i)'
Assertion failed on expression: 'pred(*previous, *i)'
Assertion failed on expression: 'pred(*previous, *i)'
Assertion failed on expression: 'pred(*previous, *i)'
Assertion failed on expression: 'pred(*previous, *i)'
Assertion failed on expression: 'pred(*previous, *i)'
Assertion failed on expression: 'pred(*previous, *i)'
Assertion failed on expression: 'pred(*previous, *i)'
Assertion failed on expression: 'pred(*previous, *i)'
Assertion failed on expression: 'pred(*previous, *i)'
Assertion failed on expression: 'pred(*previous, *i)'
Assertion failed on expression: 'pred(*previous, *i)'
Assertion failed on expression: 'pred(*previous, *i)'
Assertion failed on expression: 'pred(*previous, *i)'
Assertion failed on expression: 'pred(*previous, *i)'
Assertion failed on expression: 'pred(*previous, *i)'
Assertion failed on expression: 'pred(*previous, *i)'
Assertion failed on expression: 'pred(*previous, *i)'
Assertion failed on expression: 'pred(*previous, *i)'
Assertion failed on expression: 'pred(*previous, *i)'
Assertion failed on expression: 'pred(*previous, *i)'
Assertion failed on expression: 'pred(*previous, *i)'
Assertion failed on expression: 'pred(*previous, *i)'
Assertion failed on expression: 'pred(*previous, *i)'
Assertion failed on expression: 'pred(*previous, *i)'
Assertion failed on expression: 'pred(*previous, *i)'
Assertion failed on expression: 'pred(*previous, *i)'
Assertion failed on expression: 'pred(*previous, *i)'
Assertion failed on expression: 'pred(*previous, *i)'
Assertion failed on expression: 'pred(*previous, *i)'
Assertion failed on expression: 'pred(*previous, *i)'
Assertion failed on expression: 'pred(*previous, *i)'
Assertion failed on expression: 'pred(*previous, *i)'
Assertion failed on expression: 'pred(*previous, *i)'
Assertion failed on expression: 'pred(*previous, *i)'
Assertion failed on expression: 'pred(*previous, *i)'
Assertion failed on expression: 'pred(*previous, *i)'
Assertion failed on expression: 'pred(*previous, *i)'
Assertion failed on expression: 'pred(*previous, *i)'
Assertion failed on expression: 'pred(*previous, *i)'
Assertion failed on expression: 'pred(*previous, *i)'
Assertion failed on expression: 'pred(*previous, *i)'
Assertion failed on expression: 'pred(*previous, *i)'
Assertion failed on expression: 'pred(*previous, *i)'
Assertion failed on expression: 'pred(*previous, *i)'
Assertion failed on expression: 'pred(*previous, *i)'
Assertion failed on expression: 'pred(*previous, *i)'
Assertion failed on expression: 'pred(*previous, *i)'
Assertion failed on expression: 'pred(*previous, *i)'
Assertion failed on expression: 'pred(*previous, *i)'
Assertion failed on expression: 'pred(*previous, *i)'
Assertion failed on expression: 'pred(*previous, *i)'
Assertion failed on expression: 'pred(*previous, *i)'
Assertion failed on expression: 'pred(*previous, *i)'
Assertion failed on expression: 'pred(*previous, *i)'
Assertion failed on expression: 'pred(*previous, *i)'
Assertion failed on expression: 'pred(*previous, *i)'
Assertion failed on expression: 'pred(*previous, *i)'
Assertion failed on expression: 'pred(*previous, *i)'
Assertion failed on expression: 'pred(*previous, *i)'
Assertion failed on expression: 'pred(*previous, *i)'
Assertion failed on expression: 'pred(*previous, *i)'
Assertion failed on expression: 'pred(*previous, *i)'
Assertion failed on expression: 'pred(*previous, *i)'
Assertion failed on expression: 'pred(*previous, *i)'
Assertion failed on expression: 'pred(*previous, *i)'
Assertion failed on expression: 'pred(*previous, *i)'
Assertion failed on expression: 'pred(*previous, *i)'
Assertion failed on expression: 'pred(*previous, *i)'
Assertion failed on expression: 'pred(*previous, *i)'
Assertion failed on expression: 'pred(*previous, *i)'
Assertion failed on expression: 'pred(*previous, *i)'
Assertion failed on expression: 'pred(*previous, *i)'
Assertion failed on expression: 'pred(*previous, *i)'
Assertion failed on expression: 'pred(*previous, *i)'
Assertion failed on expression: 'pred(*previous, *i)'
Assertion failed on expression: 'pred(*previous, *i)'
Assertion failed on expression: 'pred(*previous, *i)'
Assertion failed on expression: 'pred(*previous, *i)'
Assertion failed on expression: 'pred(*previous, *i)'
Assertion failed on expression: 'pred(*previous, *i)'
Assertion failed on expression: 'pred(*previous, *i)'
Assertion failed on expression: 'pred(*previous, *i)'
Assertion failed on expression: 'pred(*previous, *i)'
Assertion failed on expression: 'pred(*previous, *i)'
Assertion failed on expression: 'pred(*previous, *i)'
Assertion failed on expression: 'pred(*previous, *i)'
Assertion failed on expression: 'pred(*previous, *i)'
Assertion failed on expression: 'pred(*previous, *i)'
Assertion failed on expression: 'pred(*previous, *i)'
Assertion failed on expression: 'pred(*previous, *i)'
Assertion failed on expression: 'pred(*previous, *i)'
Assertion failed on expression: 'pred(*previous, *i)'
Assertion failed on expression: 'pred(*previous, *i)'
Assertion failed on expression: 'pred(*previous, *i)'
Assertion failed on expression: 'pred(*previous, *i)'
Assertion failed on expression: 'pred(*previous, *i)'
Assertion failed on expression: 'pred(*previous, *i)'
Assertion failed on expression: 'pred(*previous, *i)'
Assertion failed on expression: 'pred(*previous, *i)'
Assertion failed on expression: 'pred(*previous, *i)'
Assertion failed on expression: 'pred(*previous, *i)'
Assertion failed on expression: 'pred(*previous, *i)'
Assertion failed on expression: 'pred(*previous, *i)'
Assertion failed on expression: 'pred(*previous, *i)'
Assertion failed on expression: 'pred(*previous, *i)'
Assertion failed on expression: 'pred(*previous, *i)'
Assertion failed on expression: 'pred(*previous, *i)'
Assertion failed on expression: 'pred(*previous, *i)'
Assertion failed on expression: 'pred(*previous, *i)'
Assertion failed on expression: 'pred(*previous, *i)'
Assertion failed on expression: 'pred(*previous, *i)'
Assertion failed on expression: 'pred(*previous, *i)'
Assertion failed on expression: 'pred(*previous, *i)'
Assertion failed on expression: 'pred(*previous, *i)'
Assertion failed on expression: 'pred(*previous, *i)'
Assertion failed on expression: 'pred(*previous, *i)'
Assertion failed on expression: 'pred(*previous, *i)'
Assertion failed on expression: 'pred(*previous, *i)'
Assertion failed on expression: 'pred(*previous, *i)'
Assertion failed on expression: 'pred(*previous, *i)'
Assertion failed on expression: 'pred(*previous, *i)'
Assertion failed on expression: 'pred(*previous, *i)'
Assertion failed on expression: 'pred(*previous, *i)'
Assertion failed on expression: 'pred(*previous, *i)'
Assertion failed on expression: 'pred(*previous, *i)'
Assertion failed on expression: 'pred(*previous, *i)'
Assertion failed on expression: 'pred(*previous, *i)'
Assertion failed on expression: 'pred(*previous, *i)'
Assertion failed on expression: 'pred(*previous, *i)'
Assertion failed on expression: 'pred(*previous, *i)'
Assertion failed on expression: 'pred(*previous, *i)'
Assertion failed on expression: 'pred(*previous, *i)'
Assertion failed on expression: 'pred(*previous, *i)'
Assertion failed on expression: 'pred(*previous, *i)'
Assertion failed on expression: 'pred(*previous, *i)'
Assertion failed on expression: 'pred(*previous, *i)'
Assertion failed on expression: 'pred(*previous, *i)'
Assertion failed on expression: 'pred(*previous, *i)'
Assertion failed on expression: 'pred(*previous, *i)'
Assertion failed on expression: 'pred(*previous, *i)'
Assertion failed on expression: 'pred(*previous, *i)'
Assertion failed on expression: 'pred(*previous, *i)'
Assertion failed on expression: 'pred(*previous, *i)'
Assertion failed on expression: 'pred(*previous, *i)'
Assertion failed on expression: 'pred(*previous, *i)'
Assertion failed on expression: 'pred(*previous, *i)'
Assertion failed on expression: 'pred(*previous, *i)'
Assertion failed on expression: 'pred(*previous, *i)'
Assertion failed on expression: 'pred(*previous, *i)'
Assertion failed on expression: 'pred(*previous, *i)'
Assertion failed on expression: 'pred(*previous, *i)'
Assertion failed on expression: 'pred(*previous, *i)'
Assertion failed on expression: 'pred(*previous, *i)'
Assertion failed on expression: 'pred(*previous, *i)'
Assertion failed on expression: 'pred(*previous, *i)'
Assertion failed on expression: 'pred(*previous, *i)'
Assertion failed on expression: 'pred(*previous, *i)'
Assertion failed on expression: 'pred(*previous, *i)'
Assertion failed on expression: 'pred(*previous, *i)'
Assertion failed on expression: 'pred(*previous, *i)'
Assertion failed on expression: 'pred(*previous, *i)'
Assertion failed on expression: 'pred(*previous, *i)'
Assertion failed on expression: 'pred(*previous, *i)'
Assertion failed on expression: 'pred(*previous, *i)'
Assertion failed on expression: 'pred(*previous, *i)'
Assertion failed on expression: 'pred(*previous, *i)'
Assertion failed on expression: 'pred(*previous, *i)'
Assertion failed on expression: 'pred(*previous, *i)'
Assertion failed on expression: 'pred(*previous, *i)'
Assertion failed on expression: 'pred(*previous, *i)'
Assertion failed on expression: 'pred(*previous, *i)'
Assertion failed on expression: 'pred(*previous, *i)'
Assertion failed on expression: 'pred(*previous, *i)'
Assertion failed on expression: 'pred(*previous, *i)'
Assertion failed on expression: 'pred(*previous, *i)'
Assertion failed on expression: 'pred(*previous, *i)'
Assertion failed on expression: 'pred(*previous, *i)'
Assertion failed on expression: 'pred(*previous, *i)'
Assertion failed on expression: 'pred(*previous, *i)'
Assertion failed on expression: 'pred(*previous, *i)'
Assertion failed on expression: 'pred(*previous, *i)'
Assertion failed on expression: 'pred(*previous, *i)'
Assertion failed on expression: 'pred(*previous, *i)'
Assertion failed on expression: 'pred(*previous, *i)'
Assertion failed on expression: 'pred(*previous, *i)'
Assertion failed on expression: 'pred(*previous, *i)'
Assertion failed on expression: 'pred(*previous, *i)'
Assertion failed on expression: 'pred(*previous, *i)'
Assertion failed on expression: 'pred(*previous, *i)'
Assertion failed on expression: 'pred(*previous, *i)'
Assertion failed on expression: 'pred(*previous, *i)'
Assertion failed on expression: 'pred(*previous, *i)'
Assertion failed on expression: 'pred(*previous, *i)'
Assertion failed on expression: 'pred(*previous, *i)'
Assertion failed on expression: 'pred(*previous, *i)'
Assertion failed on expression: 'pred(*previous, *i)'
Assertion failed on expression: 'pred(*previous, *i)'
Assertion failed on expression: 'pred(*previous, *i)'
Assertion failed on expression: 'pred(*previous, *i)'
Assertion failed on expression: 'pred(*previous, *i)'
Assertion failed on expression: 'pred(*previous, *i)'
Assertion failed on expression: 'pred(*previous, *i)'
Assertion failed on expression: 'pred(*previous, *i)'
Assertion failed on expression: 'pred(*previous, *i)'
Assertion failed on expression: 'pred(*previous, *i)'
Assertion failed on expression: 'pred(*previous, *i)'
Assertion failed on expression: 'pred(*previous, *i)'
Assertion failed on expression: 'pred(*previous, *i)'
Assertion failed on expression: 'pred(*previous, *i)'
Assertion failed on expression: 'pred(*previous, *i)'
Assertion failed on expression: 'pred(*previous, *i)'
Assertion failed on expression: 'pred(*previous, *i)'
Assertion failed on expression: 'pred(*previous, *i)'
Assertion failed on expression: 'pred(*previous, *i)'
Assertion failed on expression: 'pred(*previous, *i)'
Assertion failed on expression: 'pred(*previous, *i)'
Assertion failed on expression: 'pred(*previous, *i)'
Assertion failed on expression: 'pred(*previous, *i)'
Assertion failed on expression: 'pred(*previous, *i)'
Assertion failed on expression: 'pred(*previous, *i)'
Assertion failed on expression: 'pred(*previous, *i)'
Assertion failed on expression: 'pred(*previous, *i)'
Assertion failed on expression: 'pred(*previous, *i)'
Assertion failed on expression: 'pred(*previous, *i)'
Assertion failed on expression: 'pred(*previous, *i)'
Assertion failed on expression: 'pred(*previous, *i)'
Assertion failed on expression: 'pred(*previous, *i)'
Assertion failed on expression: 'pred(*previous, *i)'
Assertion failed on expression: 'pred(*previous, *i)'
Assertion failed on expression: 'pred(*previous, *i)'
Assertion failed on expression: 'pred(*previous, *i)'
Assertion failed on expression: 'pred(*previous, *i)'
Assertion failed on expression: 'pred(*previous, *i)'
Assertion failed on expression: 'pred(*previous, *i)'
Assertion failed on expression: 'pred(*previous, *i)'
Assertion failed on expression: 'pred(*previous, *i)'
Assertion failed on expression: 'pred(*previous, *i)'
Assertion failed on expression: 'pred(*previous, *i)'
Assertion failed on expression: 'pred(*previous, *i)'
Assertion failed on expression: 'pred(*previous, *i)'
Assertion failed on expression: 'pred(*previous, *i)'
Assertion failed on expression: 'pred(*previous, *i)'
Assertion failed on expression: 'pred(*previous, *i)'
Assertion failed on expression: 'pred(*previous, *i)'
Assertion failed on expression: 'pred(*previous, *i)'
Assertion failed on expression: 'pred(*previous, *i)'
Assertion failed on expression: 'pred(*previous, *i)'
Assertion failed on expression: 'pred(*previous, *i)'
Assertion failed on expression: 'pred(*previous, *i)'
Assertion failed on expression: 'pred(*previous, *i)'
Assertion failed on expression: 'pred(*previous, *i)'
Assertion failed on expression: 'pred(*previous, *i)'
Assertion failed on expression: 'pred(*previous, *i)'
Assertion failed on expression: 'pred(*previous, *i)'
Assertion failed on expression: 'pred(*previous, *i)'
Assertion failed on expression: 'pred(*previous, *i)'
Assertion failed on expression: 'pred(*previous, *i)'
Assertion failed on expression: 'pred(*previous, *i)'
Assertion failed on expression: 'pred(*previous, *i)'
Assertion failed on expression: 'pred(*previous, *i)'
Assertion failed on expression: 'pred(*previous, *i)'
Assertion failed on expression: 'pred(*previous, *i)'
Assertion failed on expression: 'pred(*previous, *i)'
Assertion failed on expression: 'pred(*previous, *i)'
Assertion failed on expression: 'pred(*previous, *i)'
Assertion failed on expression: 'pred(*previous, *i)'
Assertion failed on expression: 'pred(*previous, *i)'
Assertion failed on expression: 'pred(*previous, *i)'
Assertion failed on expression: 'pred(*previous, *i)'
Assertion failed on expression: 'pred(*previous, *i)'
Assertion failed on expression: 'pred(*previous, *i)'
Assertion failed on expression: 'pred(*previous, *i)'
Assertion failed on expression: 'pred(*previous, *i)'
Assertion failed on expression: 'pred(*previous, *i)'
Assertion failed on expression: 'pred(*previous, *i)'
Assertion failed on expression: 'pred(*previous, *i)'
Assertion failed on expression: 'pred(*previous, *i)'
Assertion failed on expression: 'pred(*previous, *i)'
Assertion failed on expression: 'pred(*previous, *i)'
Assertion failed on expression: 'pred(*previous, *i)'
Assertion failed on expression: 'pred(*previous, *i)'
Assertion failed on expression: 'pred(*previous, *i)'
Assertion failed on expression: 'pred(*previous, *i)'
Assertion failed on expression: 'pred(*previous, *i)'
Assertion failed on expression: 'pred(*previous, *i)'
Assertion failed on expression: 'pred(*previous, *i)'
Assertion failed on expression: 'pred(*previous, *i)'
Assertion failed on expression: 'pred(*previous, *i)'
Assertion failed on expression: 'pred(*previous, *i)'
Assertion failed on expression: 'pred(*previous, *i)'
Assertion failed on expression: 'pred(*previous, *i)'
Assertion failed on expression: 'pred(*previous, *i)'
Assertion failed on expression: 'pred(*previous, *i)'
Assertion failed on expression: 'pred(*previous, *i)'
Assertion failed on expression: 'pred(*previous, *i)'
Assertion failed on expression: 'pred(*previous, *i)'
Assertion failed on expression: 'pred(*previous, *i)'
Assertion failed on expression: 'pred(*previous, *i)'
Assertion failed on expression: 'pred(*previous, *i)'
Assertion failed on expression: 'pred(*previous, *i)'
Assertion failed on expression: 'pred(*previous, *i)'
Assertion failed on expression: 'pred(*previous, *i)'
Assertion failed on expression: 'pred(*previous, *i)'
Assertion failed on expression: 'pred(*previous, *i)'
Assertion failed on expression: 'pred(*previous, *i)'
Assertion failed on expression: 'pred(*previous, *i)'
Assertion failed on expression: 'pred(*previous, *i)'
Assertion failed on expression: 'pred(*previous, *i)'
Assertion failed on expression: 'pred(*previous, *i)'
Assertion failed on expression: 'pred(*previous, *i)'
Assertion failed on expression: 'pred(*previous, *i)'
Assertion failed on expression: 'pred(*previous, *i)'
Assertion failed on expression: 'pred(*previous, *i)'
Assertion failed on expression: 'pred(*previous, *i)'
Assertion failed on expression: 'pred(*previous, *i)'
Assertion failed on expression: 'pred(*previous, *i)'
Assertion failed on expression: 'pred(*previous, *i)'
Assertion failed on expression: 'pred(*previous, *i)'
Assertion failed on expression: 'pred(*previous, *i)'
Assertion failed on expression: 'pred(*previous, *i)'
Assertion failed on expression: 'pred(*previous, *i)'
Assertion failed on expression: 'pred(*previous, *i)'
Assertion failed on expression: 'pred(*previous, *i)'
Assertion failed on expression: 'pred(*previous, *i)'
Assertion failed on expression: 'pred(*previous, *i)'
Assertion failed on expression: 'pred(*previous, *i)'
Assertion failed on expression: 'pred(*previous, *i)'
Assertion failed on expression: 'pred(*previous, *i)'
Assertion failed on expression: 'pred(*previous, *i)'
Assertion failed on expression: 'pred(*previous, *i)'
Assertion failed on expression: 'pred(*previous, *i)'
Assertion failed on expression: 'pred(*previous, *i)'
Assertion failed on expression: 'pred(*previous, *i)'
Assertion failed on expression: 'pred(*previous, *i)'
Assertion failed on expression: 'pred(*previous, *i)'
Assertion failed on expression: 'pred(*previous, *i)'
Assertion failed on expression: 'pred(*previous, *i)'
Assertion failed on expression: 'pred(*previous, *i)'
Assertion failed on expression: 'pred(*previous, *i)'
Assertion failed on expression: 'pred(*previous, *i)'
Assertion failed on expression: 'pred(*previous, *i)'
Assertion failed on expression: 'pred(*previous, *i)'
Assertion failed on expression: 'pred(*previous, *i)'
Assertion failed on expression: 'pred(*previous, *i)'
Assertion failed on expression: 'pred(*previous, *i)'
Assertion failed on expression: 'pred(*previous, *i)'
Assertion failed on expression: 'pred(*previous, *i)'
Assertion failed on expression: 'pred(*previous, *i)'
Assertion failed on expression: 'pred(*previous, *i)'
Assertion failed on expression: 'pred(*previous, *i)'
Assertion failed on expression: 'pred(*previous, *i)'
Assertion failed on expression: 'pred(*previous, *i)'
Assertion failed on expression: 'pred(*previous, *i)'
Assertion failed on expression: 'pred(*previous, *i)'
Assertion failed on expression: 'pred(*previous, *i)'
Assertion failed on expression: 'pred(*previous, *i)'
Assertion failed on expression: 'pred(*previous, *i)'
Assertion failed on expression: 'pred(*previous, *i)'
Assertion failed on expression: 'pred(*previous, *i)'
Assertion failed on expression: 'pred(*previous, *i)'
Assertion failed on expression: 'pred(*previous, *i)'
Assertion failed on expression: 'pred(*previous, *i)'
Assertion failed on expression: 'pred(*previous, *i)'
Assertion failed on expression: 'pred(*previous, *i)'
Assertion failed on expression: 'pred(*previous, *i)'
Assertion failed on expression: 'pred(*previous, *i)'
Assertion failed on expression: 'pred(*previous, *i)'
Assertion failed on expression: 'pred(*previous, *i)'
Assertion failed on expression: 'pred(*previous, *i)'
Assertion failed on expression: 'pred(*previous, *i)'
Assertion failed on expression: 'pred(*previous, *i)'
Assertion failed on expression: 'pred(*previous, *i)'
Assertion failed on expression: 'pred(*previous, *i)'
Assertion failed on expression: 'pred(*previous, *i)'
Assertion failed on expression: 'pred(*previous, *i)'
Assertion failed on expression: 'pred(*previous, *i)'
Assertion failed on expression: 'pred(*previous, *i)'
Assertion failed on expression: 'pred(*previous, *i)'
Assertion failed on expression: 'pred(*previous, *i)'
Assertion failed on expression: 'pred(*previous, *i)'
Assertion failed on expression: 'pred(*previous, *i)'
Assertion failed on expression: 'pred(*previous, *i)'
Assertion failed on expression: 'pred(*previous, *i)'
Assertion failed on expression: 'pred(*previous, *i)'
Assertion failed on expression: 'pred(*previous, *i)'
Assertion failed on expression: 'pred(*previous, *i)'
Assertion failed on expression: 'pred(*previous, *i)'
Assertion failed on expression: 'pred(*previous, *i)'
Assertion failed on expression: 'pred(*previous, *i)'
Assertion failed on expression: 'pred(*previous, *i)'
Assertion failed on expression: 'pred(*previous, *i)'
Assertion failed on expression: 'pred(*previous, *i)'
Assertion failed on expression: 'pred(*previous, *i)'
Assertion failed on expression: 'pred(*previous, *i)'
Assertion failed on expression: 'pred(*previous, *i)'
Assertion failed on expression: 'pred(*previous, *i)'
Assertion failed on expression: 'pred(*previous, *i)'
Assertion failed on expression: 'pred(*previous, *i)'
Assertion failed on expression: 'pred(*previous, *i)'
Assertion failed on expression: 'pred(*previous, *i)'
Assertion failed on expression: 'pred(*previous, *i)'
Assertion failed on expression: 'pred(*previous, *i)'
Assertion failed on expression: 'pred(*previous, *i)'
Assertion failed on expression: 'pred(*previous, *i)'
Assertion failed on expression: 'pred(*previous, *i)'
Assertion failed on expression: 'pred(*previous, *i)'
Assertion failed on expression: 'pred(*previous, *i)'
Assertion failed on expression: 'pred(*previous, *i)'
Assertion failed on expression: 'pred(*previous, *i)'
Assertion failed on expression: 'pred(*previous, *i)'
Assertion failed on expression: 'pred(*previous, *i)'
Assertion failed on expression: 'pred(*previous, *i)'
Assertion failed on expression: 'pred(*previous, *i)'
Assertion failed on expression: 'pred(*previous, *i)'
Assertion failed on expression: 'pred(*previous, *i)'
Assertion failed on expression: 'pred(*previous, *i)'
Assertion failed on expression: 'pred(*previous, *i)'
Assertion failed on expression: 'pred(*previous, *i)'
Assertion failed on expression: 'pred(*previous, *i)'
Assertion failed on expression: 'pred(*previous, *i)'
Assertion failed on expression: 'pred(*previous, *i)'
Assertion failed on expression: 'pred(*previous, *i)'
Assertion failed on expression: 'pred(*previous, *i)'
Assertion failed on expression: 'pred(*previous, *i)'
Assertion failed on expression: 'pred(*previous, *i)'
Assertion failed on expression: 'pred(*previous, *i)'
Assertion failed on expression: 'pred(*previous, *i)'
Assertion failed on expression: 'pred(*previous, *i)'
Assertion failed on expression: 'pred(*previous, *i)'
Assertion failed on expression: 'pred(*previous, *i)'
Assertion failed on expression: 'pred(*previous, *i)'
Assertion failed on expression: 'pred(*previous, *i)'
Assertion failed on expression: 'pred(*previous, *i)'
Assertion failed on expression: 'pred(*previous, *i)'
Assertion failed on expression: 'pred(*previous, *i)'
Assertion failed on expression: 'pred(*previous, *i)'
Assertion failed on expression: 'pred(*previous, *i)'
Assertion failed on expression: 'pred(*previous, *i)'
Assertion failed on expression: 'pred(*previous, *i)'
Assertion failed on expression: 'pred(*previous, *i)'
Assertion failed on expression: 'pred(*previous, *i)'
Assertion failed on expression: 'pred(*previous, *i)'
Assertion failed on expression: 'pred(*previous, *i)'
Assertion failed on expression: 'pred(*previous, *i)'
Assertion failed on expression: 'pred(*previous, *i)'
Assertion failed on expression: 'pred(*previous, *i)'
Assertion failed on expression: 'pred(*previous, *i)'
Assertion failed on expression: 'pred(*previous, *i)'
Assertion failed on expression: 'pred(*previous, *i)'
Assertion failed on expression: 'pred(*previous, *i)'
Assertion failed on expression: 'pred(*previous, *i)'
Assertion failed on expression: 'pred(*previous, *i)'
Assertion failed on expression: 'pred(*previous, *i)'
Assertion failed on expression: 'pred(*previous, *i)'
Assertion failed on expression: 'pred(*previous, *i)'
Assertion failed on expression: 'pred(*previous, *i)'
Assertion failed on expression: 'pred(*previous, *i)'
Assertion failed on expression: 'pred(*previous, *i)'
Assertion failed on expression: 'pred(*previous, *i)'
Assertion failed on expression: 'pred(*previous, *i)'
Assertion failed on expression: 'pred(*previous, *i)'
Assertion failed on expression: 'pred(*previous, *i)'
Assertion failed on expression: 'pred(*previous, *i)'
Assertion failed on expression: 'pred(*previous, *i)'
Assertion failed on expression: 'pred(*previous, *i)'
Assertion failed on expression: 'pred(*previous, *i)'
Assertion failed on expression: 'pred(*previous, *i)'
Assertion failed on expression: 'pred(*previous, *i)'
Assertion failed on expression: 'pred(*previous, *i)'
Assertion failed on expression: 'pred(*previous, *i)'
Assertion failed on expression: 'pred(*previous, *i)'
Assertion failed on expression: 'pred(*previous, *i)'
Assertion failed on expression: 'pred(*previous, *i)'
Assertion failed on expression: 'pred(*previous, *i)'
Assertion failed on expression: 'pred(*previous, *i)'
Assertion failed on expression: 'pred(*previous, *i)'
Assertion failed on expression: 'pred(*previous, *i)'
Assertion failed on expression: 'pred(*previous, *i)'
Assertion failed on expression: 'pred(*previous, *i)'
Assertion failed on expression: 'pred(*previous, *i)'
Assertion failed on expression: 'pred(*previous, *i)'
Assertion failed on expression: 'pred(*previous, *i)'
Assertion failed on expression: 'pred(*previous, *i)'
Assertion failed on expression: 'pred(*previous, *i)'
Assertion failed on expression: 'pred(*previous, *i)'
Assertion failed on expression: 'pred(*previous, *i)'
Assertion failed on expression: 'pred(*previous, *i)'
Assertion failed on expression: 'pred(*previous, *i)'
Assertion failed on expression: 'pred(*previous, *i)'
Assertion failed on expression: 'pred(*previous, *i)'
Assertion failed on expression: 'pred(*previous, *i)'
Assertion failed on expression: 'pred(*previous, *i)'
Assertion failed on expression: 'pred(*previous, *i)'
Assertion failed on expression: 'pred(*previous, *i)'
Assertion failed on expression: 'pred(*previous, *i)'
Assertion failed on expression: 'pred(*previous, *i)'
Assertion failed on expression: 'pred(*previous, *i)'
Assertion failed on expression: 'pred(*previous, *i)'
Assertion failed on expression: 'pred(*previous, *i)'
Assertion failed on expression: 'pred(*previous, *i)'
Assertion failed on expression: 'pred(*previous, *i)'
Assertion failed on expression: 'pred(*previous, *i)'
Assertion failed on expression: 'pred(*previous, *i)'
Assertion failed on expression: 'pred(*previous, *i)'
Assertion failed on expression: 'pred(*previous, *i)'
Assertion failed on expression: 'pred(*previous, *i)'
Assertion failed on expression: 'pred(*previous, *i)'
Assertion failed on expression: 'pred(*previous, *i)'
Assertion failed on expression: 'pred(*previous, *i)'
Assertion failed on expression: 'pred(*previous, *i)'
Assertion failed on expression: 'pred(*previous, *i)'
Assertion failed on expression: 'pred(*previous, *i)'
Assertion failed on expression: 'pred(*previous, *i)'
Assertion failed on expression: 'pred(*previous, *i)'
Assertion failed on expression: 'pred(*previous, *i)'
Assertion failed on expression: 'pred(*previous, *i)'
Assertion failed on expression: 'pred(*previous, *i)'
Assertion failed on expression: 'pred(*previous, *i)'
Assertion failed on expression: 'pred(*previous, *i)'
Assertion failed on expression: 'pred(*previous, *i)'
Assertion failed on expression: 'pred(*previous, *i)'
Assertion failed on expression: 'pred(*previous, *i)'
Assertion failed on expression: 'pred(*previous, *i)'
Assertion failed on expression: 'pred(*previous, *i)'
Assertion failed on expression: 'pred(*previous, *i)'
Assertion failed on expression: 'pred(*previous, *i)'
Assertion failed on expression: 'pred(*previous, *i)'
Assertion failed on expression: 'pred(*previous, *i)'
Assertion failed on expression: 'pred(*previous, *i)'
Assertion failed on expression: 'pred(*previous, *i)'
Assertion failed on expression: 'pred(*previous, *i)'
Assertion failed on expression: 'pred(*previous, *i)'
Assertion failed on expression: 'pred(*previous, *i)'
Assertion failed on expression: 'pred(*previous, *i)'
Assertion failed on expression: 'pred(*previous, *i)'
Assertion failed on expression: 'pred(*previous, *i)'
Assertion failed on expression: 'pred(*previous, *i)'
Assertion failed on expression: 'pred(*previous, *i)'
Assertion failed on expression: 'pred(*previous, *i)'
Assertion failed on expression: 'pred(*previous, *i)'
Assertion failed on expression: 'pred(*previous, *i)'
Assertion failed on expression: 'pred(*previous, *i)'
Assertion failed on expression: 'pred(*previous, *i)'
Assertion failed on expression: 'pred(*previous, *i)'
Assertion failed on expression: 'pred(*previous, *i)'
Assertion failed on expression: 'pred(*previous, *i)'
Assertion failed on expression: 'pred(*previous, *i)'
Assertion failed on expression: 'pred(*previous, *i)'
Assertion failed on expression: 'pred(*previous, *i)'
Assertion failed on expression: 'pred(*previous, *i)'
Assertion failed on expression: 'pred(*previous, *i)'
Assertion failed on expression: 'pred(*previous, *i)'
Assertion failed on expression: 'pred(*previous, *i)'
Assertion failed on expression: 'pred(*previous, *i)'
Assertion failed on expression: 'pred(*previous, *i)'
Assertion failed on expression: 'pred(*previous, *i)'
Assertion failed on expression: 'pred(*previous, *i)'
Assertion failed on expression: 'pred(*previous, *i)'
Assertion failed on expression: 'pred(*previous, *i)'
Assertion failed on expression: 'pred(*previous, *i)'
Assertion failed on expression: 'pred(*previous, *i)'
Assertion failed on expression: 'pred(*previous, *i)'
Assertion failed on expression: 'pred(*previous, *i)'
Assertion failed on expression: 'pred(*previous, *i)'
Assertion failed on expression: 'pred(*previous, *i)'
Assertion failed on expression: 'pred(*previous, *i)'
Assertion failed on expression: 'pred(*previous, *i)'
Assertion failed on expression: 'pred(*previous, *i)'
Assertion failed on expression: 'pred(*previous, *i)'
Assertion failed on expression: 'pred(*previous, *i)'
Assertion failed on expression: 'pred(*previous, *i)'
Assertion failed on expression: 'pred(*previous, *i)'
Assertion failed on expression: 'pred(*previous, *i)'
Assertion failed on expression: 'pred(*previous, *i)'
Assertion failed on expression: 'pred(*previous, *i)'
Assertion failed on expression: 'pred(*previous, *i)'
Assertion failed on expression: 'pred(*previous, *i)'
Assertion failed on expression: 'pred(*previous, *i)'
Assertion failed on expression: 'pred(*previous, *i)'
Assertion failed on expression: 'pred(*previous, *i)'
Assertion failed on expression: 'pred(*previous, *i)'
Assertion failed on expression: 'pred(*previous, *i)'
Assertion failed on expression: 'pred(*previous, *i)'
Assertion failed on expression: 'pred(*previous, *i)'
Assertion failed on expression: 'pred(*previous, *i)'
Assertion failed on expression: 'pred(*previous, *i)'
Assertion failed on expression: 'pred(*previous, *i)'
Assertion failed on expression: 'pred(*previous, *i)'
Assertion failed on expression: 'pred(*previous, *i)'
Assertion failed on expression: 'pred(*previous, *i)'
Assertion failed on expression: 'pred(*previous, *i)'
Assertion failed on expression: 'pred(*previous, *i)'
Assertion failed on expression: 'pred(*previous, *i)'
Assertion failed on expression: 'pred(*previous, *i)'
Assertion failed on expression: 'pred(*previous, *i)'
Assertion failed on expression: 'pred(*previous, *i)'
Assertion failed on expression: 'pred(*previous, *i)'
Assertion failed on expression: 'pred(*previous, *i)'
Assertion failed on expression: 'pred(*previous, *i)'
Assertion failed on expression: 'pred(*previous, *i)'
Assertion failed on expression: 'pred(*previous, *i)'
Assertion failed on expression: 'pred(*previous, *i)'
Assertion failed on expression: 'pred(*previous, *i)'
Assertion failed on expression: 'pred(*previous, *i)'
Assertion failed on expression: 'pred(*previous, *i)'
Assertion failed on expression: 'pred(*previous, *i)'
Assertion failed on expression: 'pred(*previous, *i)'
Assertion failed on expression: 'pred(*previous, *i)'
Assertion failed on expression: 'pred(*previous, *i)'
Assertion failed on expression: 'pred(*previous, *i)'
Assertion failed on expression: 'pred(*previous, *i)'
Assertion failed on expression: 'pred(*previous, *i)'
Assertion failed on expression: 'pred(*previous, *i)'
Assertion failed on expression: 'pred(*previous, *i)'
Assertion failed on expression: 'pred(*previous, *i)'
Assertion failed on expression: 'pred(*previous, *i)'
Assertion failed on expression: 'pred(*previous, *i)'
Assertion failed on expression: 'pred(*previous, *i)'
Assertion failed on expression: 'pred(*previous, *i)'
Assertion failed on expression: 'pred(*previous, *i)'
Assertion failed on expression: 'pred(*previous, *i)'
Assertion failed on expression: 'pred(*previous, *i)'
Assertion failed on expression: 'pred(*previous, *i)'
Assertion failed on expression: 'pred(*previous, *i)'
Assertion failed on expression: 'pred(*previous, *i)'
Assertion failed on expression: 'pred(*previous, *i)'
Assertion failed on expression: 'pred(*previous, *i)'
Assertion failed on expression: 'pred(*previous, *i)'
Assertion failed on expression: 'pred(*previous, *i)'
Assertion failed on expression: 'pred(*previous, *i)'
Assertion failed on expression: 'pred(*previous, *i)'
Assertion failed on expression: 'pred(*previous, *i)'
Assertion failed on expression: 'pred(*previous, *i)'
Assertion failed on expression: 'pred(*previous, *i)'
Assertion failed on expression: 'pred(*previous, *i)'
Assertion failed on expression: 'pred(*previous, *i)'
Assertion failed on expression: 'pred(*previous, *i)'
Assertion failed on expression: 'pred(*previous, *i)'
Assertion failed on expression: 'pred(*previous, *i)'
Assertion failed on expression: 'pred(*previous, *i)'
Assertion failed on expression: 'pred(*previous, *i)'
Assertion failed on expression: 'pred(*previous, *i)'
Assertion failed on expression: 'pred(*previous, *i)'
Assertion failed on expression: 'pred(*previous, *i)'
Assertion failed on expression: 'pred(*previous, *i)'
Assertion failed on expression: 'pred(*previous, *i)'
Assertion failed on expression: 'pred(*previous, *i)'
Assertion failed on expression: 'pred(*previous, *i)'
Assertion failed on expression: 'pred(*previous, *i)'
Assertion failed on expression: 'pred(*previous, *i)'
Assertion failed on expression: 'pred(*previous, *i)'
Assertion failed on expression: 'pred(*previous, *i)'
Assertion failed on expression: 'pred(*previous, *i)'
Assertion failed on expression: 'pred(*previous, *i)'
Assertion failed on expression: 'pred(*previous, *i)'
Assertion failed on expression: 'pred(*previous, *i)'
Assertion failed on expression: 'pred(*previous, *i)'
Assertion failed on expression: 'pred(*previous, *i)'
Assertion failed on expression: 'pred(*previous, *i)'
Assertion failed on expression: 'pred(*previous, *i)'
Assertion failed on expression: 'pred(*previous, *i)'
Assertion failed on expression: 'pred(*previous, *i)'
Assertion failed on expression: 'pred(*previous, *i)'
Assertion failed on expression: 'pred(*previous, *i)'
Assertion failed on expression: 'pred(*previous, *i)'
Assertion failed on expression: 'pred(*previous, *i)'
Assertion failed on expression: 'pred(*previous, *i)'
Assertion failed on expression: 'pred(*previous, *i)'
Assertion failed on expression: 'pred(*previous, *i)'
Assertion failed on expression: 'pred(*previous, *i)'
Assertion failed on expression: 'pred(*previous, *i)'
Assertion failed on expression: 'pred(*previous, *i)'
Assertion failed on expression: 'pred(*previous, *i)'
Assertion failed on expression: 'pred(*previous, *i)'
Assertion failed on expression: 'pred(*previous, *i)'
Assertion failed on expression: 'pred(*previous, *i)'
Assertion failed on expression: 'pred(*previous, *i)'
Assertion failed on expression: 'pred(*previous, *i)'
Assertion failed on expression: 'pred(*previous, *i)'
Assertion failed on expression: 'pred(*previous, *i)'
Assertion failed on expression: 'pred(*previous, *i)'
Assertion failed on expression: 'pred(*previous, *i)'
Assertion failed on expression: 'pred(*previous, *i)'
Assertion failed on expression: 'pred(*previous, *i)'
Assertion failed on expression: 'pred(*previous, *i)'
Assertion failed on expression: 'pred(*previous, *i)'
Assertion failed on expression: 'pred(*previous, *i)'
Assertion failed on expression: 'pred(*previous, *i)'
Assertion failed on expression: 'pred(*previous, *i)'
Assertion failed on expression: 'pred(*previous, *i)'
Assertion failed on expression: 'pred(*previous, *i)'
Assertion failed on expression: 'pred(*previous, *i)'
Assertion failed on expression: 'pred(*previous, *i)'
Assertion failed on expression: 'pred(*previous, *i)'
Assertion failed on expression: 'pred(*previous, *i)'
Assertion failed on expression: 'pred(*previous, *i)'
Assertion failed on expression: 'pred(*previous, *i)'
Assertion failed on expression: 'pred(*previous, *i)'
Assertion failed on expression: 'pred(*previous, *i)'
Assertion failed on expression: 'pred(*previous, *i)'
Assertion failed on expression: 'pred(*previous, *i)'
Assertion failed on expression: 'pred(*previous, *i)'
Assertion failed on expression: 'pred(*previous, *i)'
Assertion failed on expression: 'pred(*previous, *i)'
Assertion failed on expression: 'pred(*previous, *i)'
Assertion failed on expression: 'pred(*previous, *i)'
Assertion failed on expression: 'pred(*previous, *i)'
Assertion failed on expression: 'pred(*previous, *i)'
Assertion failed on expression: 'pred(*previous, *i)'
Assertion failed on expression: 'pred(*previous, *i)'
Assertion failed on expression: 'pred(*previous, *i)'
Assertion failed on expression: 'pred(*previous, *i)'
Assertion failed on expression: 'pred(*previous, *i)'
Assertion failed on expression: 'pred(*previous, *i)'
Assertion failed on expression: 'pred(*previous, *i)'
Assertion failed on expression: 'pred(*previous, *i)'
Assertion failed on expression: 'pred(*previous, *i)'
Assertion failed on expression: 'pred(*previous, *i)'
Assertion failed on expression: 'pred(*previous, *i)'
Assertion failed on expression: 'pred(*previous, *i)'
Assertion failed on expression: 'pred(*previous, *i)'
Assertion failed on expression: 'pred(*previous, *i)'
Assertion failed on expression: 'pred(*previous, *i)'
Assertion failed on expression: 'pred(*previous, *i)'
Assertion failed on expression: 'pred(*previous, *i)'
Assertion failed on expression: 'pred(*previous, *i)'
Assertion failed on expression: 'pred(*previous, *i)'
Assertion failed on expression: 'pred(*previous, *i)'
Assertion failed on expression: 'pred(*previous, *i)'
Assertion failed on expression: 'pred(*previous, *i)'
Assertion failed on expression: 'pred(*previous, *i)'
Assertion failed on expression: 'pred(*previous, *i)'
Assertion failed on expression: 'pred(*previous, *i)'
Assertion failed on expression: 'pred(*previous, *i)'
Assertion failed on expression: 'pred(*previous, *i)'
Assertion failed on expression: 'pred(*previous, *i)'
Assertion failed on expression: 'pred(*previous, *i)'
Assertion failed on expression: 'pred(*previous, *i)'
Assertion failed on expression: 'pred(*previous, *i)'
Assertion failed on expression: 'pred(*previous, *i)'
Assertion failed on expression: 'pred(*previous, *i)'
Assertion failed on expression: 'pred(*previous, *i)'
Assertion failed on expression: 'pred(*previous, *i)'
Assertion failed on expression: 'pred(*previous, *i)'
Assertion failed on expression: 'pred(*previous, *i)'
Assertion failed on expression: 'pred(*previous, *i)'
Assertion failed on expression: 'pred(*previous, *i)'
Assertion failed on expression: 'pred(*previous, *i)'
Assertion failed on expression: 'pred(*previous, *i)'
Assertion failed on expression: 'pred(*previous, *i)'
Assertion failed on expression: 'pred(*previous, *i)'
Assertion failed on expression: 'pred(*previous, *i)'
Assertion failed on expression: 'pred(*previous, *i)'
Assertion failed on expression: 'pred(*previous, *i)'
Assertion failed on expression: 'pred(*previous, *i)'
Assertion failed on expression: 'pred(*previous, *i)'
Assertion failed on expression: 'pred(*previous, *i)'
Assertion failed on expression: 'pred(*previous, *i)'
Assertion failed on expression: 'pred(*previous, *i)'
Assertion failed on expression: 'pred(*previous, *i)'
Assertion failed on expression: 'pred(*previous, *i)'
Assertion failed on expression: 'pred(*previous, *i)'
Assertion failed on expression: 'pred(*previous, *i)'
Assertion failed on expression: 'pred(*previous, *i)'
Assertion failed on expression: 'pred(*previous, *i)'
Assertion failed on expression: 'pred(*previous, *i)'
Assertion failed on expression: 'pred(*previous, *i)'
Assertion failed on expression: 'pred(*previous, *i)'
Assertion failed on expression: 'pred(*previous, *i)'
Assertion failed on expression: 'pred(*previous, *i)'
Assertion failed on expression: 'pred(*previous, *i)'
Native extension for UWP target not found
Native extension for WindowsStandalone target not found
Native extension for WebGL target not found
[Package Manager] Failed to launch server process. Reason: Unity was launched with the -noUpm command-line argument
[Package Manager] Unable to send message (not connected to server process).
[Package Manager] Cannot connect to Unity Package Manager local server
Mono: successfully reloaded assembly
- Finished resetting the current domain, in  0.520 seconds
Domain Reload Profiling: 945ms
	BeginReloadAssembly (134ms)
		ExecutionOrderSort (0ms)
		DisableScriptedObjects (9ms)
		BackupInstance (0ms)
		ReleaseScriptingObjects (0ms)
		CreateAndSetChildDomain (26ms)
	RebuildCommonClasses (21ms)
	RebuildNativeTypeToScriptingClass (8ms)
	initialDomainReloadingComplete (14ms)
	LoadAllAssembliesAndSetupDomain (248ms)
		LoadAssemblies (190ms)
		RebuildTransferFunctionScriptingTraits (0ms)
		AnalyzeDomain (120ms)
			TypeCache.Refresh (6ms)
				TypeCache.ScanAssembly (0ms)
			BuildScriptInfoCaches (106ms)
			ResolveRequiredComponents (7ms)
	FinalizeReload (520ms)
		ReleaseScriptCaches (0ms)
		RebuildScriptCaches (0ms)
		SetupLoadedEditorAssemblies (401ms)
			LogAssemblyErrors (0ms)
			InitializePlatformSupportModulesInManaged (2ms)
			SetLoadedEditorAssemblies (4ms)
			BeforeProcessingInitializeOnLoad (84ms)
			ProcessInitializeOnLoadAttributes (267ms)
			ProcessInitializeOnLoadMethodAttributes (42ms)
			AfterProcessingInitializeOnLoad (1ms)
			EditorAssembliesLoaded (0ms)
		ExecutionOrderSort2 (0ms)
		AwakeInstancesAfterBackupRestoration (9ms)
Refreshing native plugins compatible for Editor in 0.92 ms, found 4 plugins.
Preloading 0 native plugins for Editor in 0.00 ms.
Unloading 34 Unused Serialized files (Serialized files now loaded: 0)
Unloading 6728 unused Assets / (6.8 MB). Loaded Objects now: 7432.
Memory consumption went from 159.5 MB to 152.7 MB.
Total: 5.805000 ms (FindLiveObjects: 0.374200 ms CreateObjectMapping: 0.261700 ms MarkObjects: 2.846400 ms  DeleteObjects: 2.321900 ms)

Prepare: number of updated asset objects reloaded= 0
========================================================================
Received Prepare
Begin MonoManager ReloadAssembly
- Loaded All Assemblies, in  0.415 seconds
Refreshing native plugins compatible for Editor in 0.71 ms, found 4 plugins.
Assertion failed on expression: 'pred(*previous, *i)'
Assertion failed on expression: 'pred(*previous, *i)'
Assertion failed on expression: 'pred(*previous, *i)'
Assertion failed on expression: 'pred(*previous, *i)'
Assertion failed on expression: 'pred(*previous, *i)'
Assertion failed on expression: 'pred(*previous, *i)'
Assertion failed on expression: 'pred(*previous, *i)'
Assertion failed on expression: 'pred(*previous, *i)'
Assertion failed on expression: 'pred(*previous, *i)'
Assertion failed on expression: 'pred(*previous, *i)'
Assertion failed on expression: 'pred(*previous, *i)'
Assertion failed on expression: 'pred(*previous, *i)'
Assertion failed on expression: 'pred(*previous, *i)'
Assertion failed on expression: 'pred(*previous, *i)'
Assertion failed on expression: 'pred(*previous, *i)'
Assertion failed on expression: 'pred(*previous, *i)'
Assertion failed on expression: 'pred(*previous, *i)'
Assertion failed on expression: 'pred(*previous, *i)'
Assertion failed on expression: 'pred(*previous, *i)'
Assertion failed on expression: 'pred(*previous, *i)'
Assertion failed on expression: 'pred(*previous, *i)'
Assertion failed on expression: 'pred(*previous, *i)'
Assertion failed on expression: 'pred(*previous, *i)'
Assertion failed on expression: 'pred(*previous, *i)'
Assertion failed on expression: 'pred(*previous, *i)'
Assertion failed on expression: 'pred(*previous, *i)'
Assertion failed on expression: 'pred(*previous, *i)'
Assertion failed on expression: 'pred(*previous, *i)'
Assertion failed on expression: 'pred(*previous, *i)'
Assertion failed on expression: 'pred(*previous, *i)'
Assertion failed on expression: 'pred(*previous, *i)'
Assertion failed on expression: 'pred(*previous, *i)'
Assertion failed on expression: 'pred(*previous, *i)'
Assertion failed on expression: 'pred(*previous, *i)'
Assertion failed on expression: 'pred(*previous, *i)'
Assertion failed on expression: 'pred(*previous, *i)'
Assertion failed on expression: 'pred(*previous, *i)'
Assertion failed on expression: 'pred(*previous, *i)'
Assertion failed on expression: 'pred(*previous, *i)'
Assertion failed on expression: 'pred(*previous, *i)'
Assertion failed on expression: 'pred(*previous, *i)'
Assertion failed on expression: 'pred(*previous, *i)'
Assertion failed on expression: 'pred(*previous, *i)'
Assertion failed on expression: 'pred(*previous, *i)'
Assertion failed on expression: 'pred(*previous, *i)'
Assertion failed on expression: 'pred(*previous, *i)'
Assertion failed on expression: 'pred(*previous, *i)'
Assertion failed on expression: 'pred(*previous, *i)'
Assertion failed on expression: 'pred(*previous, *i)'
Assertion failed on expression: 'pred(*previous, *i)'
Assertion failed on expression: 'pred(*previous, *i)'
Assertion failed on expression: 'pred(*previous, *i)'
Assertion failed on expression: 'pred(*previous, *i)'
Assertion failed on expression: 'pred(*previous, *i)'
Assertion failed on expression: 'pred(*previous, *i)'
Assertion failed on expression: 'pred(*previous, *i)'
Assertion failed on expression: 'pred(*previous, *i)'
Assertion failed on expression: 'pred(*previous, *i)'
Assertion failed on expression: 'pred(*previous, *i)'
Assertion failed on expression: 'pred(*previous, *i)'
Assertion failed on expression: 'pred(*previous, *i)'
Assertion failed on expression: 'pred(*previous, *i)'
Assertion failed on expression: 'pred(*previous, *i)'
Assertion failed on expression: 'pred(*previous, *i)'
Assertion failed on expression: 'pred(*previous, *i)'
Assertion failed on expression: 'pred(*previous, *i)'
Assertion failed on expression: 'pred(*previous, *i)'
Assertion failed on expression: 'pred(*previous, *i)'
Assertion failed on expression: 'pred(*previous, *i)'
Assertion failed on expression: 'pred(*previous, *i)'
Assertion failed on expression: 'pred(*previous, *i)'
Assertion failed on expression: 'pred(*previous, *i)'
Assertion failed on expression: 'pred(*previous, *i)'
Assertion failed on expression: 'pred(*previous, *i)'
Assertion failed on expression: 'pred(*previous, *i)'
Assertion failed on expression: 'pred(*previous, *i)'
Assertion failed on expression: 'pred(*previous, *i)'
Assertion failed on expression: 'pred(*previous, *i)'
Assertion failed on expression: 'pred(*previous, *i)'
Assertion failed on expression: 'pred(*previous, *i)'
Assertion failed on expression: 'pred(*previous, *i)'
Assertion failed on expression: 'pred(*previous, *i)'
Assertion failed on expression: 'pred(*previous, *i)'
Assertion failed on expression: 'pred(*previous, *i)'
Assertion failed on expression: 'pred(*previous, *i)'
Assertion failed on expression: 'pred(*previous, *i)'
Assertion failed on expression: 'pred(*previous, *i)'
Assertion failed on expression: 'pred(*previous, *i)'
Assertion failed on expression: 'pred(*previous, *i)'
Assertion failed on expression: 'pred(*previous, *i)'
Assertion failed on expression: 'pred(*previous, *i)'
Assertion failed on expression: 'pred(*previous, *i)'
Assertion failed on expression: 'pred(*previous, *i)'
Assertion failed on expression: 'pred(*previous, *i)'
Assertion failed on expression: 'pred(*previous, *i)'
Assertion failed on expression: 'pred(*previous, *i)'
Assertion failed on expression: 'pred(*previous, *i)'
Assertion failed on expression: 'pred(*previous, *i)'
Assertion failed on expression: 'pred(*previous, *i)'
Assertion failed on expression: 'pred(*previous, *i)'
Assertion failed on expression: 'pred(*previous, *i)'
Assertion failed on expression: 'pred(*previous, *i)'
Assertion failed on expression: 'pred(*previous, *i)'
Assertion failed on expression: 'pred(*previous, *i)'
Assertion failed on expression: 'pred(*previous, *i)'
Assertion failed on expression: 'pred(*previous, *i)'
Assertion failed on expression: 'pred(*previous, *i)'
Assertion failed on expression: 'pred(*previous, *i)'
Assertion failed on expression: 'pred(*previous, *i)'
Assertion failed on expression: 'pred(*previous, *i)'
Assertion failed on expression: 'pred(*previous, *i)'
Assertion failed on expression: 'pred(*previous, *i)'
Assertion failed on expression: 'pred(*previous, *i)'
Assertion failed on expression: 'pred(*previous, *i)'
Assertion failed on expression: 'pred(*previous, *i)'
Assertion failed on expression: 'pred(*previous, *i)'
Assertion failed on expression: 'pred(*previous, *i)'
Assertion failed on expression: 'pred(*previous, *i)'
Assertion failed on expression: 'pred(*previous, *i)'
Assertion failed on expression: 'pred(*previous, *i)'
Assertion failed on expression: 'pred(*previous, *i)'
Assertion failed on expression: 'pred(*previous, *i)'
Assertion failed on expression: 'pred(*previous, *i)'
Assertion failed on expression: 'pred(*previous, *i)'
Assertion failed on expression: 'pred(*previous, *i)'
Assertion failed on expression: 'pred(*previous, *i)'
Assertion failed on expression: 'pred(*previous, *i)'
Assertion failed on expression: 'pred(*previous, *i)'
Assertion failed on expression: 'pred(*previous, *i)'
Assertion failed on expression: 'pred(*previous, *i)'
Assertion failed on expression: 'pred(*previous, *i)'
Assertion failed on expression: 'pred(*previous, *i)'
Assertion failed on expression: 'pred(*previous, *i)'
Assertion failed on expression: 'pred(*previous, *i)'
Assertion failed on expression: 'pred(*previous, *i)'
Assertion failed on expression: 'pred(*previous, *i)'
Assertion failed on expression: 'pred(*previous, *i)'
Assertion failed on expression: 'pred(*previous, *i)'
Assertion failed on expression: 'pred(*previous, *i)'
Assertion failed on expression: 'pred(*previous, *i)'
Assertion failed on expression: 'pred(*previous, *i)'
Assertion failed on expression: 'pred(*previous, *i)'
Assertion failed on expression: 'pred(*previous, *i)'
Assertion failed on expression: 'pred(*previous, *i)'
Assertion failed on expression: 'pred(*previous, *i)'
Assertion failed on expression: 'pred(*previous, *i)'
Assertion failed on expression: 'pred(*previous, *i)'
Assertion failed on expression: 'pred(*previous, *i)'
Assertion failed on expression: 'pred(*previous, *i)'
Assertion failed on expression: 'pred(*previous, *i)'
Assertion failed on expression: 'pred(*previous, *i)'
Assertion failed on expression: 'pred(*previous, *i)'
Assertion failed on expression: 'pred(*previous, *i)'
Assertion failed on expression: 'pred(*previous, *i)'
Assertion failed on expression: 'pred(*previous, *i)'
Assertion failed on expression: 'pred(*previous, *i)'
Assertion failed on expression: 'pred(*previous, *i)'
Assertion failed on expression: 'pred(*previous, *i)'
Assertion failed on expression: 'pred(*previous, *i)'
Assertion failed on expression: 'pred(*previous, *i)'
Assertion failed on expression: 'pred(*previous, *i)'
Assertion failed on expression: 'pred(*previous, *i)'
Assertion failed on expression: 'pred(*previous, *i)'
Assertion failed on expression: 'pred(*previous, *i)'
Assertion failed on expression: 'pred(*previous, *i)'
Assertion failed on expression: 'pred(*previous, *i)'
Assertion failed on expression: 'pred(*previous, *i)'
Assertion failed on expression: 'pred(*previous, *i)'
Assertion failed on expression: 'pred(*previous, *i)'
Assertion failed on expression: 'pred(*previous, *i)'
Assertion failed on expression: 'pred(*previous, *i)'
Assertion failed on expression: 'pred(*previous, *i)'
Assertion failed on expression: 'pred(*previous, *i)'
Assertion failed on expression: 'pred(*previous, *i)'
Assertion failed on expression: 'pred(*previous, *i)'
Assertion failed on expression: 'pred(*previous, *i)'
Assertion failed on expression: 'pred(*previous, *i)'
Assertion failed on expression: 'pred(*previous, *i)'
Assertion failed on expression: 'pred(*previous, *i)'
Assertion failed on expression: 'pred(*previous, *i)'
Assertion failed on expression: 'pred(*previous, *i)'
Assertion failed on expression: 'pred(*previous, *i)'
Assertion failed on expression: 'pred(*previous, *i)'
Assertion failed on expression: 'pred(*previous, *i)'
Assertion failed on expression: 'pred(*previous, *i)'
Assertion failed on expression: 'pred(*previous, *i)'
Assertion failed on expression: 'pred(*previous, *i)'
Assertion failed on expression: 'pred(*previous, *i)'
Assertion failed on expression: 'pred(*previous, *i)'
Assertion failed on expression: 'pred(*previous, *i)'
Assertion failed on expression: 'pred(*previous, *i)'
Assertion failed on expression: 'pred(*previous, *i)'
Assertion failed on expression: 'pred(*previous, *i)'
Assertion failed on expression: 'pred(*previous, *i)'
Assertion failed on expression: 'pred(*previous, *i)'
Assertion failed on expression: 'pred(*previous, *i)'
Assertion failed on expression: 'pred(*previous, *i)'
Assertion failed on expression: 'pred(*previous, *i)'
Assertion failed on expression: 'pred(*previous, *i)'
Assertion failed on expression: 'pred(*previous, *i)'
Assertion failed on expression: 'pred(*previous, *i)'
Assertion failed on expression: 'pred(*previous, *i)'
Assertion failed on expression: 'pred(*previous, *i)'
Assertion failed on expression: 'pred(*previous, *i)'
Assertion failed on expression: 'pred(*previous, *i)'
Assertion failed on expression: 'pred(*previous, *i)'
Assertion failed on expression: 'pred(*previous, *i)'
Assertion failed on expression: 'pred(*previous, *i)'
Assertion failed on expression: 'pred(*previous, *i)'
Assertion failed on expression: 'pred(*previous, *i)'
Assertion failed on expression: 'pred(*previous, *i)'
Assertion failed on expression: 'pred(*previous, *i)'
Assertion failed on expression: 'pred(*previous, *i)'
Assertion failed on expression: 'pred(*previous, *i)'
Assertion failed on expression: 'pred(*previous, *i)'
Assertion failed on expression: 'pred(*previous, *i)'
Assertion failed on expression: 'pred(*previous, *i)'
Assertion failed on expression: 'pred(*previous, *i)'
Assertion failed on expression: 'pred(*previous, *i)'
Assertion failed on expression: 'pred(*previous, *i)'
Assertion failed on expression: 'pred(*previous, *i)'
Assertion failed on expression: 'pred(*previous, *i)'
Assertion failed on expression: 'pred(*previous, *i)'
Assertion failed on expression: 'pred(*previous, *i)'
Assertion failed on expression: 'pred(*previous, *i)'
Assertion failed on expression: 'pred(*previous, *i)'
Assertion failed on expression: 'pred(*previous, *i)'
Assertion failed on expression: 'pred(*previous, *i)'
Assertion failed on expression: 'pred(*previous, *i)'
Assertion failed on expression: 'pred(*previous, *i)'
Assertion failed on expression: 'pred(*previous, *i)'
Assertion failed on expression: 'pred(*previous, *i)'
Assertion failed on expression: 'pred(*previous, *i)'
Assertion failed on expression: 'pred(*previous, *i)'
Assertion failed on expression: 'pred(*previous, *i)'
Assertion failed on expression: 'pred(*previous, *i)'
Assertion failed on expression: 'pred(*previous, *i)'
Assertion failed on expression: 'pred(*previous, *i)'
Assertion failed on expression: 'pred(*previous, *i)'
Assertion failed on expression: 'pred(*previous, *i)'
Assertion failed on expression: 'pred(*previous, *i)'
Assertion failed on expression: 'pred(*previous, *i)'
Assertion failed on expression: 'pred(*previous, *i)'
Assertion failed on expression: 'pred(*previous, *i)'
Assertion failed on expression: 'pred(*previous, *i)'
Assertion failed on expression: 'pred(*previous, *i)'
Assertion failed on expression: 'pred(*previous, *i)'
Assertion failed on expression: 'pred(*previous, *i)'
Assertion failed on expression: 'pred(*previous, *i)'
Assertion failed on expression: 'pred(*previous, *i)'
Assertion failed on expression: 'pred(*previous, *i)'
Assertion failed on expression: 'pred(*previous, *i)'
Assertion failed on expression: 'pred(*previous, *i)'
Assertion failed on expression: 'pred(*previous, *i)'
Assertion failed on expression: 'pred(*previous, *i)'
Assertion failed on expression: 'pred(*previous, *i)'
Assertion failed on expression: 'pred(*previous, *i)'
Assertion failed on expression: 'pred(*previous, *i)'
Assertion failed on expression: 'pred(*previous, *i)'
Assertion failed on expression: 'pred(*previous, *i)'
Assertion failed on expression: 'pred(*previous, *i)'
Assertion failed on expression: 'pred(*previous, *i)'
Assertion failed on expression: 'pred(*previous, *i)'
Assertion failed on expression: 'pred(*previous, *i)'
Assertion failed on expression: 'pred(*previous, *i)'
Assertion failed on expression: 'pred(*previous, *i)'
Assertion failed on expression: 'pred(*previous, *i)'
Assertion failed on expression: 'pred(*previous, *i)'
Assertion failed on expression: 'pred(*previous, *i)'
Assertion failed on expression: 'pred(*previous, *i)'
Assertion failed on expression: 'pred(*previous, *i)'
Assertion failed on expression: 'pred(*previous, *i)'
Assertion failed on expression: 'pred(*previous, *i)'
Assertion failed on expression: 'pred(*previous, *i)'
Assertion failed on expression: 'pred(*previous, *i)'
Assertion failed on expression: 'pred(*previous, *i)'
Assertion failed on expression: 'pred(*previous, *i)'
Assertion failed on expression: 'pred(*previous, *i)'
Assertion failed on expression: 'pred(*previous, *i)'
Assertion failed on expression: 'pred(*previous, *i)'
Assertion failed on expression: 'pred(*previous, *i)'
Assertion failed on expression: 'pred(*previous, *i)'
Assertion failed on expression: 'pred(*previous, *i)'
Assertion failed on expression: 'pred(*previous, *i)'
Assertion failed on expression: 'pred(*previous, *i)'
Assertion failed on expression: 'pred(*previous, *i)'
Assertion failed on expression: 'pred(*previous, *i)'
Assertion failed on expression: 'pred(*previous, *i)'
Assertion failed on expression: 'pred(*previous, *i)'
Assertion failed on expression: 'pred(*previous, *i)'
Assertion failed on expression: 'pred(*previous, *i)'
Assertion failed on expression: 'pred(*previous, *i)'
Assertion failed on expression: 'pred(*previous, *i)'
Assertion failed on expression: 'pred(*previous, *i)'
Assertion failed on expression: 'pred(*previous, *i)'
Assertion failed on expression: 'pred(*previous, *i)'
Assertion failed on expression: 'pred(*previous, *i)'
Assertion failed on expression: 'pred(*previous, *i)'
Assertion failed on expression: 'pred(*previous, *i)'
Assertion failed on expression: 'pred(*previous, *i)'
Assertion failed on expression: 'pred(*previous, *i)'
Assertion failed on expression: 'pred(*previous, *i)'
Assertion failed on expression: 'pred(*previous, *i)'
Assertion failed on expression: 'pred(*previous, *i)'
Assertion failed on expression: 'pred(*previous, *i)'
Assertion failed on expression: 'pred(*previous, *i)'
Assertion failed on expression: 'pred(*previous, *i)'
Assertion failed on expression: 'pred(*previous, *i)'
Assertion failed on expression: 'pred(*previous, *i)'
Assertion failed on expression: 'pred(*previous, *i)'
Assertion failed on expression: 'pred(*previous, *i)'
Assertion failed on expression: 'pred(*previous, *i)'
Assertion failed on expression: 'pred(*previous, *i)'
Assertion failed on expression: 'pred(*previous, *i)'
Assertion failed on expression: 'pred(*previous, *i)'
Assertion failed on expression: 'pred(*previous, *i)'
Assertion failed on expression: 'pred(*previous, *i)'
Assertion failed on expression: 'pred(*previous, *i)'
Assertion failed on expression: 'pred(*previous, *i)'
Assertion failed on expression: 'pred(*previous, *i)'
Assertion failed on expression: 'pred(*previous, *i)'
Assertion failed on expression: 'pred(*previous, *i)'
Assertion failed on expression: 'pred(*previous, *i)'
Assertion failed on expression: 'pred(*previous, *i)'
Assertion failed on expression: 'pred(*previous, *i)'
Assertion failed on expression: 'pred(*previous, *i)'
Assertion failed on expression: 'pred(*previous, *i)'
Assertion failed on expression: 'pred(*previous, *i)'
Assertion failed on expression: 'pred(*previous, *i)'
Assertion failed on expression: 'pred(*previous, *i)'
Assertion failed on expression: 'pred(*previous, *i)'
Assertion failed on expression: 'pred(*previous, *i)'
Assertion failed on expression: 'pred(*previous, *i)'
Assertion failed on expression: 'pred(*previous, *i)'
Assertion failed on expression: 'pred(*previous, *i)'
Assertion failed on expression: 'pred(*previous, *i)'
Assertion failed on expression: 'pred(*previous, *i)'
Assertion failed on expression: 'pred(*previous, *i)'
Assertion failed on expression: 'pred(*previous, *i)'
Assertion failed on expression: 'pred(*previous, *i)'
Assertion failed on expression: 'pred(*previous, *i)'
Assertion failed on expression: 'pred(*previous, *i)'
Assertion failed on expression: 'pred(*previous, *i)'
Assertion failed on expression: 'pred(*previous, *i)'
Assertion failed on expression: 'pred(*previous, *i)'
Assertion failed on expression: 'pred(*previous, *i)'
Assertion failed on expression: 'pred(*previous, *i)'
Assertion failed on expression: 'pred(*previous, *i)'
Assertion failed on expression: 'pred(*previous, *i)'
Assertion failed on expression: 'pred(*previous, *i)'
Assertion failed on expression: 'pred(*previous, *i)'
Assertion failed on expression: 'pred(*previous, *i)'
Assertion failed on expression: 'pred(*previous, *i)'
Assertion failed on expression: 'pred(*previous, *i)'
Assertion failed on expression: 'pred(*previous, *i)'
Assertion failed on expression: 'pred(*previous, *i)'
Assertion failed on expression: 'pred(*previous, *i)'
Assertion failed on expression: 'pred(*previous, *i)'
Assertion failed on expression: 'pred(*previous, *i)'
Assertion failed on expression: 'pred(*previous, *i)'
Assertion failed on expression: 'pred(*previous, *i)'
Assertion failed on expression: 'pred(*previous, *i)'
Assertion failed on expression: 'pred(*previous, *i)'
Assertion failed on expression: 'pred(*previous, *i)'
Assertion failed on expression: 'pred(*previous, *i)'
Assertion failed on expression: 'pred(*previous, *i)'
Assertion failed on expression: 'pred(*previous, *i)'
Assertion failed on expression: 'pred(*previous, *i)'
Assertion failed on expression: 'pred(*previous, *i)'
Assertion failed on expression: 'pred(*previous, *i)'
Assertion failed on expression: 'pred(*previous, *i)'
Assertion failed on expression: 'pred(*previous, *i)'
Assertion failed on expression: 'pred(*previous, *i)'
Assertion failed on expression: 'pred(*previous, *i)'
Assertion failed on expression: 'pred(*previous, *i)'
Assertion failed on expression: 'pred(*previous, *i)'
Assertion failed on expression: 'pred(*previous, *i)'
Assertion failed on expression: 'pred(*previous, *i)'
Assertion failed on expression: 'pred(*previous, *i)'
Assertion failed on expression: 'pred(*previous, *i)'
Assertion failed on expression: 'pred(*previous, *i)'
Assertion failed on expression: 'pred(*previous, *i)'
Assertion failed on expression: 'pred(*previous, *i)'
Assertion failed on expression: 'pred(*previous, *i)'
Assertion failed on expression: 'pred(*previous, *i)'
Assertion failed on expression: 'pred(*previous, *i)'
Assertion failed on expression: 'pred(*previous, *i)'
Assertion failed on expression: 'pred(*previous, *i)'
Assertion failed on expression: 'pred(*previous, *i)'
Assertion failed on expression: 'pred(*previous, *i)'
Assertion failed on expression: 'pred(*previous, *i)'
Assertion failed on expression: 'pred(*previous, *i)'
Assertion failed on expression: 'pred(*previous, *i)'
Assertion failed on expression: 'pred(*previous, *i)'
Assertion failed on expression: 'pred(*previous, *i)'
Assertion failed on expression: 'pred(*previous, *i)'
Assertion failed on expression: 'pred(*previous, *i)'
Assertion failed on expression: 'pred(*previous, *i)'
Assertion failed on expression: 'pred(*previous, *i)'
Assertion failed on expression: 'pred(*previous, *i)'
Assertion failed on expression: 'pred(*previous, *i)'
Assertion failed on expression: 'pred(*previous, *i)'
Assertion failed on expression: 'pred(*previous, *i)'
Assertion failed on expression: 'pred(*previous, *i)'
Assertion failed on expression: 'pred(*previous, *i)'
Assertion failed on expression: 'pred(*previous, *i)'
Assertion failed on expression: 'pred(*previous, *i)'
Assertion failed on expression: 'pred(*previous, *i)'
Assertion failed on expression: 'pred(*previous, *i)'
Assertion failed on expression: 'pred(*previous, *i)'
Assertion failed on expression: 'pred(*previous, *i)'
Assertion failed on expression: 'pred(*previous, *i)'
Assertion failed on expression: 'pred(*previous, *i)'
Assertion failed on expression: 'pred(*previous, *i)'
Assertion failed on expression: 'pred(*previous, *i)'
Assertion failed on expression: 'pred(*previous, *i)'
Assertion failed on expression: 'pred(*previous, *i)'
Assertion failed on expression: 'pred(*previous, *i)'
Assertion failed on expression: 'pred(*previous, *i)'
Assertion failed on expression: 'pred(*previous, *i)'
Assertion failed on expression: 'pred(*previous, *i)'
Assertion failed on expression: 'pred(*previous, *i)'
Assertion failed on expression: 'pred(*previous, *i)'
Assertion failed on expression: 'pred(*previous, *i)'
Assertion failed on expression: 'pred(*previous, *i)'
Assertion failed on expression: 'pred(*previous, *i)'
Assertion failed on expression: 'pred(*previous, *i)'
Assertion failed on expression: 'pred(*previous, *i)'
Assertion failed on expression: 'pred(*previous, *i)'
Assertion failed on expression: 'pred(*previous, *i)'
Assertion failed on expression: 'pred(*previous, *i)'
Assertion failed on expression: 'pred(*previous, *i)'
Assertion failed on expression: 'pred(*previous, *i)'
Assertion failed on expression: 'pred(*previous, *i)'
Assertion failed on expression: 'pred(*previous, *i)'
Assertion failed on expression: 'pred(*previous, *i)'
Assertion failed on expression: 'pred(*previous, *i)'
Assertion failed on expression: 'pred(*previous, *i)'
Assertion failed on expression: 'pred(*previous, *i)'
Assertion failed on expression: 'pred(*previous, *i)'
Assertion failed on expression: 'pred(*previous, *i)'
Assertion failed on expression: 'pred(*previous, *i)'
Assertion failed on expression: 'pred(*previous, *i)'
Assertion failed on expression: 'pred(*previous, *i)'
Assertion failed on expression: 'pred(*previous, *i)'
Assertion failed on expression: 'pred(*previous, *i)'
Assertion failed on expression: 'pred(*previous, *i)'
Assertion failed on expression: 'pred(*previous, *i)'
Assertion failed on expression: 'pred(*previous, *i)'
Assertion failed on expression: 'pred(*previous, *i)'
Assertion failed on expression: 'pred(*previous, *i)'
Assertion failed on expression: 'pred(*previous, *i)'
Assertion failed on expression: 'pred(*previous, *i)'
Assertion failed on expression: 'pred(*previous, *i)'
Assertion failed on expression: 'pred(*previous, *i)'
Assertion failed on expression: 'pred(*previous, *i)'
Assertion failed on expression: 'pred(*previous, *i)'
Assertion failed on expression: 'pred(*previous, *i)'
Assertion failed on expression: 'pred(*previous, *i)'
Assertion failed on expression: 'pred(*previous, *i)'
Assertion failed on expression: 'pred(*previous, *i)'
Assertion failed on expression: 'pred(*previous, *i)'
Assertion failed on expression: 'pred(*previous, *i)'
Assertion failed on expression: 'pred(*previous, *i)'
Assertion failed on expression: 'pred(*previous, *i)'
Assertion failed on expression: 'pred(*previous, *i)'
Assertion failed on expression: 'pred(*previous, *i)'
Assertion failed on expression: 'pred(*previous, *i)'
Assertion failed on expression: 'pred(*previous, *i)'
Assertion failed on expression: 'pred(*previous, *i)'
Assertion failed on expression: 'pred(*previous, *i)'
Assertion failed on expression: 'pred(*previous, *i)'
Assertion failed on expression: 'pred(*previous, *i)'
Assertion failed on expression: 'pred(*previous, *i)'
Assertion failed on expression: 'pred(*previous, *i)'
Assertion failed on expression: 'pred(*previous, *i)'
Assertion failed on expression: 'pred(*previous, *i)'
Assertion failed on expression: 'pred(*previous, *i)'
Assertion failed on expression: 'pred(*previous, *i)'
Assertion failed on expression: 'pred(*previous, *i)'
Assertion failed on expression: 'pred(*previous, *i)'
Assertion failed on expression: 'pred(*previous, *i)'
Assertion failed on expression: 'pred(*previous, *i)'
Assertion failed on expression: 'pred(*previous, *i)'
Assertion failed on expression: 'pred(*previous, *i)'
Assertion failed on expression: 'pred(*previous, *i)'
Assertion failed on expression: 'pred(*previous, *i)'
Assertion failed on expression: 'pred(*previous, *i)'
Assertion failed on expression: 'pred(*previous, *i)'
Assertion failed on expression: 'pred(*previous, *i)'
Assertion failed on expression: 'pred(*previous, *i)'
Assertion failed on expression: 'pred(*previous, *i)'
Assertion failed on expression: 'pred(*previous, *i)'
Assertion failed on expression: 'pred(*previous, *i)'
Assertion failed on expression: 'pred(*previous, *i)'
Assertion failed on expression: 'pred(*previous, *i)'
Assertion failed on expression: 'pred(*previous, *i)'
Assertion failed on expression: 'pred(*previous, *i)'
Assertion failed on expression: 'pred(*previous, *i)'
Assertion failed on expression: 'pred(*previous, *i)'
Assertion failed on expression: 'pred(*previous, *i)'
Assertion failed on expression: 'pred(*previous, *i)'
Assertion failed on expression: 'pred(*previous, *i)'
Assertion failed on expression: 'pred(*previous, *i)'
Assertion failed on expression: 'pred(*previous, *i)'
Assertion failed on expression: 'pred(*previous, *i)'
Assertion failed on expression: 'pred(*previous, *i)'
Assertion failed on expression: 'pred(*previous, *i)'
Assertion failed on expression: 'pred(*previous, *i)'
Assertion failed on expression: 'pred(*previous, *i)'
Assertion failed on expression: 'pred(*previous, *i)'
Assertion failed on expression: 'pred(*previous, *i)'
Assertion failed on expression: 'pred(*previous, *i)'
Assertion failed on expression: 'pred(*previous, *i)'
Assertion failed on expression: 'pred(*previous, *i)'
Assertion failed on expression: 'pred(*previous, *i)'
Assertion failed on expression: 'pred(*previous, *i)'
Assertion failed on expression: 'pred(*previous, *i)'
Assertion failed on expression: 'pred(*previous, *i)'
Assertion failed on expression: 'pred(*previous, *i)'
Assertion failed on expression: 'pred(*previous, *i)'
Assertion failed on expression: 'pred(*previous, *i)'
Assertion failed on expression: 'pred(*previous, *i)'
Assertion failed on expression: 'pred(*previous, *i)'
Assertion failed on expression: 'pred(*previous, *i)'
Assertion failed on expression: 'pred(*previous, *i)'
Assertion failed on expression: 'pred(*previous, *i)'
Assertion failed on expression: 'pred(*previous, *i)'
Assertion failed on expression: 'pred(*previous, *i)'
Assertion failed on expression: 'pred(*previous, *i)'
Assertion failed on expression: 'pred(*previous, *i)'
Assertion failed on expression: 'pred(*previous, *i)'
Assertion failed on expression: 'pred(*previous, *i)'
Assertion failed on expression: 'pred(*previous, *i)'
Assertion failed on expression: 'pred(*previous, *i)'
Assertion failed on expression: 'pred(*previous, *i)'
Assertion failed on expression: 'pred(*previous, *i)'
Assertion failed on expression: 'pred(*previous, *i)'
Assertion failed on expression: 'pred(*previous, *i)'
Assertion failed on expression: 'pred(*previous, *i)'
Assertion failed on expression: 'pred(*previous, *i)'
Assertion failed on expression: 'pred(*previous, *i)'
Assertion failed on expression: 'pred(*previous, *i)'
Assertion failed on expression: 'pred(*previous, *i)'
Assertion failed on expression: 'pred(*previous, *i)'
Assertion failed on expression: 'pred(*previous, *i)'
Assertion failed on expression: 'pred(*previous, *i)'
Assertion failed on expression: 'pred(*previous, *i)'
Assertion failed on expression: 'pred(*previous, *i)'
Assertion failed on expression: 'pred(*previous, *i)'
Assertion failed on expression: 'pred(*previous, *i)'
Assertion failed on expression: 'pred(*previous, *i)'
Assertion failed on expression: 'pred(*previous, *i)'
Assertion failed on expression: 'pred(*previous, *i)'
Assertion failed on expression: 'pred(*previous, *i)'
Assertion failed on expression: 'pred(*previous, *i)'
Assertion failed on expression: 'pred(*previous, *i)'
Assertion failed on expression: 'pred(*previous, *i)'
Assertion failed on expression: 'pred(*previous, *i)'
Assertion failed on expression: 'pred(*previous, *i)'
Assertion failed on expression: 'pred(*previous, *i)'
Assertion failed on expression: 'pred(*previous, *i)'
Assertion failed on expression: 'pred(*previous, *i)'
Assertion failed on expression: 'pred(*previous, *i)'
Assertion failed on expression: 'pred(*previous, *i)'
Assertion failed on expression: 'pred(*previous, *i)'
Assertion failed on expression: 'pred(*previous, *i)'
Assertion failed on expression: 'pred(*previous, *i)'
Assertion failed on expression: 'pred(*previous, *i)'
Assertion failed on expression: 'pred(*previous, *i)'
Assertion failed on expression: 'pred(*previous, *i)'
Assertion failed on expression: 'pred(*previous, *i)'
Assertion failed on expression: 'pred(*previous, *i)'
Assertion failed on expression: 'pred(*previous, *i)'
Assertion failed on expression: 'pred(*previous, *i)'
Assertion failed on expression: 'pred(*previous, *i)'
Assertion failed on expression: 'pred(*previous, *i)'
Assertion failed on expression: 'pred(*previous, *i)'
Assertion failed on expression: 'pred(*previous, *i)'
Assertion failed on expression: 'pred(*previous, *i)'
Assertion failed on expression: 'pred(*previous, *i)'
Assertion failed on expression: 'pred(*previous, *i)'
Assertion failed on expression: 'pred(*previous, *i)'
Assertion failed on expression: 'pred(*previous, *i)'
Assertion failed on expression: 'pred(*previous, *i)'
Assertion failed on expression: 'pred(*previous, *i)'
Assertion failed on expression: 'pred(*previous, *i)'
Assertion failed on expression: 'pred(*previous, *i)'
Assertion failed on expression: 'pred(*previous, *i)'
Assertion failed on expression: 'pred(*previous, *i)'
Assertion failed on expression: 'pred(*previous, *i)'
Assertion failed on expression: 'pred(*previous, *i)'
Assertion failed on expression: 'pred(*previous, *i)'
Assertion failed on expression: 'pred(*previous, *i)'
Assertion failed on expression: 'pred(*previous, *i)'
Assertion failed on expression: 'pred(*previous, *i)'
Assertion failed on expression: 'pred(*previous, *i)'
Assertion failed on expression: 'pred(*previous, *i)'
Assertion failed on expression: 'pred(*previous, *i)'
Assertion failed on expression: 'pred(*previous, *i)'
Assertion failed on expression: 'pred(*previous, *i)'
Assertion failed on expression: 'pred(*previous, *i)'
Assertion failed on expression: 'pred(*previous, *i)'
Assertion failed on expression: 'pred(*previous, *i)'
Assertion failed on expression: 'pred(*previous, *i)'
Assertion failed on expression: 'pred(*previous, *i)'
Assertion failed on expression: 'pred(*previous, *i)'
Assertion failed on expression: 'pred(*previous, *i)'
Assertion failed on expression: 'pred(*previous, *i)'
Assertion failed on expression: 'pred(*previous, *i)'
Assertion failed on expression: 'pred(*previous, *i)'
Assertion failed on expression: 'pred(*previous, *i)'
Assertion failed on expression: 'pred(*previous, *i)'
Assertion failed on expression: 'pred(*previous, *i)'
Assertion failed on expression: 'pred(*previous, *i)'
Assertion failed on expression: 'pred(*previous, *i)'
Assertion failed on expression: 'pred(*previous, *i)'
Assertion failed on expression: 'pred(*previous, *i)'
Assertion failed on expression: 'pred(*previous, *i)'
Assertion failed on expression: 'pred(*previous, *i)'
Assertion failed on expression: 'pred(*previous, *i)'
Assertion failed on expression: 'pred(*previous, *i)'
Assertion failed on expression: 'pred(*previous, *i)'
Assertion failed on expression: 'pred(*previous, *i)'
Assertion failed on expression: 'pred(*previous, *i)'
Assertion failed on expression: 'pred(*previous, *i)'
Assertion failed on expression: 'pred(*previous, *i)'
Assertion failed on expression: 'pred(*previous, *i)'
Assertion failed on expression: 'pred(*previous, *i)'
Assertion failed on expression: 'pred(*previous, *i)'
Assertion failed on expression: 'pred(*previous, *i)'
Assertion failed on expression: 'pred(*previous, *i)'
Assertion failed on expression: 'pred(*previous, *i)'
Assertion failed on expression: 'pred(*previous, *i)'
Assertion failed on expression: 'pred(*previous, *i)'
Assertion failed on expression: 'pred(*previous, *i)'
Assertion failed on expression: 'pred(*previous, *i)'
Assertion failed on expression: 'pred(*previous, *i)'
Assertion failed on expression: 'pred(*previous, *i)'
Assertion failed on expression: 'pred(*previous, *i)'
Assertion failed on expression: 'pred(*previous, *i)'
Assertion failed on expression: 'pred(*previous, *i)'
Assertion failed on expression: 'pred(*previous, *i)'
Assertion failed on expression: 'pred(*previous, *i)'
Assertion failed on expression: 'pred(*previous, *i)'
Assertion failed on expression: 'pred(*previous, *i)'
Assertion failed on expression: 'pred(*previous, *i)'
Assertion failed on expression: 'pred(*previous, *i)'
Assertion failed on expression: 'pred(*previous, *i)'
Assertion failed on expression: 'pred(*previous, *i)'
Assertion failed on expression: 'pred(*previous, *i)'
Assertion failed on expression: 'pred(*previous, *i)'
Assertion failed on expression: 'pred(*previous, *i)'
Assertion failed on expression: 'pred(*previous, *i)'
Assertion failed on expression: 'pred(*previous, *i)'
Assertion failed on expression: 'pred(*previous, *i)'
Assertion failed on expression: 'pred(*previous, *i)'
Assertion failed on expression: 'pred(*previous, *i)'
Assertion failed on expression: 'pred(*previous, *i)'
Assertion failed on expression: 'pred(*previous, *i)'
Assertion failed on expression: 'pred(*previous, *i)'
Assertion failed on expression: 'pred(*previous, *i)'
Assertion failed on expression: 'pred(*previous, *i)'
Assertion failed on expression: 'pred(*previous, *i)'
Assertion failed on expression: 'pred(*previous, *i)'
Assertion failed on expression: 'pred(*previous, *i)'
Assertion failed on expression: 'pred(*previous, *i)'
Assertion failed on expression: 'pred(*previous, *i)'
Assertion failed on expression: 'pred(*previous, *i)'
Assertion failed on expression: 'pred(*previous, *i)'
Assertion failed on expression: 'pred(*previous, *i)'
Assertion failed on expression: 'pred(*previous, *i)'
Assertion failed on expression: 'pred(*previous, *i)'
Assertion failed on expression: 'pred(*previous, *i)'
Assertion failed on expression: 'pred(*previous, *i)'
Assertion failed on expression: 'pred(*previous, *i)'
Assertion failed on expression: 'pred(*previous, *i)'
Assertion failed on expression: 'pred(*previous, *i)'
Assertion failed on expression: 'pred(*previous, *i)'
Assertion failed on expression: 'pred(*previous, *i)'
Assertion failed on expression: 'pred(*previous, *i)'
Assertion failed on expression: 'pred(*previous, *i)'
Assertion failed on expression: 'pred(*previous, *i)'
Assertion failed on expression: 'pred(*previous, *i)'
Assertion failed on expression: 'pred(*previous, *i)'
Assertion failed on expression: 'pred(*previous, *i)'
Assertion failed on expression: 'pred(*previous, *i)'
Assertion failed on expression: 'pred(*previous, *i)'
Assertion failed on expression: 'pred(*previous, *i)'
Assertion failed on expression: 'pred(*previous, *i)'
Assertion failed on expression: 'pred(*previous, *i)'
Assertion failed on expression: 'pred(*previous, *i)'
Assertion failed on expression: 'pred(*previous, *i)'
Assertion failed on expression: 'pred(*previous, *i)'
Assertion failed on expression: 'pred(*previous, *i)'
Assertion failed on expression: 'pred(*previous, *i)'
Assertion failed on expression: 'pred(*previous, *i)'
Assertion failed on expression: 'pred(*previous, *i)'
Assertion failed on expression: 'pred(*previous, *i)'
Assertion failed on expression: 'pred(*previous, *i)'
Assertion failed on expression: 'pred(*previous, *i)'
Assertion failed on expression: 'pred(*previous, *i)'
Assertion failed on expression: 'pred(*previous, *i)'
Assertion failed on expression: 'pred(*previous, *i)'
Assertion failed on expression: 'pred(*previous, *i)'
Assertion failed on expression: 'pred(*previous, *i)'
Assertion failed on expression: 'pred(*previous, *i)'
Assertion failed on expression: 'pred(*previous, *i)'
Assertion failed on expression: 'pred(*previous, *i)'
Assertion failed on expression: 'pred(*previous, *i)'
Assertion failed on expression: 'pred(*previous, *i)'
Assertion failed on expression: 'pred(*previous, *i)'
Assertion failed on expression: 'pred(*previous, *i)'
Assertion failed on expression: 'pred(*previous, *i)'
Assertion failed on expression: 'pred(*previous, *i)'
Assertion failed on expression: 'pred(*previous, *i)'
Assertion failed on expression: 'pred(*previous, *i)'
Assertion failed on expression: 'pred(*previous, *i)'
Assertion failed on expression: 'pred(*previous, *i)'
Assertion failed on expression: 'pred(*previous, *i)'
Assertion failed on expression: 'pred(*previous, *i)'
Assertion failed on expression: 'pred(*previous, *i)'
Assertion failed on expression: 'pred(*previous, *i)'
Assertion failed on expression: 'pred(*previous, *i)'
Assertion failed on expression: 'pred(*previous, *i)'
Assertion failed on expression: 'pred(*previous, *i)'
Assertion failed on expression: 'pred(*previous, *i)'
Assertion failed on expression: 'pred(*previous, *i)'
Assertion failed on expression: 'pred(*previous, *i)'
Assertion failed on expression: 'pred(*previous, *i)'
Assertion failed on expression: 'pred(*previous, *i)'
Assertion failed on expression: 'pred(*previous, *i)'
Assertion failed on expression: 'pred(*previous, *i)'
Assertion failed on expression: 'pred(*previous, *i)'
Assertion failed on expression: 'pred(*previous, *i)'
Assertion failed on expression: 'pred(*previous, *i)'
Assertion failed on expression: 'pred(*previous, *i)'
Assertion failed on expression: 'pred(*previous, *i)'
Assertion failed on expression: 'pred(*previous, *i)'
Assertion failed on expression: 'pred(*previous, *i)'
Assertion failed on expression: 'pred(*previous, *i)'
Assertion failed on expression: 'pred(*previous, *i)'
Assertion failed on expression: 'pred(*previous, *i)'
Assertion failed on expression: 'pred(*previous, *i)'
Assertion failed on expression: 'pred(*previous, *i)'
Assertion failed on expression: 'pred(*previous, *i)'
Assertion failed on expression: 'pred(*previous, *i)'
Assertion failed on expression: 'pred(*previous, *i)'
Assertion failed on expression: 'pred(*previous, *i)'
Assertion failed on expression: 'pred(*previous, *i)'
Assertion failed on expression: 'pred(*previous, *i)'
Assertion failed on expression: 'pred(*previous, *i)'
Assertion failed on expression: 'pred(*previous, *i)'
Assertion failed on expression: 'pred(*previous, *i)'
Assertion failed on expression: 'pred(*previous, *i)'
Assertion failed on expression: 'pred(*previous, *i)'
Assertion failed on expression: 'pred(*previous, *i)'
Assertion failed on expression: 'pred(*previous, *i)'
Assertion failed on expression: 'pred(*previous, *i)'
Assertion failed on expression: 'pred(*previous, *i)'
Assertion failed on expression: 'pred(*previous, *i)'
Assertion failed on expression: 'pred(*previous, *i)'
Assertion failed on expression: 'pred(*previous, *i)'
Assertion failed on expression: 'pred(*previous, *i)'
Assertion failed on expression: 'pred(*previous, *i)'
Assertion failed on expression: 'pred(*previous, *i)'
Assertion failed on expression: 'pred(*previous, *i)'
Assertion failed on expression: 'pred(*previous, *i)'
Assertion failed on expression: 'pred(*previous, *i)'
Assertion failed on expression: 'pred(*previous, *i)'
Assertion failed on expression: 'pred(*previous, *i)'
Assertion failed on expression: 'pred(*previous, *i)'
Assertion failed on expression: 'pred(*previous, *i)'
Assertion failed on expression: 'pred(*previous, *i)'
Assertion failed on expression: 'pred(*previous, *i)'
Assertion failed on expression: 'pred(*previous, *i)'
Assertion failed on expression: 'pred(*previous, *i)'
Assertion failed on expression: 'pred(*previous, *i)'
Assertion failed on expression: 'pred(*previous, *i)'
Assertion failed on expression: 'pred(*previous, *i)'
Assertion failed on expression: 'pred(*previous, *i)'
Assertion failed on expression: 'pred(*previous, *i)'
Assertion failed on expression: 'pred(*previous, *i)'
Assertion failed on expression: 'pred(*previous, *i)'
Assertion failed on expression: 'pred(*previous, *i)'
Assertion failed on expression: 'pred(*previous, *i)'
Assertion failed on expression: 'pred(*previous, *i)'
Assertion failed on expression: 'pred(*previous, *i)'
Assertion failed on expression: 'pred(*previous, *i)'
Assertion failed on expression: 'pred(*previous, *i)'
Assertion failed on expression: 'pred(*previous, *i)'
Assertion failed on expression: 'pred(*previous, *i)'
Assertion failed on expression: 'pred(*previous, *i)'
Assertion failed on expression: 'pred(*previous, *i)'
Assertion failed on expression: 'pred(*previous, *i)'
Assertion failed on expression: 'pred(*previous, *i)'
Assertion failed on expression: 'pred(*previous, *i)'
Assertion failed on expression: 'pred(*previous, *i)'
Assertion failed on expression: 'pred(*previous, *i)'
Assertion failed on expression: 'pred(*previous, *i)'
Assertion failed on expression: 'pred(*previous, *i)'
Assertion failed on expression: 'pred(*previous, *i)'
Assertion failed on expression: 'pred(*previous, *i)'
Assertion failed on expression: 'pred(*previous, *i)'
Assertion failed on expression: 'pred(*previous, *i)'
Assertion failed on expression: 'pred(*previous, *i)'
Assertion failed on expression: 'pred(*previous, *i)'
Assertion failed on expression: 'pred(*previous, *i)'
Assertion failed on expression: 'pred(*previous, *i)'
Assertion failed on expression: 'pred(*previous, *i)'
Assertion failed on expression: 'pred(*previous, *i)'
Assertion failed on expression: 'pred(*previous, *i)'
Assertion failed on expression: 'pred(*previous, *i)'
Assertion failed on expression: 'pred(*previous, *i)'
Assertion failed on expression: 'pred(*previous, *i)'
Assertion failed on expression: 'pred(*previous, *i)'
Assertion failed on expression: 'pred(*previous, *i)'
Assertion failed on expression: 'pred(*previous, *i)'
Assertion failed on expression: 'pred(*previous, *i)'
Assertion failed on expression: 'pred(*previous, *i)'
Assertion failed on expression: 'pred(*previous, *i)'
Assertion failed on expression: 'pred(*previous, *i)'
Assertion failed on expression: 'pred(*previous, *i)'
Assertion failed on expression: 'pred(*previous, *i)'
Assertion failed on expression: 'pred(*previous, *i)'
Assertion failed on expression: 'pred(*previous, *i)'
Assertion failed on expression: 'pred(*previous, *i)'
Assertion failed on expression: 'pred(*previous, *i)'
Assertion failed on expression: 'pred(*previous, *i)'
Assertion failed on expression: 'pred(*previous, *i)'
Assertion failed on expression: 'pred(*previous, *i)'
Assertion failed on expression: 'pred(*previous, *i)'
Assertion failed on expression: 'pred(*previous, *i)'
Assertion failed on expression: 'pred(*previous, *i)'
Assertion failed on expression: 'pred(*previous, *i)'
Assertion failed on expression: 'pred(*previous, *i)'
Assertion failed on expression: 'pred(*previous, *i)'
Assertion failed on expression: 'pred(*previous, *i)'
Assertion failed on expression: 'pred(*previous, *i)'
Assertion failed on expression: 'pred(*previous, *i)'
Assertion failed on expression: 'pred(*previous, *i)'
Assertion failed on expression: 'pred(*previous, *i)'
Assertion failed on expression: 'pred(*previous, *i)'
Assertion failed on expression: 'pred(*previous, *i)'
Assertion failed on expression: 'pred(*previous, *i)'
Assertion failed on expression: 'pred(*previous, *i)'
Assertion failed on expression: 'pred(*previous, *i)'
Assertion failed on expression: 'pred(*previous, *i)'
Assertion failed on expression: 'pred(*previous, *i)'
Assertion failed on expression: 'pred(*previous, *i)'
Assertion failed on expression: 'pred(*previous, *i)'
Assertion failed on expression: 'pred(*previous, *i)'
Assertion failed on expression: 'pred(*previous, *i)'
Assertion failed on expression: 'pred(*previous, *i)'
Assertion failed on expression: 'pred(*previous, *i)'
Assertion failed on expression: 'pred(*previous, *i)'
Assertion failed on expression: 'pred(*previous, *i)'
Assertion failed on expression: 'pred(*previous, *i)'
Assertion failed on expression: 'pred(*previous, *i)'
Assertion failed on expression: 'pred(*previous, *i)'
Assertion failed on expression: 'pred(*previous, *i)'
Assertion failed on expression: 'pred(*previous, *i)'
Assertion failed on expression: 'pred(*previous, *i)'
Assertion failed on expression: 'pred(*previous, *i)'
Assertion failed on expression: 'pred(*previous, *i)'
Assertion failed on expression: 'pred(*previous, *i)'
Assertion failed on expression: 'pred(*previous, *i)'
Assertion failed on expression: 'pred(*previous, *i)'
Assertion failed on expression: 'pred(*previous, *i)'
Assertion failed on expression: 'pred(*previous, *i)'
Assertion failed on expression: 'pred(*previous, *i)'
Assertion failed on expression: 'pred(*previous, *i)'
Assertion failed on expression: 'pred(*previous, *i)'
Assertion failed on expression: 'pred(*previous, *i)'
Assertion failed on expression: 'pred(*previous, *i)'
Assertion failed on expression: 'pred(*previous, *i)'
Assertion failed on expression: 'pred(*previous, *i)'
Assertion failed on expression: 'pred(*previous, *i)'
Assertion failed on expression: 'pred(*previous, *i)'
Assertion failed on expression: 'pred(*previous, *i)'
Assertion failed on expression: 'pred(*previous, *i)'
Assertion failed on expression: 'pred(*previous, *i)'
Assertion failed on expression: 'pred(*previous, *i)'
Assertion failed on expression: 'pred(*previous, *i)'
Assertion failed on expression: 'pred(*previous, *i)'
Assertion failed on expression: 'pred(*previous, *i)'
Assertion failed on expression: 'pred(*previous, *i)'
Assertion failed on expression: 'pred(*previous, *i)'
Assertion failed on expression: 'pred(*previous, *i)'
Assertion failed on expression: 'pred(*previous, *i)'
Assertion failed on expression: 'pred(*previous, *i)'
Assertion failed on expression: 'pred(*previous, *i)'
Assertion failed on expression: 'pred(*previous, *i)'
Assertion failed on expression: 'pred(*previous, *i)'
Assertion failed on expression: 'pred(*previous, *i)'
Assertion failed on expression: 'pred(*previous, *i)'
Assertion failed on expression: 'pred(*previous, *i)'
Assertion failed on expression: 'pred(*previous, *i)'
Assertion failed on expression: 'pred(*previous, *i)'
Assertion failed on expression: 'pred(*previous, *i)'
Assertion failed on expression: 'pred(*previous, *i)'
Assertion failed on expression: 'pred(*previous, *i)'
Assertion failed on expression: 'pred(*previous, *i)'
Assertion failed on expression: 'pred(*previous, *i)'
Assertion failed on expression: 'pred(*previous, *i)'
Assertion failed on expression: 'pred(*previous, *i)'
Assertion failed on expression: 'pred(*previous, *i)'
Assertion failed on expression: 'pred(*previous, *i)'
Assertion failed on expression: 'pred(*previous, *i)'
Assertion failed on expression: 'pred(*previous, *i)'
Assertion failed on expression: 'pred(*previous, *i)'
Assertion failed on expression: 'pred(*previous, *i)'
Assertion failed on expression: 'pred(*previous, *i)'
Assertion failed on expression: 'pred(*previous, *i)'
Assertion failed on expression: 'pred(*previous, *i)'
Assertion failed on expression: 'pred(*previous, *i)'
Assertion failed on expression: 'pred(*previous, *i)'
Assertion failed on expression: 'pred(*previous, *i)'
Assertion failed on expression: 'pred(*previous, *i)'
Assertion failed on expression: 'pred(*previous, *i)'
Assertion failed on expression: 'pred(*previous, *i)'
Assertion failed on expression: 'pred(*previous, *i)'
Assertion failed on expression: 'pred(*previous, *i)'
Assertion failed on expression: 'pred(*previous, *i)'
Assertion failed on expression: 'pred(*previous, *i)'
Assertion failed on expression: 'pred(*previous, *i)'
Assertion failed on expression: 'pred(*previous, *i)'
Assertion failed on expression: 'pred(*previous, *i)'
Assertion failed on expression: 'pred(*previous, *i)'
Assertion failed on expression: 'pred(*previous, *i)'
Assertion failed on expression: 'pred(*previous, *i)'
Assertion failed on expression: 'pred(*previous, *i)'
Assertion failed on expression: 'pred(*previous, *i)'
Assertion failed on expression: 'pred(*previous, *i)'
Assertion failed on expression: 'pred(*previous, *i)'
Assertion failed on expression: 'pred(*previous, *i)'
Assertion failed on expression: 'pred(*previous, *i)'
Assertion failed on expression: 'pred(*previous, *i)'
Assertion failed on expression: 'pred(*previous, *i)'
Assertion failed on expression: 'pred(*previous, *i)'
Assertion failed on expression: 'pred(*previous, *i)'
Assertion failed on expression: 'pred(*previous, *i)'
Assertion failed on expression: 'pred(*previous, *i)'
Assertion failed on expression: 'pred(*previous, *i)'
Assertion failed on expression: 'pred(*previous, *i)'
Assertion failed on expression: 'pred(*previous, *i)'
Assertion failed on expression: 'pred(*previous, *i)'
Assertion failed on expression: 'pred(*previous, *i)'
Assertion failed on expression: 'pred(*previous, *i)'
Assertion failed on expression: 'pred(*previous, *i)'
Assertion failed on expression: 'pred(*previous, *i)'
Assertion failed on expression: 'pred(*previous, *i)'
Assertion failed on expression: 'pred(*previous, *i)'
Assertion failed on expression: 'pred(*previous, *i)'
Assertion failed on expression: 'pred(*previous, *i)'
Assertion failed on expression: 'pred(*previous, *i)'
Assertion failed on expression: 'pred(*previous, *i)'
Assertion failed on expression: 'pred(*previous, *i)'
Assertion failed on expression: 'pred(*previous, *i)'
Assertion failed on expression: 'pred(*previous, *i)'
Assertion failed on expression: 'pred(*previous, *i)'
Assertion failed on expression: 'pred(*previous, *i)'
Assertion failed on expression: 'pred(*previous, *i)'
Assertion failed on expression: 'pred(*previous, *i)'
Assertion failed on expression: 'pred(*previous, *i)'
Assertion failed on expression: 'pred(*previous, *i)'
Assertion failed on expression: 'pred(*previous, *i)'
Assertion failed on expression: 'pred(*previous, *i)'
Assertion failed on expression: 'pred(*previous, *i)'
Assertion failed on expression: 'pred(*previous, *i)'
Assertion failed on expression: 'pred(*previous, *i)'
Assertion failed on expression: 'pred(*previous, *i)'
Assertion failed on expression: 'pred(*previous, *i)'
Assertion failed on expression: 'pred(*previous, *i)'
Assertion failed on expression: 'pred(*previous, *i)'
Assertion failed on expression: 'pred(*previous, *i)'
Assertion failed on expression: 'pred(*previous, *i)'
Assertion failed on expression: 'pred(*previous, *i)'
Assertion failed on expression: 'pred(*previous, *i)'
Assertion failed on expression: 'pred(*previous, *i)'
Assertion failed on expression: 'pred(*previous, *i)'
Assertion failed on expression: 'pred(*previous, *i)'
Assertion failed on expression: 'pred(*previous, *i)'
Assertion failed on expression: 'pred(*previous, *i)'
Assertion failed on expression: 'pred(*previous, *i)'
Assertion failed on expression: 'pred(*previous, *i)'
Assertion failed on expression: 'pred(*previous, *i)'
Assertion failed on expression: 'pred(*previous, *i)'
Assertion failed on expression: 'pred(*previous, *i)'
Assertion failed on expression: 'pred(*previous, *i)'
Assertion failed on expression: 'pred(*previous, *i)'
Assertion failed on expression: 'pred(*previous, *i)'
Assertion failed on expression: 'pred(*previous, *i)'
Assertion failed on expression: 'pred(*previous, *i)'
Assertion failed on expression: 'pred(*previous, *i)'
Assertion failed on expression: 'pred(*previous, *i)'
Assertion failed on expression: 'pred(*previous, *i)'
Assertion failed on expression: 'pred(*previous, *i)'
Assertion failed on expression: 'pred(*previous, *i)'
Assertion failed on expression: 'pred(*previous, *i)'
Assertion failed on expression: 'pred(*previous, *i)'
Assertion failed on expression: 'pred(*previous, *i)'
Assertion failed on expression: 'pred(*previous, *i)'
Assertion failed on expression: 'pred(*previous, *i)'
Assertion failed on expression: 'pred(*previous, *i)'
Assertion failed on expression: 'pred(*previous, *i)'
Assertion failed on expression: 'pred(*previous, *i)'
Assertion failed on expression: 'pred(*previous, *i)'
Assertion failed on expression: 'pred(*previous, *i)'
Assertion failed on expression: 'pred(*previous, *i)'
Assertion failed on expression: 'pred(*previous, *i)'
Assertion failed on expression: 'pred(*previous, *i)'
Assertion failed on expression: 'pred(*previous, *i)'
Assertion failed on expression: 'pred(*previous, *i)'
Assertion failed on expression: 'pred(*previous, *i)'
Assertion failed on expression: 'pred(*previous, *i)'
Assertion failed on expression: 'pred(*previous, *i)'
Assertion failed on expression: 'pred(*previous, *i)'
Assertion failed on expression: 'pred(*previous, *i)'
Assertion failed on expression: 'pred(*previous, *i)'
Assertion failed on expression: 'pred(*previous, *i)'
Assertion failed on expression: 'pred(*previous, *i)'
Assertion failed on expression: 'pred(*previous, *i)'
Assertion failed on expression: 'pred(*previous, *i)'
Assertion failed on expression: 'pred(*previous, *i)'
Assertion failed on expression: 'pred(*previous, *i)'
Assertion failed on expression: 'pred(*previous, *i)'
Assertion failed on expression: 'pred(*previous, *i)'
Assertion failed on expression: 'pred(*previous, *i)'
Assertion failed on expression: 'pred(*previous, *i)'
Assertion failed on expression: 'pred(*previous, *i)'
Assertion failed on expression: 'pred(*previous, *i)'
Assertion failed on expression: 'pred(*previous, *i)'
Assertion failed on expression: 'pred(*previous, *i)'
Assertion failed on expression: 'pred(*previous, *i)'
Assertion failed on expression: 'pred(*previous, *i)'
Assertion failed on expression: 'pred(*previous, *i)'
Assertion failed on expression: 'pred(*previous, *i)'
Assertion failed on expression: 'pred(*previous, *i)'
Assertion failed on expression: 'pred(*previous, *i)'
Assertion failed on expression: 'pred(*previous, *i)'
Assertion failed on expression: 'pred(*previous, *i)'
Assertion failed on expression: 'pred(*previous, *i)'
Assertion failed on expression: 'pred(*previous, *i)'
Assertion failed on expression: 'pred(*previous, *i)'
Assertion failed on expression: 'pred(*previous, *i)'
Assertion failed on expression: 'pred(*previous, *i)'
Assertion failed on expression: 'pred(*previous, *i)'
Assertion failed on expression: 'pred(*previous, *i)'
Assertion failed on expression: 'pred(*previous, *i)'
Assertion failed on expression: 'pred(*previous, *i)'
Assertion failed on expression: 'pred(*previous, *i)'
Assertion failed on expression: 'pred(*previous, *i)'
Assertion failed on expression: 'pred(*previous, *i)'
Assertion failed on expression: 'pred(*previous, *i)'
Assertion failed on expression: 'pred(*previous, *i)'
Assertion failed on expression: 'pred(*previous, *i)'
Assertion failed on expression: 'pred(*previous, *i)'
Assertion failed on expression: 'pred(*previous, *i)'
Assertion failed on expression: 'pred(*previous, *i)'
Assertion failed on expression: 'pred(*previous, *i)'
Assertion failed on expression: 'pred(*previous, *i)'
Assertion failed on expression: 'pred(*previous, *i)'
Assertion failed on expression: 'pred(*previous, *i)'
Assertion failed on expression: 'pred(*previous, *i)'
Assertion failed on expression: 'pred(*previous, *i)'
Assertion failed on expression: 'pred(*previous, *i)'
Assertion failed on expression: 'pred(*previous, *i)'
Assertion failed on expression: 'pred(*previous, *i)'
Assertion failed on expression: 'pred(*previous, *i)'
Assertion failed on expression: 'pred(*previous, *i)'
Assertion failed on expression: 'pred(*previous, *i)'
Assertion failed on expression: 'pred(*previous, *i)'
Assertion failed on expression: 'pred(*previous, *i)'
Assertion failed on expression: 'pred(*previous, *i)'
Assertion failed on expression: 'pred(*previous, *i)'
Assertion failed on expression: 'pred(*previous, *i)'
Assertion failed on expression: 'pred(*previous, *i)'
Assertion failed on expression: 'pred(*previous, *i)'
Assertion failed on expression: 'pred(*previous, *i)'
Assertion failed on expression: 'pred(*previous, *i)'
Assertion failed on expression: 'pred(*previous, *i)'
Assertion failed on expression: 'pred(*previous, *i)'
Assertion failed on expression: 'pred(*previous, *i)'
Assertion failed on expression: 'pred(*previous, *i)'
Assertion failed on expression: 'pred(*previous, *i)'
Assertion failed on expression: 'pred(*previous, *i)'
Assertion failed on expression: 'pred(*previous, *i)'
Assertion failed on expression: 'pred(*previous, *i)'
Assertion failed on expression: 'pred(*previous, *i)'
Assertion failed on expression: 'pred(*previous, *i)'
Assertion failed on expression: 'pred(*previous, *i)'
Assertion failed on expression: 'pred(*previous, *i)'
Assertion failed on expression: 'pred(*previous, *i)'
Assertion failed on expression: 'pred(*previous, *i)'
Assertion failed on expression: 'pred(*previous, *i)'
Assertion failed on expression: 'pred(*previous, *i)'
Assertion failed on expression: 'pred(*previous, *i)'
Assertion failed on expression: 'pred(*previous, *i)'
Assertion failed on expression: 'pred(*previous, *i)'
Assertion failed on expression: 'pred(*previous, *i)'
Assertion failed on expression: 'pred(*previous, *i)'
Assertion failed on expression: 'pred(*previous, *i)'
Assertion failed on expression: 'pred(*previous, *i)'
Assertion failed on expression: 'pred(*previous, *i)'
Assertion failed on expression: 'pred(*previous, *i)'
Assertion failed on expression: 'pred(*previous, *i)'
Assertion failed on expression: 'pred(*previous, *i)'
Assertion failed on expression: 'pred(*previous, *i)'
Assertion failed on expression: 'pred(*previous, *i)'
Assertion failed on expression: 'pred(*previous, *i)'
Assertion failed on expression: 'pred(*previous, *i)'
Assertion failed on expression: 'pred(*previous, *i)'
Assertion failed on expression: 'pred(*previous, *i)'
Assertion failed on expression: 'pred(*previous, *i)'
Assertion failed on expression: 'pred(*previous, *i)'
Assertion failed on expression: 'pred(*previous, *i)'
Assertion failed on expression: 'pred(*previous, *i)'
Assertion failed on expression: 'pred(*previous, *i)'
Assertion failed on expression: 'pred(*previous, *i)'
Assertion failed on expression: 'pred(*previous, *i)'
Assertion failed on expression: 'pred(*previous, *i)'
Assertion failed on expression: 'pred(*previous, *i)'
Assertion failed on expression: 'pred(*previous, *i)'
Assertion failed on expression: 'pred(*previous, *i)'
Assertion failed on expression: 'pred(*previous, *i)'
Assertion failed on expression: 'pred(*previous, *i)'
Assertion failed on expression: 'pred(*previous, *i)'
Assertion failed on expression: 'pred(*previous, *i)'
Assertion failed on expression: 'pred(*previous, *i)'
Assertion failed on expression: 'pred(*previous, *i)'
Assertion failed on expression: 'pred(*previous, *i)'
Assertion failed on expression: 'pred(*previous, *i)'
Assertion failed on expression: 'pred(*previous, *i)'
Assertion failed on expression: 'pred(*previous, *i)'
Assertion failed on expression: 'pred(*previous, *i)'
Assertion failed on expression: 'pred(*previous, *i)'
Assertion failed on expression: 'pred(*previous, *i)'
Assertion failed on expression: 'pred(*previous, *i)'
Assertion failed on expression: 'pred(*previous, *i)'
Assertion failed on expression: 'pred(*previous, *i)'
Assertion failed on expression: 'pred(*previous, *i)'
Assertion failed on expression: 'pred(*previous, *i)'
Assertion failed on expression: 'pred(*previous, *i)'
Assertion failed on expression: 'pred(*previous, *i)'
Assertion failed on expression: 'pred(*previous, *i)'
Assertion failed on expression: 'pred(*previous, *i)'
Assertion failed on expression: 'pred(*previous, *i)'
Assertion failed on expression: 'pred(*previous, *i)'
Assertion failed on expression: 'pred(*previous, *i)'
Assertion failed on expression: 'pred(*previous, *i)'
Assertion failed on expression: 'pred(*previous, *i)'
Assertion failed on expression: 'pred(*previous, *i)'
Assertion failed on expression: 'pred(*previous, *i)'
Assertion failed on expression: 'pred(*previous, *i)'
Assertion failed on expression: 'pred(*previous, *i)'
Assertion failed on expression: 'pred(*previous, *i)'
Assertion failed on expression: 'pred(*previous, *i)'
Assertion failed on expression: 'pred(*previous, *i)'
Assertion failed on expression: 'pred(*previous, *i)'
Assertion failed on expression: 'pred(*previous, *i)'
Assertion failed on expression: 'pred(*previous, *i)'
Assertion failed on expression: 'pred(*previous, *i)'
Assertion failed on expression: 'pred(*previous, *i)'
Assertion failed on expression: 'pred(*previous, *i)'
Assertion failed on expression: 'pred(*previous, *i)'
Assertion failed on expression: 'pred(*previous, *i)'
Assertion failed on expression: 'pred(*previous, *i)'
Assertion failed on expression: 'pred(*previous, *i)'
Assertion failed on expression: 'pred(*previous, *i)'
Assertion failed on expression: 'pred(*previous, *i)'
Assertion failed on expression: 'pred(*previous, *i)'
Assertion failed on expression: 'pred(*previous, *i)'
Assertion failed on expression: 'pred(*previous, *i)'
Assertion failed on expression: 'pred(*previous, *i)'
Assertion failed on expression: 'pred(*previous, *i)'
Assertion failed on expression: 'pred(*previous, *i)'
Assertion failed on expression: 'pred(*previous, *i)'
Assertion failed on expression: 'pred(*previous, *i)'
Assertion failed on expression: 'pred(*previous, *i)'
Assertion failed on expression: 'pred(*previous, *i)'
Assertion failed on expression: 'pred(*previous, *i)'
Assertion failed on expression: 'pred(*previous, *i)'
Assertion failed on expression: 'pred(*previous, *i)'
Assertion failed on expression: 'pred(*previous, *i)'
Assertion failed on expression: 'pred(*previous, *i)'
Assertion failed on expression: 'pred(*previous, *i)'
Assertion failed on expression: 'pred(*previous, *i)'
Assertion failed on expression: 'pred(*previous, *i)'
Assertion failed on expression: 'pred(*previous, *i)'
Assertion failed on expression: 'pred(*previous, *i)'
Assertion failed on expression: 'pred(*previous, *i)'
Assertion failed on expression: 'pred(*previous, *i)'
Assertion failed on expression: 'pred(*previous, *i)'
Assertion failed on expression: 'pred(*previous, *i)'
Assertion failed on expression: 'pred(*previous, *i)'
Assertion failed on expression: 'pred(*previous, *i)'
Assertion failed on expression: 'pred(*previous, *i)'
Assertion failed on expression: 'pred(*previous, *i)'
Assertion failed on expression: 'pred(*previous, *i)'
Assertion failed on expression: 'pred(*previous, *i)'
Assertion failed on expression: 'pred(*previous, *i)'
Assertion failed on expression: 'pred(*previous, *i)'
Assertion failed on expression: 'pred(*previous, *i)'
Assertion failed on expression: 'pred(*previous, *i)'
Assertion failed on expression: 'pred(*previous, *i)'
Assertion failed on expression: 'pred(*previous, *i)'
Assertion failed on expression: 'pred(*previous, *i)'
Assertion failed on expression: 'pred(*previous, *i)'
Assertion failed on expression: 'pred(*previous, *i)'
Assertion failed on expression: 'pred(*previous, *i)'
Assertion failed on expression: 'pred(*previous, *i)'
Assertion failed on expression: 'pred(*previous, *i)'
Assertion failed on expression: 'pred(*previous, *i)'
Assertion failed on expression: 'pred(*previous, *i)'
Assertion failed on expression: 'pred(*previous, *i)'
Assertion failed on expression: 'pred(*previous, *i)'
Assertion failed on expression: 'pred(*previous, *i)'
Assertion failed on expression: 'pred(*previous, *i)'
Assertion failed on expression: 'pred(*previous, *i)'
Assertion failed on expression: 'pred(*previous, *i)'
Assertion failed on expression: 'pred(*previous, *i)'
Assertion failed on expression: 'pred(*previous, *i)'
Assertion failed on expression: 'pred(*previous, *i)'
Assertion failed on expression: 'pred(*previous, *i)'
Assertion failed on expression: 'pred(*previous, *i)'
Assertion failed on expression: 'pred(*previous, *i)'
Assertion failed on expression: 'pred(*previous, *i)'
Assertion failed on expression: 'pred(*previous, *i)'
Assertion failed on expression: 'pred(*previous, *i)'
Assertion failed on expression: 'pred(*previous, *i)'
Assertion failed on expression: 'pred(*previous, *i)'
Assertion failed on expression: 'pred(*previous, *i)'
Assertion failed on expression: 'pred(*previous, *i)'
Assertion failed on expression: 'pred(*previous, *i)'
Assertion failed on expression: 'pred(*previous, *i)'
Assertion failed on expression: 'pred(*previous, *i)'
Assertion failed on expression: 'pred(*previous, *i)'
Assertion failed on expression: 'pred(*previous, *i)'
Assertion failed on expression: 'pred(*previous, *i)'
Assertion failed on expression: 'pred(*previous, *i)'
Assertion failed on expression: 'pred(*previous, *i)'
Assertion failed on expression: 'pred(*previous, *i)'
Assertion failed on expression: 'pred(*previous, *i)'
Assertion failed on expression: 'pred(*previous, *i)'
Assertion failed on expression: 'pred(*previous, *i)'
Assertion failed on expression: 'pred(*previous, *i)'
Assertion failed on expression: 'pred(*previous, *i)'
Assertion failed on expression: 'pred(*previous, *i)'
Assertion failed on expression: 'pred(*previous, *i)'
Assertion failed on expression: 'pred(*previous, *i)'
Assertion failed on expression: 'pred(*previous, *i)'
Assertion failed on expression: 'pred(*previous, *i)'
Assertion failed on expression: 'pred(*previous, *i)'
Assertion failed on expression: 'pred(*previous, *i)'
Assertion failed on expression: 'pred(*previous, *i)'
Assertion failed on expression: 'pred(*previous, *i)'
Assertion failed on expression: 'pred(*previous, *i)'
Assertion failed on expression: 'pred(*previous, *i)'
Assertion failed on expression: 'pred(*previous, *i)'
Assertion failed on expression: 'pred(*previous, *i)'
Assertion failed on expression: 'pred(*previous, *i)'
Assertion failed on expression: 'pred(*previous, *i)'
Assertion failed on expression: 'pred(*previous, *i)'
Assertion failed on expression: 'pred(*previous, *i)'
Assertion failed on expression: 'pred(*previous, *i)'
Assertion failed on expression: 'pred(*previous, *i)'
Assertion failed on expression: 'pred(*previous, *i)'
Assertion failed on expression: 'pred(*previous, *i)'
Assertion failed on expression: 'pred(*previous, *i)'
Assertion failed on expression: 'pred(*previous, *i)'
Assertion failed on expression: 'pred(*previous, *i)'
Assertion failed on expression: 'pred(*previous, *i)'
Assertion failed on expression: 'pred(*previous, *i)'
Assertion failed on expression: 'pred(*previous, *i)'
Assertion failed on expression: 'pred(*previous, *i)'
Assertion failed on expression: 'pred(*previous, *i)'
Assertion failed on expression: 'pred(*previous, *i)'
Assertion failed on expression: 'pred(*previous, *i)'
Assertion failed on expression: 'pred(*previous, *i)'
Assertion failed on expression: 'pred(*previous, *i)'
Assertion failed on expression: 'pred(*previous, *i)'
Assertion failed on expression: 'pred(*previous, *i)'
Assertion failed on expression: 'pred(*previous, *i)'
Assertion failed on expression: 'pred(*previous, *i)'
Assertion failed on expression: 'pred(*previous, *i)'
Assertion failed on expression: 'pred(*previous, *i)'
Assertion failed on expression: 'pred(*previous, *i)'
Assertion failed on expression: 'pred(*previous, *i)'
Assertion failed on expression: 'pred(*previous, *i)'
Assertion failed on expression: 'pred(*previous, *i)'
Assertion failed on expression: 'pred(*previous, *i)'
Assertion failed on expression: 'pred(*previous, *i)'
Assertion failed on expression: 'pred(*previous, *i)'
Assertion failed on expression: 'pred(*previous, *i)'
Assertion failed on expression: 'pred(*previous, *i)'
Assertion failed on expression: 'pred(*previous, *i)'
Assertion failed on expression: 'pred(*previous, *i)'
Assertion failed on expression: 'pred(*previous, *i)'
Assertion failed on expression: 'pred(*previous, *i)'
Assertion failed on expression: 'pred(*previous, *i)'
Assertion failed on expression: 'pred(*previous, *i)'
Assertion failed on expression: 'pred(*previous, *i)'
Assertion failed on expression: 'pred(*previous, *i)'
Assertion failed on expression: 'pred(*previous, *i)'
Assertion failed on expression: 'pred(*previous, *i)'
Assertion failed on expression: 'pred(*previous, *i)'
Assertion failed on expression: 'pred(*previous, *i)'
Assertion failed on expression: 'pred(*previous, *i)'
Assertion failed on expression: 'pred(*previous, *i)'
Assertion failed on expression: 'pred(*previous, *i)'
Assertion failed on expression: 'pred(*previous, *i)'
Assertion failed on expression: 'pred(*previous, *i)'
Assertion failed on expression: 'pred(*previous, *i)'
Assertion failed on expression: 'pred(*previous, *i)'
Assertion failed on expression: 'pred(*previous, *i)'
Assertion failed on expression: 'pred(*previous, *i)'
Assertion failed on expression: 'pred(*previous, *i)'
Assertion failed on expression: 'pred(*previous, *i)'
Assertion failed on expression: 'pred(*previous, *i)'
Assertion failed on expression: 'pred(*previous, *i)'
Assertion failed on expression: 'pred(*previous, *i)'
Assertion failed on expression: 'pred(*previous, *i)'
Assertion failed on expression: 'pred(*previous, *i)'
Assertion failed on expression: 'pred(*previous, *i)'
Assertion failed on expression: 'pred(*previous, *i)'
Assertion failed on expression: 'pred(*previous, *i)'
Assertion failed on expression: 'pred(*previous, *i)'
Assertion failed on expression: 'pred(*previous, *i)'
Assertion failed on expression: 'pred(*previous, *i)'
Assertion failed on expression: 'pred(*previous, *i)'
Assertion failed on expression: 'pred(*previous, *i)'
Assertion failed on expression: 'pred(*previous, *i)'
Assertion failed on expression: 'pred(*previous, *i)'
Assertion failed on expression: 'pred(*previous, *i)'
Assertion failed on expression: 'pred(*previous, *i)'
Assertion failed on expression: 'pred(*previous, *i)'
Assertion failed on expression: 'pred(*previous, *i)'
Assertion failed on expression: 'pred(*previous, *i)'
Assertion failed on expression: 'pred(*previous, *i)'
Assertion failed on expression: 'pred(*previous, *i)'
Assertion failed on expression: 'pred(*previous, *i)'
Assertion failed on expression: 'pred(*previous, *i)'
Assertion failed on expression: 'pred(*previous, *i)'
Assertion failed on expression: 'pred(*previous, *i)'
Assertion failed on expression: 'pred(*previous, *i)'
Assertion failed on expression: 'pred(*previous, *i)'
Assertion failed on expression: 'pred(*previous, *i)'
Assertion failed on expression: 'pred(*previous, *i)'
Assertion failed on expression: 'pred(*previous, *i)'
Assertion failed on expression: 'pred(*previous, *i)'
Assertion failed on expression: 'pred(*previous, *i)'
Assertion failed on expression: 'pred(*previous, *i)'
Assertion failed on expression: 'pred(*previous, *i)'
Assertion failed on expression: 'pred(*previous, *i)'
Assertion failed on expression: 'pred(*previous, *i)'
Assertion failed on expression: 'pred(*previous, *i)'
Assertion failed on expression: 'pred(*previous, *i)'
Assertion failed on expression: 'pred(*previous, *i)'
Assertion failed on expression: 'pred(*previous, *i)'
Assertion failed on expression: 'pred(*previous, *i)'
Assertion failed on expression: 'pred(*previous, *i)'
Assertion failed on expression: 'pred(*previous, *i)'
Assertion failed on expression: 'pred(*previous, *i)'
Assertion failed on expression: 'pred(*previous, *i)'
Assertion failed on expression: 'pred(*previous, *i)'
Assertion failed on expression: 'pred(*previous, *i)'
Assertion failed on expression: 'pred(*previous, *i)'
Assertion failed on expression: 'pred(*previous, *i)'
Assertion failed on expression: 'pred(*previous, *i)'
Assertion failed on expression: 'pred(*previous, *i)'
Assertion failed on expression: 'pred(*previous, *i)'
Assertion failed on expression: 'pred(*previous, *i)'
Assertion failed on expression: 'pred(*previous, *i)'
Assertion failed on expression: 'pred(*previous, *i)'
Assertion failed on expression: 'pred(*previous, *i)'
Assertion failed on expression: 'pred(*previous, *i)'
Assertion failed on expression: 'pred(*previous, *i)'
Assertion failed on expression: 'pred(*previous, *i)'
Assertion failed on expression: 'pred(*previous, *i)'
Assertion failed on expression: 'pred(*previous, *i)'
Assertion failed on expression: 'pred(*previous, *i)'
Assertion failed on expression: 'pred(*previous, *i)'
Assertion failed on expression: 'pred(*previous, *i)'
Assertion failed on expression: 'pred(*previous, *i)'
Assertion failed on expression: 'pred(*previous, *i)'
Assertion failed on expression: 'pred(*previous, *i)'
Assertion failed on expression: 'pred(*previous, *i)'
Assertion failed on expression: 'pred(*previous, *i)'
Assertion failed on expression: 'pred(*previous, *i)'
Assertion failed on expression: 'pred(*previous, *i)'
Assertion failed on expression: 'pred(*previous, *i)'
Assertion failed on expression: 'pred(*previous, *i)'
Assertion failed on expression: 'pred(*previous, *i)'
Assertion failed on expression: 'pred(*previous, *i)'
Assertion failed on expression: 'pred(*previous, *i)'
Assertion failed on expression: 'pred(*previous, *i)'
Assertion failed on expression: 'pred(*previous, *i)'
Assertion failed on expression: 'pred(*previous, *i)'
Assertion failed on expression: 'pred(*previous, *i)'
Assertion failed on expression: 'pred(*previous, *i)'
Assertion failed on expression: 'pred(*previous, *i)'
Assertion failed on expression: 'pred(*previous, *i)'
Assertion failed on expression: 'pred(*previous, *i)'
Assertion failed on expression: 'pred(*previous, *i)'
Assertion failed on expression: 'pred(*previous, *i)'
Assertion failed on expression: 'pred(*previous, *i)'
Assertion failed on expression: 'pred(*previous, *i)'
Assertion failed on expression: 'pred(*previous, *i)'
Assertion failed on expression: 'pred(*previous, *i)'
Assertion failed on expression: 'pred(*previous, *i)'
Assertion failed on expression: 'pred(*previous, *i)'
Assertion failed on expression: 'pred(*previous, *i)'
Assertion failed on expression: 'pred(*previous, *i)'
Assertion failed on expression: 'pred(*previous, *i)'
Assertion failed on expression: 'pred(*previous, *i)'
Assertion failed on expression: 'pred(*previous, *i)'
Assertion failed on expression: 'pred(*previous, *i)'
Assertion failed on expression: 'pred(*previous, *i)'
Assertion failed on expression: 'pred(*previous, *i)'
Assertion failed on expression: 'pred(*previous, *i)'
Assertion failed on expression: 'pred(*previous, *i)'
Assertion failed on expression: 'pred(*previous, *i)'
Assertion failed on expression: 'pred(*previous, *i)'
Assertion failed on expression: 'pred(*previous, *i)'
Assertion failed on expression: 'pred(*previous, *i)'
Assertion failed on expression: 'pred(*previous, *i)'
Assertion failed on expression: 'pred(*previous, *i)'
Assertion failed on expression: 'pred(*previous, *i)'
Assertion failed on expression: 'pred(*previous, *i)'
Assertion failed on expression: 'pred(*previous, *i)'
Assertion failed on expression: 'pred(*previous, *i)'
Assertion failed on expression: 'pred(*previous, *i)'
Assertion failed on expression: 'pred(*previous, *i)'
Assertion failed on expression: 'pred(*previous, *i)'
Assertion failed on expression: 'pred(*previous, *i)'
Assertion failed on expression: 'pred(*previous, *i)'
Assertion failed on expression: 'pred(*previous, *i)'
Assertion failed on expression: 'pred(*previous, *i)'
Assertion failed on expression: 'pred(*previous, *i)'
Assertion failed on expression: 'pred(*previous, *i)'
Assertion failed on expression: 'pred(*previous, *i)'
Assertion failed on expression: 'pred(*previous, *i)'
Assertion failed on expression: 'pred(*previous, *i)'
Assertion failed on expression: 'pred(*previous, *i)'
Assertion failed on expression: 'pred(*previous, *i)'
Assertion failed on expression: 'pred(*previous, *i)'
Assertion failed on expression: 'pred(*previous, *i)'
Assertion failed on expression: 'pred(*previous, *i)'
Assertion failed on expression: 'pred(*previous, *i)'
Assertion failed on expression: 'pred(*previous, *i)'
Assertion failed on expression: 'pred(*previous, *i)'
Assertion failed on expression: 'pred(*previous, *i)'
Assertion failed on expression: 'pred(*previous, *i)'
Assertion failed on expression: 'pred(*previous, *i)'
Assertion failed on expression: 'pred(*previous, *i)'
Assertion failed on expression: 'pred(*previous, *i)'
Assertion failed on expression: 'pred(*previous, *i)'
Assertion failed on expression: 'pred(*previous, *i)'
Assertion failed on expression: 'pred(*previous, *i)'
Assertion failed on expression: 'pred(*previous, *i)'
Assertion failed on expression: 'pred(*previous, *i)'
Assertion failed on expression: 'pred(*previous, *i)'
Assertion failed on expression: 'pred(*previous, *i)'
Assertion failed on expression: 'pred(*previous, *i)'
Assertion failed on expression: 'pred(*previous, *i)'
Assertion failed on expression: 'pred(*previous, *i)'
Assertion failed on expression: 'pred(*previous, *i)'
Assertion failed on expression: 'pred(*previous, *i)'
Assertion failed on expression: 'pred(*previous, *i)'
Assertion failed on expression: 'pred(*previous, *i)'
Assertion failed on expression: 'pred(*previous, *i)'
Assertion failed on expression: 'pred(*previous, *i)'
Assertion failed on expression: 'pred(*previous, *i)'
Assertion failed on expression: 'pred(*previous, *i)'
Assertion failed on expression: 'pred(*previous, *i)'
Assertion failed on expression: 'pred(*previous, *i)'
Assertion failed on expression: 'pred(*previous, *i)'
Assertion failed on expression: 'pred(*previous, *i)'
Assertion failed on expression: 'pred(*previous, *i)'
Assertion failed on expression: 'pred(*previous, *i)'
Assertion failed on expression: 'pred(*previous, *i)'
Assertion failed on expression: 'pred(*previous, *i)'
Assertion failed on expression: 'pred(*previous, *i)'
Assertion failed on expression: 'pred(*previous, *i)'
Assertion failed on expression: 'pred(*previous, *i)'
Assertion failed on expression: 'pred(*previous, *i)'
Assertion failed on expression: 'pred(*previous, *i)'
Assertion failed on expression: 'pred(*previous, *i)'
Assertion failed on expression: 'pred(*previous, *i)'
Assertion failed on expression: 'pred(*previous, *i)'
Assertion failed on expression: 'pred(*previous, *i)'
Assertion failed on expression: 'pred(*previous, *i)'
Assertion failed on expression: 'pred(*previous, *i)'
Assertion failed on expression: 'pred(*previous, *i)'
Assertion failed on expression: 'pred(*previous, *i)'
Assertion failed on expression: 'pred(*previous, *i)'
Assertion failed on expression: 'pred(*previous, *i)'
Assertion failed on expression: 'pred(*previous, *i)'
Assertion failed on expression: 'pred(*previous, *i)'
Assertion failed on expression: 'pred(*previous, *i)'
Assertion failed on expression: 'pred(*previous, *i)'
Assertion failed on expression: 'pred(*previous, *i)'
Assertion failed on expression: 'pred(*previous, *i)'
Assertion failed on expression: 'pred(*previous, *i)'
Assertion failed on expression: 'pred(*previous, *i)'
Assertion failed on expression: 'pred(*previous, *i)'
Assertion failed on expression: 'pred(*previous, *i)'
Assertion failed on expression: 'pred(*previous, *i)'
Assertion failed on expression: 'pred(*previous, *i)'
Assertion failed on expression: 'pred(*previous, *i)'
Assertion failed on expression: 'pred(*previous, *i)'
Assertion failed on expression: 'pred(*previous, *i)'
Assertion failed on expression: 'pred(*previous, *i)'
Assertion failed on expression: 'pred(*previous, *i)'
Assertion failed on expression: 'pred(*previous, *i)'
Assertion failed on expression: 'pred(*previous, *i)'
Assertion failed on expression: 'pred(*previous, *i)'
Assertion failed on expression: 'pred(*previous, *i)'
Assertion failed on expression: 'pred(*previous, *i)'
Assertion failed on expression: 'pred(*previous, *i)'
Assertion failed on expression: 'pred(*previous, *i)'
Assertion failed on expression: 'pred(*previous, *i)'
Assertion failed on expression: 'pred(*previous, *i)'
Assertion failed on expression: 'pred(*previous, *i)'
Assertion failed on expression: 'pred(*previous, *i)'
Assertion failed on expression: 'pred(*previous, *i)'
Assertion failed on expression: 'pred(*previous, *i)'
Assertion failed on expression: 'pred(*previous, *i)'
Assertion failed on expression: 'pred(*previous, *i)'
Assertion failed on expression: 'pred(*previous, *i)'
Assertion failed on expression: 'pred(*previous, *i)'
Assertion failed on expression: 'pred(*previous, *i)'
Assertion failed on expression: 'pred(*previous, *i)'
Assertion failed on expression: 'pred(*previous, *i)'
Assertion failed on expression: 'pred(*previous, *i)'
Assertion failed on expression: 'pred(*previous, *i)'
Assertion failed on expression: 'pred(*previous, *i)'
Assertion failed on expression: 'pred(*previous, *i)'
Assertion failed on expression: 'pred(*previous, *i)'
Assertion failed on expression: 'pred(*previous, *i)'
Assertion failed on expression: 'pred(*previous, *i)'
Assertion failed on expression: 'pred(*previous, *i)'
Assertion failed on expression: 'pred(*previous, *i)'
Assertion failed on expression: 'pred(*previous, *i)'
Assertion failed on expression: 'pred(*previous, *i)'
Assertion failed on expression: 'pred(*previous, *i)'
Assertion failed on expression: 'pred(*previous, *i)'
Assertion failed on expression: 'pred(*previous, *i)'
Assertion failed on expression: 'pred(*previous, *i)'
Assertion failed on expression: 'pred(*previous, *i)'
Assertion failed on expression: 'pred(*previous, *i)'
Assertion failed on expression: 'pred(*previous, *i)'
Assertion failed on expression: 'pred(*previous, *i)'
Assertion failed on expression: 'pred(*previous, *i)'
Assertion failed on expression: 'pred(*previous, *i)'
Assertion failed on expression: 'pred(*previous, *i)'
Assertion failed on expression: 'pred(*previous, *i)'
Assertion failed on expression: 'pred(*previous, *i)'
Assertion failed on expression: 'pred(*previous, *i)'
Assertion failed on expression: 'pred(*previous, *i)'
Assertion failed on expression: 'pred(*previous, *i)'
Assertion failed on expression: 'pred(*previous, *i)'
Assertion failed on expression: 'pred(*previous, *i)'
Assertion failed on expression: 'pred(*previous, *i)'
Assertion failed on expression: 'pred(*previous, *i)'
Assertion failed on expression: 'pred(*previous, *i)'
Assertion failed on expression: 'pred(*previous, *i)'
Assertion failed on expression: 'pred(*previous, *i)'
Assertion failed on expression: 'pred(*previous, *i)'
Assertion failed on expression: 'pred(*previous, *i)'
Assertion failed on expression: 'pred(*previous, *i)'
Assertion failed on expression: 'pred(*previous, *i)'
Assertion failed on expression: 'pred(*previous, *i)'
Assertion failed on expression: 'pred(*previous, *i)'
Assertion failed on expression: 'pred(*previous, *i)'
Assertion failed on expression: 'pred(*previous, *i)'
Assertion failed on expression: 'pred(*previous, *i)'
Assertion failed on expression: 'pred(*previous, *i)'
Assertion failed on expression: 'pred(*previous, *i)'
Assertion failed on expression: 'pred(*previous, *i)'
Assertion failed on expression: 'pred(*previous, *i)'
Assertion failed on expression: 'pred(*previous, *i)'
Assertion failed on expression: 'pred(*previous, *i)'
Assertion failed on expression: 'pred(*previous, *i)'
Assertion failed on expression: 'pred(*previous, *i)'
Assertion failed on expression: 'pred(*previous, *i)'
Assertion failed on expression: 'pred(*previous, *i)'
Assertion failed on expression: 'pred(*previous, *i)'
Assertion failed on expression: 'pred(*previous, *i)'
Assertion failed on expression: 'pred(*previous, *i)'
Assertion failed on expression: 'pred(*previous, *i)'
Assertion failed on expression: 'pred(*previous, *i)'
Assertion failed on expression: 'pred(*previous, *i)'
Assertion failed on expression: 'pred(*previous, *i)'
Assertion failed on expression: 'pred(*previous, *i)'
Assertion failed on expression: 'pred(*previous, *i)'
Assertion failed on expression: 'pred(*previous, *i)'
Assertion failed on expression: 'pred(*previous, *i)'
Assertion failed on expression: 'pred(*previous, *i)'
Assertion failed on expression: 'pred(*previous, *i)'
Assertion failed on expression: 'pred(*previous, *i)'
Assertion failed on expression: 'pred(*previous, *i)'
Assertion failed on expression: 'pred(*previous, *i)'
Assertion failed on expression: 'pred(*previous, *i)'
Assertion failed on expression: 'pred(*previous, *i)'
Assertion failed on expression: 'pred(*previous, *i)'
Assertion failed on expression: 'pred(*previous, *i)'
Assertion failed on expression: 'pred(*previous, *i)'
Assertion failed on expression: 'pred(*previous, *i)'
Assertion failed on expression: 'pred(*previous, *i)'
Assertion failed on expression: 'pred(*previous, *i)'
Assertion failed on expression: 'pred(*previous, *i)'
Assertion failed on expression: 'pred(*previous, *i)'
Assertion failed on expression: 'pred(*previous, *i)'
Assertion failed on expression: 'pred(*previous, *i)'
Assertion failed on expression: 'pred(*previous, *i)'
Assertion failed on expression: 'pred(*previous, *i)'
Assertion failed on expression: 'pred(*previous, *i)'
Assertion failed on expression: 'pred(*previous, *i)'
Assertion failed on expression: 'pred(*previous, *i)'
Assertion failed on expression: 'pred(*previous, *i)'
Assertion failed on expression: 'pred(*previous, *i)'
Assertion failed on expression: 'pred(*previous, *i)'
Assertion failed on expression: 'pred(*previous, *i)'
Assertion failed on expression: 'pred(*previous, *i)'
Assertion failed on expression: 'pred(*previous, *i)'
Assertion failed on expression: 'pred(*previous, *i)'
Assertion failed on expression: 'pred(*previous, *i)'
Assertion failed on expression: 'pred(*previous, *i)'
Assertion failed on expression: 'pred(*previous, *i)'
Assertion failed on expression: 'pred(*previous, *i)'
Assertion failed on expression: 'pred(*previous, *i)'
Assertion failed on expression: 'pred(*previous, *i)'
Assertion failed on expression: 'pred(*previous, *i)'
Assertion failed on expression: 'pred(*previous, *i)'
Assertion failed on expression: 'pred(*previous, *i)'
Assertion failed on expression: 'pred(*previous, *i)'
Assertion failed on expression: 'pred(*previous, *i)'
Assertion failed on expression: 'pred(*previous, *i)'
Assertion failed on expression: 'pred(*previous, *i)'
Assertion failed on expression: 'pred(*previous, *i)'
Assertion failed on expression: 'pred(*previous, *i)'
Assertion failed on expression: 'pred(*previous, *i)'
Assertion failed on expression: 'pred(*previous, *i)'
Assertion failed on expression: 'pred(*previous, *i)'
Assertion failed on expression: 'pred(*previous, *i)'
Assertion failed on expression: 'pred(*previous, *i)'
Assertion failed on expression: 'pred(*previous, *i)'
Assertion failed on expression: 'pred(*previous, *i)'
Assertion failed on expression: 'pred(*previous, *i)'
Assertion failed on expression: 'pred(*previous, *i)'
Assertion failed on expression: 'pred(*previous, *i)'
Assertion failed on expression: 'pred(*previous, *i)'
Assertion failed on expression: 'pred(*previous, *i)'
Assertion failed on expression: 'pred(*previous, *i)'
Assertion failed on expression: 'pred(*previous, *i)'
Assertion failed on expression: 'pred(*previous, *i)'
Assertion failed on expression: 'pred(*previous, *i)'
Assertion failed on expression: 'pred(*previous, *i)'
Assertion failed on expression: 'pred(*previous, *i)'
Assertion failed on expression: 'pred(*previous, *i)'
Assertion failed on expression: 'pred(*previous, *i)'
Assertion failed on expression: 'pred(*previous, *i)'
Assertion failed on expression: 'pred(*previous, *i)'
Assertion failed on expression: 'pred(*previous, *i)'
Assertion failed on expression: 'pred(*previous, *i)'
Assertion failed on expression: 'pred(*previous, *i)'
Assertion failed on expression: 'pred(*previous, *i)'
Assertion failed on expression: 'pred(*previous, *i)'
Assertion failed on expression: 'pred(*previous, *i)'
Assertion failed on expression: 'pred(*previous, *i)'
Assertion failed on expression: 'pred(*previous, *i)'
Assertion failed on expression: 'pred(*previous, *i)'
Assertion failed on expression: 'pred(*previous, *i)'
Assertion failed on expression: 'pred(*previous, *i)'
Assertion failed on expression: 'pred(*previous, *i)'
Assertion failed on expression: 'pred(*previous, *i)'
Assertion failed on expression: 'pred(*previous, *i)'
Assertion failed on expression: 'pred(*previous, *i)'
Assertion failed on expression: 'pred(*previous, *i)'
Assertion failed on expression: 'pred(*previous, *i)'
Assertion failed on expression: 'pred(*previous, *i)'
Assertion failed on expression: 'pred(*previous, *i)'
Assertion failed on expression: 'pred(*previous, *i)'
Assertion failed on expression: 'pred(*previous, *i)'
Assertion failed on expression: 'pred(*previous, *i)'
Assertion failed on expression: 'pred(*previous, *i)'
Assertion failed on expression: 'pred(*previous, *i)'
Assertion failed on expression: 'pred(*previous, *i)'
Assertion failed on expression: 'pred(*previous, *i)'
Assertion failed on expression: 'pred(*previous, *i)'
Assertion failed on expression: 'pred(*previous, *i)'
Assertion failed on expression: 'pred(*previous, *i)'
Assertion failed on expression: 'pred(*previous, *i)'
Assertion failed on expression: 'pred(*previous, *i)'
Assertion failed on expression: 'pred(*previous, *i)'
Assertion failed on expression: 'pred(*previous, *i)'
Assertion failed on expression: 'pred(*previous, *i)'
Assertion failed on expression: 'pred(*previous, *i)'
Assertion failed on expression: 'pred(*previous, *i)'
Assertion failed on expression: 'pred(*previous, *i)'
Assertion failed on expression: 'pred(*previous, *i)'
Assertion failed on expression: 'pred(*previous, *i)'
Assertion failed on expression: 'pred(*previous, *i)'
Assertion failed on expression: 'pred(*previous, *i)'
Assertion failed on expression: 'pred(*previous, *i)'
Assertion failed on expression: 'pred(*previous, *i)'
Assertion failed on expression: 'pred(*previous, *i)'
Assertion failed on expression: 'pred(*previous, *i)'
Assertion failed on expression: 'pred(*previous, *i)'
Assertion failed on expression: 'pred(*previous, *i)'
Assertion failed on expression: 'pred(*previous, *i)'
Assertion failed on expression: 'pred(*previous, *i)'
Assertion failed on expression: 'pred(*previous, *i)'
Assertion failed on expression: 'pred(*previous, *i)'
Assertion failed on expression: 'pred(*previous, *i)'
Assertion failed on expression: 'pred(*previous, *i)'
Assertion failed on expression: 'pred(*previous, *i)'
Assertion failed on expression: 'pred(*previous, *i)'
Assertion failed on expression: 'pred(*previous, *i)'
Assertion failed on expression: 'pred(*previous, *i)'
Assertion failed on expression: 'pred(*previous, *i)'
Assertion failed on expression: 'pred(*previous, *i)'
Assertion failed on expression: 'pred(*previous, *i)'
Assertion failed on expression: 'pred(*previous, *i)'
Assertion failed on expression: 'pred(*previous, *i)'
Assertion failed on expression: 'pred(*previous, *i)'
Assertion failed on expression: 'pred(*previous, *i)'
Assertion failed on expression: 'pred(*previous, *i)'
Assertion failed on expression: 'pred(*previous, *i)'
Assertion failed on expression: 'pred(*previous, *i)'
Assertion failed on expression: 'pred(*previous, *i)'
Assertion failed on expression: 'pred(*previous, *i)'
Assertion failed on expression: 'pred(*previous, *i)'
Assertion failed on expression: 'pred(*previous, *i)'
Assertion failed on expression: 'pred(*previous, *i)'
Assertion failed on expression: 'pred(*previous, *i)'
Assertion failed on expression: 'pred(*previous, *i)'
Assertion failed on expression: 'pred(*previous, *i)'
Assertion failed on expression: 'pred(*previous, *i)'
Assertion failed on expression: 'pred(*previous, *i)'
Assertion failed on expression: 'pred(*previous, *i)'
Assertion failed on expression: 'pred(*previous, *i)'
Assertion failed on expression: 'pred(*previous, *i)'
Assertion failed on expression: 'pred(*previous, *i)'
Assertion failed on expression: 'pred(*previous, *i)'
Assertion failed on expression: 'pred(*previous, *i)'
Assertion failed on expression: 'pred(*previous, *i)'
Assertion failed on expression: 'pred(*previous, *i)'
Assertion failed on expression: 'pred(*previous, *i)'
Assertion failed on expression: 'pred(*previous, *i)'
Assertion failed on expression: 'pred(*previous, *i)'
Assertion failed on expression: 'pred(*previous, *i)'
Assertion failed on expression: 'pred(*previous, *i)'
Assertion failed on expression: 'pred(*previous, *i)'
Assertion failed on expression: 'pred(*previous, *i)'
Assertion failed on expression: 'pred(*previous, *i)'
Assertion failed on expression: 'pred(*previous, *i)'
Assertion failed on expression: 'pred(*previous, *i)'
Assertion failed on expression: 'pred(*previous, *i)'
Assertion failed on expression: 'pred(*previous, *i)'
Assertion failed on expression: 'pred(*previous, *i)'
Assertion failed on expression: 'pred(*previous, *i)'
Assertion failed on expression: 'pred(*previous, *i)'
Assertion failed on expression: 'pred(*previous, *i)'
Assertion failed on expression: 'pred(*previous, *i)'
Assertion failed on expression: 'pred(*previous, *i)'
Assertion failed on expression: 'pred(*previous, *i)'
Assertion failed on expression: 'pred(*previous, *i)'
Assertion failed on expression: 'pred(*previous, *i)'
Assertion failed on expression: 'pred(*previous, *i)'
Assertion failed on expression: 'pred(*previous, *i)'
Assertion failed on expression: 'pred(*previous, *i)'
Assertion failed on expression: 'pred(*previous, *i)'
Assertion failed on expression: 'pred(*previous, *i)'
Assertion failed on expression: 'pred(*previous, *i)'
Assertion failed on expression: 'pred(*previous, *i)'
Assertion failed on expression: 'pred(*previous, *i)'
Assertion failed on expression: 'pred(*previous, *i)'
Assertion failed on expression: 'pred(*previous, *i)'
Assertion failed on expression: 'pred(*previous, *i)'
Assertion failed on expression: 'pred(*previous, *i)'
Assertion failed on expression: 'pred(*previous, *i)'
Assertion failed on expression: 'pred(*previous, *i)'
Assertion failed on expression: 'pred(*previous, *i)'
Assertion failed on expression: 'pred(*previous, *i)'
Assertion failed on expression: 'pred(*previous, *i)'
Assertion failed on expression: 'pred(*previous, *i)'
Assertion failed on expression: 'pred(*previous, *i)'
Assertion failed on expression: 'pred(*previous, *i)'
Assertion failed on expression: 'pred(*previous, *i)'
Assertion failed on expression: 'pred(*previous, *i)'
Assertion failed on expression: 'pred(*previous, *i)'
Assertion failed on expression: 'pred(*previous, *i)'
Assertion failed on expression: 'pred(*previous, *i)'
Assertion failed on expression: 'pred(*previous, *i)'
Assertion failed on expression: 'pred(*previous, *i)'
Assertion failed on expression: 'pred(*previous, *i)'
Assertion failed on expression: 'pred(*previous, *i)'
Assertion failed on expression: 'pred(*previous, *i)'
Assertion failed on expression: 'pred(*previous, *i)'
Assertion failed on expression: 'pred(*previous, *i)'
Assertion failed on expression: 'pred(*previous, *i)'
Assertion failed on expression: 'pred(*previous, *i)'
Assertion failed on expression: 'pred(*previous, *i)'
Assertion failed on expression: 'pred(*previous, *i)'
Assertion failed on expression: 'pred(*previous, *i)'
Assertion failed on expression: 'pred(*previous, *i)'
Assertion failed on expression: 'pred(*previous, *i)'
Assertion failed on expression: 'pred(*previous, *i)'
Assertion failed on expression: 'pred(*previous, *i)'
Assertion failed on expression: 'pred(*previous, *i)'
Assertion failed on expression: 'pred(*previous, *i)'
Assertion failed on expression: 'pred(*previous, *i)'
Assertion failed on expression: 'pred(*previous, *i)'
Assertion failed on expression: 'pred(*previous, *i)'
Assertion failed on expression: 'pred(*previous, *i)'
Assertion failed on expression: 'pred(*previous, *i)'
Assertion failed on expression: 'pred(*previous, *i)'
Assertion failed on expression: 'pred(*previous, *i)'
Assertion failed on expression: 'pred(*previous, *i)'
Assertion failed on expression: 'pred(*previous, *i)'
Assertion failed on expression: 'pred(*previous, *i)'
Assertion failed on expression: 'pred(*previous, *i)'
Assertion failed on expression: 'pred(*previous, *i)'
Assertion failed on expression: 'pred(*previous, *i)'
Assertion failed on expression: 'pred(*previous, *i)'
Assertion failed on expression: 'pred(*previous, *i)'
Assertion failed on expression: 'pred(*previous, *i)'
Assertion failed on expression: 'pred(*previous, *i)'
Assertion failed on expression: 'pred(*previous, *i)'
Assertion failed on expression: 'pred(*previous, *i)'
Assertion failed on expression: 'pred(*previous, *i)'
Assertion failed on expression: 'pred(*previous, *i)'
Assertion failed on expression: 'pred(*previous, *i)'
Assertion failed on expression: 'pred(*previous, *i)'
Assertion failed on expression: 'pred(*previous, *i)'
Assertion failed on expression: 'pred(*previous, *i)'
Assertion failed on expression: 'pred(*previous, *i)'
Assertion failed on expression: 'pred(*previous, *i)'
Assertion failed on expression: 'pred(*previous, *i)'
Assertion failed on expression: 'pred(*previous, *i)'
Assertion failed on expression: 'pred(*previous, *i)'
Assertion failed on expression: 'pred(*previous, *i)'
Assertion failed on expression: 'pred(*previous, *i)'
Assertion failed on expression: 'pred(*previous, *i)'
Assertion failed on expression: 'pred(*previous, *i)'
Assertion failed on expression: 'pred(*previous, *i)'
Assertion failed on expression: 'pred(*previous, *i)'
Assertion failed on expression: 'pred(*previous, *i)'
Assertion failed on expression: 'pred(*previous, *i)'
Assertion failed on expression: 'pred(*previous, *i)'
Assertion failed on expression: 'pred(*previous, *i)'
Assertion failed on expression: 'pred(*previous, *i)'
Assertion failed on expression: 'pred(*previous, *i)'
Assertion failed on expression: 'pred(*previous, *i)'
Assertion failed on expression: 'pred(*previous, *i)'
Assertion failed on expression: 'pred(*previous, *i)'
Assertion failed on expression: 'pred(*previous, *i)'
Assertion failed on expression: 'pred(*previous, *i)'
Assertion failed on expression: 'pred(*previous, *i)'
Assertion failed on expression: 'pred(*previous, *i)'
Assertion failed on expression: 'pred(*previous, *i)'
Assertion failed on expression: 'pred(*previous, *i)'
Assertion failed on expression: 'pred(*previous, *i)'
Assertion failed on expression: 'pred(*previous, *i)'
Assertion failed on expression: 'pred(*previous, *i)'
Assertion failed on expression: 'pred(*previous, *i)'
Assertion failed on expression: 'pred(*previous, *i)'
Assertion failed on expression: 'pred(*previous, *i)'
Assertion failed on expression: 'pred(*previous, *i)'
Assertion failed on expression: 'pred(*previous, *i)'
Assertion failed on expression: 'pred(*previous, *i)'
Assertion failed on expression: 'pred(*previous, *i)'
Assertion failed on expression: 'pred(*previous, *i)'
Assertion failed on expression: 'pred(*previous, *i)'
Assertion failed on expression: 'pred(*previous, *i)'
Assertion failed on expression: 'pred(*previous, *i)'
Assertion failed on expression: 'pred(*previous, *i)'
Assertion failed on expression: 'pred(*previous, *i)'
Assertion failed on expression: 'pred(*previous, *i)'
Assertion failed on expression: 'pred(*previous, *i)'
Assertion failed on expression: 'pred(*previous, *i)'
Assertion failed on expression: 'pred(*previous, *i)'
Assertion failed on expression: 'pred(*previous, *i)'
Assertion failed on expression: 'pred(*previous, *i)'
Assertion failed on expression: 'pred(*previous, *i)'
Assertion failed on expression: 'pred(*previous, *i)'
Assertion failed on expression: 'pred(*previous, *i)'
Assertion failed on expression: 'pred(*previous, *i)'
Assertion failed on expression: 'pred(*previous, *i)'
Assertion failed on expression: 'pred(*previous, *i)'
Assertion failed on expression: 'pred(*previous, *i)'
Assertion failed on expression: 'pred(*previous, *i)'
Assertion failed on expression: 'pred(*previous, *i)'
Assertion failed on expression: 'pred(*previous, *i)'
Assertion failed on expression: 'pred(*previous, *i)'
Assertion failed on expression: 'pred(*previous, *i)'
Assertion failed on expression: 'pred(*previous, *i)'
Assertion failed on expression: 'pred(*previous, *i)'
Assertion failed on expression: 'pred(*previous, *i)'
Assertion failed on expression: 'pred(*previous, *i)'
Assertion failed on expression: 'pred(*previous, *i)'
Assertion failed on expression: 'pred(*previous, *i)'
Assertion failed on expression: 'pred(*previous, *i)'
Assertion failed on expression: 'pred(*previous, *i)'
Assertion failed on expression: 'pred(*previous, *i)'
Assertion failed on expression: 'pred(*previous, *i)'
Assertion failed on expression: 'pred(*previous, *i)'
Assertion failed on expression: 'pred(*previous, *i)'
Assertion failed on expression: 'pred(*previous, *i)'
Assertion failed on expression: 'pred(*previous, *i)'
Assertion failed on expression: 'pred(*previous, *i)'
Assertion failed on expression: 'pred(*previous, *i)'
Assertion failed on expression: 'pred(*previous, *i)'
Assertion failed on expression: 'pred(*previous, *i)'
Assertion failed on expression: 'pred(*previous, *i)'
Assertion failed on expression: 'pred(*previous, *i)'
Assertion failed on expression: 'pred(*previous, *i)'
Assertion failed on expression: 'pred(*previous, *i)'
Assertion failed on expression: 'pred(*previous, *i)'
Assertion failed on expression: 'pred(*previous, *i)'
Assertion failed on expression: 'pred(*previous, *i)'
Assertion failed on expression: 'pred(*previous, *i)'
Assertion failed on expression: 'pred(*previous, *i)'
Assertion failed on expression: 'pred(*previous, *i)'
Assertion failed on expression: 'pred(*previous, *i)'
Assertion failed on expression: 'pred(*previous, *i)'
Assertion failed on expression: 'pred(*previous, *i)'
Assertion failed on expression: 'pred(*previous, *i)'
Assertion failed on expression: 'pred(*previous, *i)'
Assertion failed on expression: 'pred(*previous, *i)'
Assertion failed on expression: 'pred(*previous, *i)'
Assertion failed on expression: 'pred(*previous, *i)'
Assertion failed on expression: 'pred(*previous, *i)'
Assertion failed on expression: 'pred(*previous, *i)'
Assertion failed on expression: 'pred(*previous, *i)'
Assertion failed on expression: 'pred(*previous, *i)'
Assertion failed on expression: 'pred(*previous, *i)'
Assertion failed on expression: 'pred(*previous, *i)'
Assertion failed on expression: 'pred(*previous, *i)'
Assertion failed on expression: 'pred(*previous, *i)'
Assertion failed on expression: 'pred(*previous, *i)'
Assertion failed on expression: 'pred(*previous, *i)'
Assertion failed on expression: 'pred(*previous, *i)'
Assertion failed on expression: 'pred(*previous, *i)'
Assertion failed on expression: 'pred(*previous, *i)'
Assertion failed on expression: 'pred(*previous, *i)'
Assertion failed on expression: 'pred(*previous, *i)'
Assertion failed on expression: 'pred(*previous, *i)'
Assertion failed on expression: 'pred(*previous, *i)'
Assertion failed on expression: 'pred(*previous, *i)'
Assertion failed on expression: 'pred(*previous, *i)'
Assertion failed on expression: 'pred(*previous, *i)'
Assertion failed on expression: 'pred(*previous, *i)'
Assertion failed on expression: 'pred(*previous, *i)'
Assertion failed on expression: 'pred(*previous, *i)'
Assertion failed on expression: 'pred(*previous, *i)'
Assertion failed on expression: 'pred(*previous, *i)'
Assertion failed on expression: 'pred(*previous, *i)'
Assertion failed on expression: 'pred(*previous, *i)'
Assertion failed on expression: 'pred(*previous, *i)'
Assertion failed on expression: 'pred(*previous, *i)'
Assertion failed on expression: 'pred(*previous, *i)'
Assertion failed on expression: 'pred(*previous, *i)'
Assertion failed on expression: 'pred(*previous, *i)'
Assertion failed on expression: 'pred(*previous, *i)'
Assertion failed on expression: 'pred(*previous, *i)'
Assertion failed on expression: 'pred(*previous, *i)'
Assertion failed on expression: 'pred(*previous, *i)'
Assertion failed on expression: 'pred(*previous, *i)'
Assertion failed on expression: 'pred(*previous, *i)'
Assertion failed on expression: 'pred(*previous, *i)'
Assertion failed on expression: 'pred(*previous, *i)'
Assertion failed on expression: 'pred(*previous, *i)'
Assertion failed on expression: 'pred(*previous, *i)'
Assertion failed on expression: 'pred(*previous, *i)'
Assertion failed on expression: 'pred(*previous, *i)'
Assertion failed on expression: 'pred(*previous, *i)'
Assertion failed on expression: 'pred(*previous, *i)'
Assertion failed on expression: 'pred(*previous, *i)'
Assertion failed on expression: 'pred(*previous, *i)'
Assertion failed on expression: 'pred(*previous, *i)'
Assertion failed on expression: 'pred(*previous, *i)'
Assertion failed on expression: 'pred(*previous, *i)'
Assertion failed on expression: 'pred(*previous, *i)'
Assertion failed on expression: 'pred(*previous, *i)'
Assertion failed on expression: 'pred(*previous, *i)'
Assertion failed on expression: 'pred(*previous, *i)'
Assertion failed on expression: 'pred(*previous, *i)'
Assertion failed on expression: 'pred(*previous, *i)'
Assertion failed on expression: 'pred(*previous, *i)'
Assertion failed on expression: 'pred(*previous, *i)'
Assertion failed on expression: 'pred(*previous, *i)'
Assertion failed on expression: 'pred(*previous, *i)'
Assertion failed on expression: 'pred(*previous, *i)'
Assertion failed on expression: 'pred(*previous, *i)'
Assertion failed on expression: 'pred(*previous, *i)'
Assertion failed on expression: 'pred(*previous, *i)'
Assertion failed on expression: 'pred(*previous, *i)'
Assertion failed on expression: 'pred(*previous, *i)'
Assertion failed on expression: 'pred(*previous, *i)'
Assertion failed on expression: 'pred(*previous, *i)'
Assertion failed on expression: 'pred(*previous, *i)'
Assertion failed on expression: 'pred(*previous, *i)'
Assertion failed on expression: 'pred(*previous, *i)'
Assertion failed on expression: 'pred(*previous, *i)'
Assertion failed on expression: 'pred(*previous, *i)'
Assertion failed on expression: 'pred(*previous, *i)'
Assertion failed on expression: 'pred(*previous, *i)'
Assertion failed on expression: 'pred(*previous, *i)'
Assertion failed on expression: 'pred(*previous, *i)'
Assertion failed on expression: 'pred(*previous, *i)'
Assertion failed on expression: 'pred(*previous, *i)'
Assertion failed on expression: 'pred(*previous, *i)'
Assertion failed on expression: 'pred(*previous, *i)'
Assertion failed on expression: 'pred(*previous, *i)'
Assertion failed on expression: 'pred(*previous, *i)'
Assertion failed on expression: 'pred(*previous, *i)'
Assertion failed on expression: 'pred(*previous, *i)'
Assertion failed on expression: 'pred(*previous, *i)'
Assertion failed on expression: 'pred(*previous, *i)'
Assertion failed on expression: 'pred(*previous, *i)'
Assertion failed on expression: 'pred(*previous, *i)'
Assertion failed on expression: 'pred(*previous, *i)'
Assertion failed on expression: 'pred(*previous, *i)'
Assertion failed on expression: 'pred(*previous, *i)'
Assertion failed on expression: 'pred(*previous, *i)'
Assertion failed on expression: 'pred(*previous, *i)'
Assertion failed on expression: 'pred(*previous, *i)'
Assertion failed on expression: 'pred(*previous, *i)'
Assertion failed on expression: 'pred(*previous, *i)'
Assertion failed on expression: 'pred(*previous, *i)'
Assertion failed on expression: 'pred(*previous, *i)'
Assertion failed on expression: 'pred(*previous, *i)'
Assertion failed on expression: 'pred(*previous, *i)'
Assertion failed on expression: 'pred(*previous, *i)'
Assertion failed on expression: 'pred(*previous, *i)'
Assertion failed on expression: 'pred(*previous, *i)'
Assertion failed on expression: 'pred(*previous, *i)'
Assertion failed on expression: 'pred(*previous, *i)'
Assertion failed on expression: 'pred(*previous, *i)'
Assertion failed on expression: 'pred(*previous, *i)'
Assertion failed on expression: 'pred(*previous, *i)'
Assertion failed on expression: 'pred(*previous, *i)'
Assertion failed on expression: 'pred(*previous, *i)'
Assertion failed on expression: 'pred(*previous, *i)'
Assertion failed on expression: 'pred(*previous, *i)'
Assertion failed on expression: 'pred(*previous, *i)'
Assertion failed on expression: 'pred(*previous, *i)'
Assertion failed on expression: 'pred(*previous, *i)'
Assertion failed on expression: 'pred(*previous, *i)'
Assertion failed on expression: 'pred(*previous, *i)'
Assertion failed on expression: 'pred(*previous, *i)'
Assertion failed on expression: 'pred(*previous, *i)'
Assertion failed on expression: 'pred(*previous, *i)'
Assertion failed on expression: 'pred(*previous, *i)'
Assertion failed on expression: 'pred(*previous, *i)'
Assertion failed on expression: 'pred(*previous, *i)'
Assertion failed on expression: 'pred(*previous, *i)'
Assertion failed on expression: 'pred(*previous, *i)'
Assertion failed on expression: 'pred(*previous, *i)'
Assertion failed on expression: 'pred(*previous, *i)'
Assertion failed on expression: 'pred(*previous, *i)'
Assertion failed on expression: 'pred(*previous, *i)'
Assertion failed on expression: 'pred(*previous, *i)'
Assertion failed on expression: 'pred(*previous, *i)'
Assertion failed on expression: 'pred(*previous, *i)'
Assertion failed on expression: 'pred(*previous, *i)'
Assertion failed on expression: 'pred(*previous, *i)'
Assertion failed on expression: 'pred(*previous, *i)'
Assertion failed on expression: 'pred(*previous, *i)'
Assertion failed on expression: 'pred(*previous, *i)'
Assertion failed on expression: 'pred(*previous, *i)'
Assertion failed on expression: 'pred(*previous, *i)'
Assertion failed on expression: 'pred(*previous, *i)'
Assertion failed on expression: 'pred(*previous, *i)'
Assertion failed on expression: 'pred(*previous, *i)'
Assertion failed on expression: 'pred(*previous, *i)'
Assertion failed on expression: 'pred(*previous, *i)'
Assertion failed on expression: 'pred(*previous, *i)'
Assertion failed on expression: 'pred(*previous, *i)'
Assertion failed on expression: 'pred(*previous, *i)'
Assertion failed on expression: 'pred(*previous, *i)'
Assertion failed on expression: 'pred(*previous, *i)'
Assertion failed on expression: 'pred(*previous, *i)'
Assertion failed on expression: 'pred(*previous, *i)'
Assertion failed on expression: 'pred(*previous, *i)'
Assertion failed on expression: 'pred(*previous, *i)'
Assertion failed on expression: 'pred(*previous, *i)'
Assertion failed on expression: 'pred(*previous, *i)'
Assertion failed on expression: 'pred(*previous, *i)'
Assertion failed on expression: 'pred(*previous, *i)'
Assertion failed on expression: 'pred(*previous, *i)'
Assertion failed on expression: 'pred(*previous, *i)'
Assertion failed on expression: 'pred(*previous, *i)'
Assertion failed on expression: 'pred(*previous, *i)'
Assertion failed on expression: 'pred(*previous, *i)'
Assertion failed on expression: 'pred(*previous, *i)'
Assertion failed on expression: 'pred(*previous, *i)'
Assertion failed on expression: 'pred(*previous, *i)'
Assertion failed on expression: 'pred(*previous, *i)'
Assertion failed on expression: 'pred(*previous, *i)'
Assertion failed on expression: 'pred(*previous, *i)'
Assertion failed on expression: 'pred(*previous, *i)'
Assertion failed on expression: 'pred(*previous, *i)'
Assertion failed on expression: 'pred(*previous, *i)'
Assertion failed on expression: 'pred(*previous, *i)'
Assertion failed on expression: 'pred(*previous, *i)'
Assertion failed on expression: 'pred(*previous, *i)'
Assertion failed on expression: 'pred(*previous, *i)'
Assertion failed on expression: 'pred(*previous, *i)'
Assertion failed on expression: 'pred(*previous, *i)'
Assertion failed on expression: 'pred(*previous, *i)'
Assertion failed on expression: 'pred(*previous, *i)'
Assertion failed on expression: 'pred(*previous, *i)'
Assertion failed on expression: 'pred(*previous, *i)'
Assertion failed on expression: 'pred(*previous, *i)'
Assertion failed on expression: 'pred(*previous, *i)'
Assertion failed on expression: 'pred(*previous, *i)'
Assertion failed on expression: 'pred(*previous, *i)'
Assertion failed on expression: 'pred(*previous, *i)'
Assertion failed on expression: 'pred(*previous, *i)'
Assertion failed on expression: 'pred(*previous, *i)'
Assertion failed on expression: 'pred(*previous, *i)'
Assertion failed on expression: 'pred(*previous, *i)'
Assertion failed on expression: 'pred(*previous, *i)'
Assertion failed on expression: 'pred(*previous, *i)'
Assertion failed on expression: 'pred(*previous, *i)'
Assertion failed on expression: 'pred(*previous, *i)'
Assertion failed on expression: 'pred(*previous, *i)'
Assertion failed on expression: 'pred(*previous, *i)'
Assertion failed on expression: 'pred(*previous, *i)'
Assertion failed on expression: 'pred(*previous, *i)'
Assertion failed on expression: 'pred(*previous, *i)'
Assertion failed on expression: 'pred(*previous, *i)'
Assertion failed on expression: 'pred(*previous, *i)'
Assertion failed on expression: 'pred(*previous, *i)'
Assertion failed on expression: 'pred(*previous, *i)'
Assertion failed on expression: 'pred(*previous, *i)'
Assertion failed on expression: 'pred(*previous, *i)'
Assertion failed on expression: 'pred(*previous, *i)'
Assertion failed on expression: 'pred(*previous, *i)'
Assertion failed on expression: 'pred(*previous, *i)'
Assertion failed on expression: 'pred(*previous, *i)'
Assertion failed on expression: 'pred(*previous, *i)'
Assertion failed on expression: 'pred(*previous, *i)'
Assertion failed on expression: 'pred(*previous, *i)'
Assertion failed on expression: 'pred(*previous, *i)'
Assertion failed on expression: 'pred(*previous, *i)'
Assertion failed on expression: 'pred(*previous, *i)'
Assertion failed on expression: 'pred(*previous, *i)'
Assertion failed on expression: 'pred(*previous, *i)'
Assertion failed on expression: 'pred(*previous, *i)'
Assertion failed on expression: 'pred(*previous, *i)'
Assertion failed on expression: 'pred(*previous, *i)'
Assertion failed on expression: 'pred(*previous, *i)'
Assertion failed on expression: 'pred(*previous, *i)'
Assertion failed on expression: 'pred(*previous, *i)'
Assertion failed on expression: 'pred(*previous, *i)'
Assertion failed on expression: 'pred(*previous, *i)'
Assertion failed on expression: 'pred(*previous, *i)'
Assertion failed on expression: 'pred(*previous, *i)'
Assertion failed on expression: 'pred(*previous, *i)'
Assertion failed on expression: 'pred(*previous, *i)'
Assertion failed on expression: 'pred(*previous, *i)'
Assertion failed on expression: 'pred(*previous, *i)'
Assertion failed on expression: 'pred(*previous, *i)'
Assertion failed on expression: 'pred(*previous, *i)'
Assertion failed on expression: 'pred(*previous, *i)'
Assertion failed on expression: 'pred(*previous, *i)'
Assertion failed on expression: 'pred(*previous, *i)'
Assertion failed on expression: 'pred(*previous, *i)'
Assertion failed on expression: 'pred(*previous, *i)'
Assertion failed on expression: 'pred(*previous, *i)'
Assertion failed on expression: 'pred(*previous, *i)'
Assertion failed on expression: 'pred(*previous, *i)'
Assertion failed on expression: 'pred(*previous, *i)'
Assertion failed on expression: 'pred(*previous, *i)'
Assertion failed on expression: 'pred(*previous, *i)'
Assertion failed on expression: 'pred(*previous, *i)'
Assertion failed on expression: 'pred(*previous, *i)'
Assertion failed on expression: 'pred(*previous, *i)'
Assertion failed on expression: 'pred(*previous, *i)'
Assertion failed on expression: 'pred(*previous, *i)'
Assertion failed on expression: 'pred(*previous, *i)'
Assertion failed on expression: 'pred(*previous, *i)'
Assertion failed on expression: 'pred(*previous, *i)'
Assertion failed on expression: 'pred(*previous, *i)'
Assertion failed on expression: 'pred(*previous, *i)'
Assertion failed on expression: 'pred(*previous, *i)'
Assertion failed on expression: 'pred(*previous, *i)'
Assertion failed on expression: 'pred(*previous, *i)'
Assertion failed on expression: 'pred(*previous, *i)'
Assertion failed on expression: 'pred(*previous, *i)'
Assertion failed on expression: 'pred(*previous, *i)'
Assertion failed on expression: 'pred(*previous, *i)'
Assertion failed on expression: 'pred(*previous, *i)'
Assertion failed on expression: 'pred(*previous, *i)'
Assertion failed on expression: 'pred(*previous, *i)'
Assertion failed on expression: 'pred(*previous, *i)'
Assertion failed on expression: 'pred(*previous, *i)'
Assertion failed on expression: 'pred(*previous, *i)'
Assertion failed on expression: 'pred(*previous, *i)'
Assertion failed on expression: 'pred(*previous, *i)'
Assertion failed on expression: 'pred(*previous, *i)'
Assertion failed on expression: 'pred(*previous, *i)'
Assertion failed on expression: 'pred(*previous, *i)'
Assertion failed on expression: 'pred(*previous, *i)'
Assertion failed on expression: 'pred(*previous, *i)'
Assertion failed on expression: 'pred(*previous, *i)'
Assertion failed on expression: 'pred(*previous, *i)'
Assertion failed on expression: 'pred(*previous, *i)'
Assertion failed on expression: 'pred(*previous, *i)'
Assertion failed on expression: 'pred(*previous, *i)'
Assertion failed on expression: 'pred(*previous, *i)'
Assertion failed on expression: 'pred(*previous, *i)'
Assertion failed on expression: 'pred(*previous, *i)'
Assertion failed on expression: 'pred(*previous, *i)'
Assertion failed on expression: 'pred(*previous, *i)'
Assertion failed on expression: 'pred(*previous, *i)'
Assertion failed on expression: 'pred(*previous, *i)'
Assertion failed on expression: 'pred(*previous, *i)'
Assertion failed on expression: 'pred(*previous, *i)'
Assertion failed on expression: 'pred(*previous, *i)'
Assertion failed on expression: 'pred(*previous, *i)'
Assertion failed on expression: 'pred(*previous, *i)'
Assertion failed on expression: 'pred(*previous, *i)'
Assertion failed on expression: 'pred(*previous, *i)'
Assertion failed on expression: 'pred(*previous, *i)'
Assertion failed on expression: 'pred(*previous, *i)'
Assertion failed on expression: 'pred(*previous, *i)'
Assertion failed on expression: 'pred(*previous, *i)'
Assertion failed on expression: 'pred(*previous, *i)'
Assertion failed on expression: 'pred(*previous, *i)'
Assertion failed on expression: 'pred(*previous, *i)'
Assertion failed on expression: 'pred(*previous, *i)'
Assertion failed on expression: 'pred(*previous, *i)'
Assertion failed on expression: 'pred(*previous, *i)'
Assertion failed on expression: 'pred(*previous, *i)'
Assertion failed on expression: 'pred(*previous, *i)'
Assertion failed on expression: 'pred(*previous, *i)'
Assertion failed on expression: 'pred(*previous, *i)'
Assertion failed on expression: 'pred(*previous, *i)'
Assertion failed on expression: 'pred(*previous, *i)'
Assertion failed on expression: 'pred(*previous, *i)'
Assertion failed on expression: 'pred(*previous, *i)'
Assertion failed on expression: 'pred(*previous, *i)'
Assertion failed on expression: 'pred(*previous, *i)'
Assertion failed on expression: 'pred(*previous, *i)'
Assertion failed on expression: 'pred(*previous, *i)'
Assertion failed on expression: 'pred(*previous, *i)'
Assertion failed on expression: 'pred(*previous, *i)'
Assertion failed on expression: 'pred(*previous, *i)'
Assertion failed on expression: 'pred(*previous, *i)'
Assertion failed on expression: 'pred(*previous, *i)'
Assertion failed on expression: 'pred(*previous, *i)'
Assertion failed on expression: 'pred(*previous, *i)'
Assertion failed on expression: 'pred(*previous, *i)'
Assertion failed on expression: 'pred(*previous, *i)'
Assertion failed on expression: 'pred(*previous, *i)'
Assertion failed on expression: 'pred(*previous, *i)'
Assertion failed on expression: 'pred(*previous, *i)'
Assertion failed on expression: 'pred(*previous, *i)'
Assertion failed on expression: 'pred(*previous, *i)'
Assertion failed on expression: 'pred(*previous, *i)'
Assertion failed on expression: 'pred(*previous, *i)'
Assertion failed on expression: 'pred(*previous, *i)'
Assertion failed on expression: 'pred(*previous, *i)'
Assertion failed on expression: 'pred(*previous, *i)'
Assertion failed on expression: 'pred(*previous, *i)'
Assertion failed on expression: 'pred(*previous, *i)'
Assertion failed on expression: 'pred(*previous, *i)'
Assertion failed on expression: 'pred(*previous, *i)'
Assertion failed on expression: 'pred(*previous, *i)'
Assertion failed on expression: 'pred(*previous, *i)'
Assertion failed on expression: 'pred(*previous, *i)'
Assertion failed on expression: 'pred(*previous, *i)'
Assertion failed on expression: 'pred(*previous, *i)'
Assertion failed on expression: 'pred(*previous, *i)'
Assertion failed on expression: 'pred(*previous, *i)'
Assertion failed on expression: 'pred(*previous, *i)'
Assertion failed on expression: 'pred(*previous, *i)'
Assertion failed on expression: 'pred(*previous, *i)'
Assertion failed on expression: 'pred(*previous, *i)'
Assertion failed on expression: 'pred(*previous, *i)'
Assertion failed on expression: 'pred(*previous, *i)'
Assertion failed on expression: 'pred(*previous, *i)'
Assertion failed on expression: 'pred(*previous, *i)'
Assertion failed on expression: 'pred(*previous, *i)'
Assertion failed on expression: 'pred(*previous, *i)'
Assertion failed on expression: 'pred(*previous, *i)'
Assertion failed on expression: 'pred(*previous, *i)'
Assertion failed on expression: 'pred(*previous, *i)'
Assertion failed on expression: 'pred(*previous, *i)'
Assertion failed on expression: 'pred(*previous, *i)'
Assertion failed on expression: 'pred(*previous, *i)'
Assertion failed on expression: 'pred(*previous, *i)'
Assertion failed on expression: 'pred(*previous, *i)'
Assertion failed on expression: 'pred(*previous, *i)'
Assertion failed on expression: 'pred(*previous, *i)'
Assertion failed on expression: 'pred(*previous, *i)'
Assertion failed on expression: 'pred(*previous, *i)'
Assertion failed on expression: 'pred(*previous, *i)'
Assertion failed on expression: 'pred(*previous, *i)'
Assertion failed on expression: 'pred(*previous, *i)'
Assertion failed on expression: 'pred(*previous, *i)'
Assertion failed on expression: 'pred(*previous, *i)'
Assertion failed on expression: 'pred(*previous, *i)'
Assertion failed on expression: 'pred(*previous, *i)'
Assertion failed on expression: 'pred(*previous, *i)'
Assertion failed on expression: 'pred(*previous, *i)'
Assertion failed on expression: 'pred(*previous, *i)'
Assertion failed on expression: 'pred(*previous, *i)'
Assertion failed on expression: 'pred(*previous, *i)'
Assertion failed on expression: 'pred(*previous, *i)'
Assertion failed on expression: 'pred(*previous, *i)'
Assertion failed on expression: 'pred(*previous, *i)'
Assertion failed on expression: 'pred(*previous, *i)'
Assertion failed on expression: 'pred(*previous, *i)'
Assertion failed on expression: 'pred(*previous, *i)'
Assertion failed on expression: 'pred(*previous, *i)'
Assertion failed on expression: 'pred(*previous, *i)'
Assertion failed on expression: 'pred(*previous, *i)'
Assertion failed on expression: 'pred(*previous, *i)'
Assertion failed on expression: 'pred(*previous, *i)'
Assertion failed on expression: 'pred(*previous, *i)'
Assertion failed on expression: 'pred(*previous, *i)'
Assertion failed on expression: 'pred(*previous, *i)'
Assertion failed on expression: 'pred(*previous, *i)'
Assertion failed on expression: 'pred(*previous, *i)'
Assertion failed on expression: 'pred(*previous, *i)'
Assertion failed on expression: 'pred(*previous, *i)'
Assertion failed on expression: 'pred(*previous, *i)'
Assertion failed on expression: 'pred(*previous, *i)'
Assertion failed on expression: 'pred(*previous, *i)'
Assertion failed on expression: 'pred(*previous, *i)'
Assertion failed on expression: 'pred(*previous, *i)'
Assertion failed on expression: 'pred(*previous, *i)'
Assertion failed on expression: 'pred(*previous, *i)'
Assertion failed on expression: 'pred(*previous, *i)'
Assertion failed on expression: 'pred(*previous, *i)'
Assertion failed on expression: 'pred(*previous, *i)'
Assertion failed on expression: 'pred(*previous, *i)'
Assertion failed on expression: 'pred(*previous, *i)'
Assertion failed on expression: 'pred(*previous, *i)'
Assertion failed on expression: 'pred(*previous, *i)'
Assertion failed on expression: 'pred(*previous, *i)'
Assertion failed on expression: 'pred(*previous, *i)'
Assertion failed on expression: 'pred(*previous, *i)'
Assertion failed on expression: 'pred(*previous, *i)'
Assertion failed on expression: 'pred(*previous, *i)'
Assertion failed on expression: 'pred(*previous, *i)'
Assertion failed on expression: 'pred(*previous, *i)'
Assertion failed on expression: 'pred(*previous, *i)'
Assertion failed on expression: 'pred(*previous, *i)'
Assertion failed on expression: 'pred(*previous, *i)'
Assertion failed on expression: 'pred(*previous, *i)'
Assertion failed on expression: 'pred(*previous, *i)'
Assertion failed on expression: 'pred(*previous, *i)'
Assertion failed on expression: 'pred(*previous, *i)'
Assertion failed on expression: 'pred(*previous, *i)'
Assertion failed on expression: 'pred(*previous, *i)'
Assertion failed on expression: 'pred(*previous, *i)'
Assertion failed on expression: 'pred(*previous, *i)'
Assertion failed on expression: 'pred(*previous, *i)'
Assertion failed on expression: 'pred(*previous, *i)'
Assertion failed on expression: 'pred(*previous, *i)'
Assertion failed on expression: 'pred(*previous, *i)'
Assertion failed on expression: 'pred(*previous, *i)'
Assertion failed on expression: 'pred(*previous, *i)'
Assertion failed on expression: 'pred(*previous, *i)'
Assertion failed on expression: 'pred(*previous, *i)'
Assertion failed on expression: 'pred(*previous, *i)'
Assertion failed on expression: 'pred(*previous, *i)'
Assertion failed on expression: 'pred(*previous, *i)'
Assertion failed on expression: 'pred(*previous, *i)'
Assertion failed on expression: 'pred(*previous, *i)'
Assertion failed on expression: 'pred(*previous, *i)'
Assertion failed on expression: 'pred(*previous, *i)'
Assertion failed on expression: 'pred(*previous, *i)'
Assertion failed on expression: 'pred(*previous, *i)'
Assertion failed on expression: 'pred(*previous, *i)'
Assertion failed on expression: 'pred(*previous, *i)'
Assertion failed on expression: 'pred(*previous, *i)'
Assertion failed on expression: 'pred(*previous, *i)'
Assertion failed on expression: 'pred(*previous, *i)'
Assertion failed on expression: 'pred(*previous, *i)'
Assertion failed on expression: 'pred(*previous, *i)'
Assertion failed on expression: 'pred(*previous, *i)'
Assertion failed on expression: 'pred(*previous, *i)'
Assertion failed on expression: 'pred(*previous, *i)'
Assertion failed on expression: 'pred(*previous, *i)'
Assertion failed on expression: 'pred(*previous, *i)'
Assertion failed on expression: 'pred(*previous, *i)'
Assertion failed on expression: 'pred(*previous, *i)'
Assertion failed on expression: 'pred(*previous, *i)'
Assertion failed on expression: 'pred(*previous, *i)'
Assertion failed on expression: 'pred(*previous, *i)'
Assertion failed on expression: 'pred(*previous, *i)'
Assertion failed on expression: 'pred(*previous, *i)'
Assertion failed on expression: 'pred(*previous, *i)'
Assertion failed on expression: 'pred(*previous, *i)'
Assertion failed on expression: 'pred(*previous, *i)'
Assertion failed on expression: 'pred(*previous, *i)'
Assertion failed on expression: 'pred(*previous, *i)'
Assertion failed on expression: 'pred(*previous, *i)'
Assertion failed on expression: 'pred(*previous, *i)'
Assertion failed on expression: 'pred(*previous, *i)'
Assertion failed on expression: 'pred(*previous, *i)'
Assertion failed on expression: 'pred(*previous, *i)'
Assertion failed on expression: 'pred(*previous, *i)'
Assertion failed on expression: 'pred(*previous, *i)'
Assertion failed on expression: 'pred(*previous, *i)'
Assertion failed on expression: 'pred(*previous, *i)'
Assertion failed on expression: 'pred(*previous, *i)'
Assertion failed on expression: 'pred(*previous, *i)'
Assertion failed on expression: 'pred(*previous, *i)'
Assertion failed on expression: 'pred(*previous, *i)'
Assertion failed on expression: 'pred(*previous, *i)'
Assertion failed on expression: 'pred(*previous, *i)'
Assertion failed on expression: 'pred(*previous, *i)'
Assertion failed on expression: 'pred(*previous, *i)'
Assertion failed on expression: 'pred(*previous, *i)'
Assertion failed on expression: 'pred(*previous, *i)'
Assertion failed on expression: 'pred(*previous, *i)'
Assertion failed on expression: 'pred(*previous, *i)'
Assertion failed on expression: 'pred(*previous, *i)'
Assertion failed on expression: 'pred(*previous, *i)'
Assertion failed on expression: 'pred(*previous, *i)'
Assertion failed on expression: 'pred(*previous, *i)'
Assertion failed on expression: 'pred(*previous, *i)'
Assertion failed on expression: 'pred(*previous, *i)'
Assertion failed on expression: 'pred(*previous, *i)'
Assertion failed on expression: 'pred(*previous, *i)'
Assertion failed on expression: 'pred(*previous, *i)'
Assertion failed on expression: 'pred(*previous, *i)'
Assertion failed on expression: 'pred(*previous, *i)'
Assertion failed on expression: 'pred(*previous, *i)'
Assertion failed on expression: 'pred(*previous, *i)'
Assertion failed on expression: 'pred(*previous, *i)'
Assertion failed on expression: 'pred(*previous, *i)'
Assertion failed on expression: 'pred(*previous, *i)'
Assertion failed on expression: 'pred(*previous, *i)'
Assertion failed on expression: 'pred(*previous, *i)'
Assertion failed on expression: 'pred(*previous, *i)'
Assertion failed on expression: 'pred(*previous, *i)'
Assertion failed on expression: 'pred(*previous, *i)'
Assertion failed on expression: 'pred(*previous, *i)'
Assertion failed on expression: 'pred(*previous, *i)'
Assertion failed on expression: 'pred(*previous, *i)'
Assertion failed on expression: 'pred(*previous, *i)'
Assertion failed on expression: 'pred(*previous, *i)'
Assertion failed on expression: 'pred(*previous, *i)'
Assertion failed on expression: 'pred(*previous, *i)'
Assertion failed on expression: 'pred(*previous, *i)'
Assertion failed on expression: 'pred(*previous, *i)'
Assertion failed on expression: 'pred(*previous, *i)'
Assertion failed on expression: 'pred(*previous, *i)'
Assertion failed on expression: 'pred(*previous, *i)'
Assertion failed on expression: 'pred(*previous, *i)'
Assertion failed on expression: 'pred(*previous, *i)'
Assertion failed on expression: 'pred(*previous, *i)'
Assertion failed on expression: 'pred(*previous, *i)'
Assertion failed on expression: 'pred(*previous, *i)'
Assertion failed on expression: 'pred(*previous, *i)'
Assertion failed on expression: 'pred(*previous, *i)'
Assertion failed on expression: 'pred(*previous, *i)'
Assertion failed on expression: 'pred(*previous, *i)'
Assertion failed on expression: 'pred(*previous, *i)'
Assertion failed on expression: 'pred(*previous, *i)'
Assertion failed on expression: 'pred(*previous, *i)'
Assertion failed on expression: 'pred(*previous, *i)'
Assertion failed on expression: 'pred(*previous, *i)'
Assertion failed on expression: 'pred(*previous, *i)'
Assertion failed on expression: 'pred(*previous, *i)'
Assertion failed on expression: 'pred(*previous, *i)'
Assertion failed on expression: 'pred(*previous, *i)'
Assertion failed on expression: 'pred(*previous, *i)'
Assertion failed on expression: 'pred(*previous, *i)'
Assertion failed on expression: 'pred(*previous, *i)'
Assertion failed on expression: 'pred(*previous, *i)'
Assertion failed on expression: 'pred(*previous, *i)'
Assertion failed on expression: 'pred(*previous, *i)'
Assertion failed on expression: 'pred(*previous, *i)'
Assertion failed on expression: 'pred(*previous, *i)'
Assertion failed on expression: 'pred(*previous, *i)'
Assertion failed on expression: 'pred(*previous, *i)'
Assertion failed on expression: 'pred(*previous, *i)'
Assertion failed on expression: 'pred(*previous, *i)'
Assertion failed on expression: 'pred(*previous, *i)'
Assertion failed on expression: 'pred(*previous, *i)'
Assertion failed on expression: 'pred(*previous, *i)'
Assertion failed on expression: 'pred(*previous, *i)'
Assertion failed on expression: 'pred(*previous, *i)'
Assertion failed on expression: 'pred(*previous, *i)'
Assertion failed on expression: 'pred(*previous, *i)'
Assertion failed on expression: 'pred(*previous, *i)'
Assertion failed on expression: 'pred(*previous, *i)'
Assertion failed on expression: 'pred(*previous, *i)'
Assertion failed on expression: 'pred(*previous, *i)'
Assertion failed on expression: 'pred(*previous, *i)'
Assertion failed on expression: 'pred(*previous, *i)'
Assertion failed on expression: 'pred(*previous, *i)'
Assertion failed on expression: 'pred(*previous, *i)'
Assertion failed on expression: 'pred(*previous, *i)'
Assertion failed on expression: 'pred(*previous, *i)'
Assertion failed on expression: 'pred(*previous, *i)'
Assertion failed on expression: 'pred(*previous, *i)'
Assertion failed on expression: 'pred(*previous, *i)'
Assertion failed on expression: 'pred(*previous, *i)'
Assertion failed on expression: 'pred(*previous, *i)'
Assertion failed on expression: 'pred(*previous, *i)'
Assertion failed on expression: 'pred(*previous, *i)'
Assertion failed on expression: 'pred(*previous, *i)'
Assertion failed on expression: 'pred(*previous, *i)'
Assertion failed on expression: 'pred(*previous, *i)'
Assertion failed on expression: 'pred(*previous, *i)'
Assertion failed on expression: 'pred(*previous, *i)'
Assertion failed on expression: 'pred(*previous, *i)'
Assertion failed on expression: 'pred(*previous, *i)'
Assertion failed on expression: 'pred(*previous, *i)'
Assertion failed on expression: 'pred(*previous, *i)'
Assertion failed on expression: 'pred(*previous, *i)'
Assertion failed on expression: 'pred(*previous, *i)'
Assertion failed on expression: 'pred(*previous, *i)'
Assertion failed on expression: 'pred(*previous, *i)'
Assertion failed on expression: 'pred(*previous, *i)'
Assertion failed on expression: 'pred(*previous, *i)'
Assertion failed on expression: 'pred(*previous, *i)'
Assertion failed on expression: 'pred(*previous, *i)'
Assertion failed on expression: 'pred(*previous, *i)'
Assertion failed on expression: 'pred(*previous, *i)'
Assertion failed on expression: 'pred(*previous, *i)'
Assertion failed on expression: 'pred(*previous, *i)'
Assertion failed on expression: 'pred(*previous, *i)'
Assertion failed on expression: 'pred(*previous, *i)'
Assertion failed on expression: 'pred(*previous, *i)'
Assertion failed on expression: 'pred(*previous, *i)'
Assertion failed on expression: 'pred(*previous, *i)'
Assertion failed on expression: 'pred(*previous, *i)'
Assertion failed on expression: 'pred(*previous, *i)'
Assertion failed on expression: 'pred(*previous, *i)'
Assertion failed on expression: 'pred(*previous, *i)'
Assertion failed on expression: 'pred(*previous, *i)'
Assertion failed on expression: 'pred(*previous, *i)'
Assertion failed on expression: 'pred(*previous, *i)'
Assertion failed on expression: 'pred(*previous, *i)'
Assertion failed on expression: 'pred(*previous, *i)'
Assertion failed on expression: 'pred(*previous, *i)'
Assertion failed on expression: 'pred(*previous, *i)'
Assertion failed on expression: 'pred(*previous, *i)'
Assertion failed on expression: 'pred(*previous, *i)'
Assertion failed on expression: 'pred(*previous, *i)'
Assertion failed on expression: 'pred(*previous, *i)'
Assertion failed on expression: 'pred(*previous, *i)'
Assertion failed on expression: 'pred(*previous, *i)'
Assertion failed on expression: 'pred(*previous, *i)'
Assertion failed on expression: 'pred(*previous, *i)'
Assertion failed on expression: 'pred(*previous, *i)'
Assertion failed on expression: 'pred(*previous, *i)'
Assertion failed on expression: 'pred(*previous, *i)'
Assertion failed on expression: 'pred(*previous, *i)'
Assertion failed on expression: 'pred(*previous, *i)'
Assertion failed on expression: 'pred(*previous, *i)'
Assertion failed on expression: 'pred(*previous, *i)'
Assertion failed on expression: 'pred(*previous, *i)'
Assertion failed on expression: 'pred(*previous, *i)'
Assertion failed on expression: 'pred(*previous, *i)'
Assertion failed on expression: 'pred(*previous, *i)'
Assertion failed on expression: 'pred(*previous, *i)'
Assertion failed on expression: 'pred(*previous, *i)'
Assertion failed on expression: 'pred(*previous, *i)'
Assertion failed on expression: 'pred(*previous, *i)'
Assertion failed on expression: 'pred(*previous, *i)'
Assertion failed on expression: 'pred(*previous, *i)'
Assertion failed on expression: 'pred(*previous, *i)'
Assertion failed on expression: 'pred(*previous, *i)'
Assertion failed on expression: 'pred(*previous, *i)'
Assertion failed on expression: 'pred(*previous, *i)'
Assertion failed on expression: 'pred(*previous, *i)'
Assertion failed on expression: 'pred(*previous, *i)'
Assertion failed on expression: 'pred(*previous, *i)'
Assertion failed on expression: 'pred(*previous, *i)'
Assertion failed on expression: 'pred(*previous, *i)'
Assertion failed on expression: 'pred(*previous, *i)'
Assertion failed on expression: 'pred(*previous, *i)'
Assertion failed on expression: 'pred(*previous, *i)'
Assertion failed on expression: 'pred(*previous, *i)'
Assertion failed on expression: 'pred(*previous, *i)'
Assertion failed on expression: 'pred(*previous, *i)'
Assertion failed on expression: 'pred(*previous, *i)'
Assertion failed on expression: 'pred(*previous, *i)'
Assertion failed on expression: 'pred(*previous, *i)'
Assertion failed on expression: 'pred(*previous, *i)'
Assertion failed on expression: 'pred(*previous, *i)'
Assertion failed on expression: 'pred(*previous, *i)'
Assertion failed on expression: 'pred(*previous, *i)'
Assertion failed on expression: 'pred(*previous, *i)'
Assertion failed on expression: 'pred(*previous, *i)'
Assertion failed on expression: 'pred(*previous, *i)'
Assertion failed on expression: 'pred(*previous, *i)'
Assertion failed on expression: 'pred(*previous, *i)'
Assertion failed on expression: 'pred(*previous, *i)'
Assertion failed on expression: 'pred(*previous, *i)'
Assertion failed on expression: 'pred(*previous, *i)'
Assertion failed on expression: 'pred(*previous, *i)'
Assertion failed on expression: 'pred(*previous, *i)'
Assertion failed on expression: 'pred(*previous, *i)'
Assertion failed on expression: 'pred(*previous, *i)'
Assertion failed on expression: 'pred(*previous, *i)'
Assertion failed on expression: 'pred(*previous, *i)'
Assertion failed on expression: 'pred(*previous, *i)'
Assertion failed on expression: 'pred(*previous, *i)'
Assertion failed on expression: 'pred(*previous, *i)'
Assertion failed on expression: 'pred(*previous, *i)'
Assertion failed on expression: 'pred(*previous, *i)'
Assertion failed on expression: 'pred(*previous, *i)'
Assertion failed on expression: 'pred(*previous, *i)'
Assertion failed on expression: 'pred(*previous, *i)'
Assertion failed on expression: 'pred(*previous, *i)'
Assertion failed on expression: 'pred(*previous, *i)'
Assertion failed on expression: 'pred(*previous, *i)'
Assertion failed on expression: 'pred(*previous, *i)'
Assertion failed on expression: 'pred(*previous, *i)'
Assertion failed on expression: 'pred(*previous, *i)'
Assertion failed on expression: 'pred(*previous, *i)'
Assertion failed on expression: 'pred(*previous, *i)'
Assertion failed on expression: 'pred(*previous, *i)'
Assertion failed on expression: 'pred(*previous, *i)'
Assertion failed on expression: 'pred(*previous, *i)'
Assertion failed on expression: 'pred(*previous, *i)'
Assertion failed on expression: 'pred(*previous, *i)'
Assertion failed on expression: 'pred(*previous, *i)'
Assertion failed on expression: 'pred(*previous, *i)'
Assertion failed on expression: 'pred(*previous, *i)'
Assertion failed on expression: 'pred(*previous, *i)'
Assertion failed on expression: 'pred(*previous, *i)'
Assertion failed on expression: 'pred(*previous, *i)'
Assertion failed on expression: 'pred(*previous, *i)'
Assertion failed on expression: 'pred(*previous, *i)'
Assertion failed on expression: 'pred(*previous, *i)'
Assertion failed on expression: 'pred(*previous, *i)'
Assertion failed on expression: 'pred(*previous, *i)'
Assertion failed on expression: 'pred(*previous, *i)'
Assertion failed on expression: 'pred(*previous, *i)'
Assertion failed on expression: 'pred(*previous, *i)'
Assertion failed on expression: 'pred(*previous, *i)'
Assertion failed on expression: 'pred(*previous, *i)'
Assertion failed on expression: 'pred(*previous, *i)'
Assertion failed on expression: 'pred(*previous, *i)'
Assertion failed on expression: 'pred(*previous, *i)'
Assertion failed on expression: 'pred(*previous, *i)'
Assertion failed on expression: 'pred(*previous, *i)'
Assertion failed on expression: 'pred(*previous, *i)'
Assertion failed on expression: 'pred(*previous, *i)'
Assertion failed on expression: 'pred(*previous, *i)'
Assertion failed on expression: 'pred(*previous, *i)'
Assertion failed on expression: 'pred(*previous, *i)'
Assertion failed on expression: 'pred(*previous, *i)'
Assertion failed on expression: 'pred(*previous, *i)'
Assertion failed on expression: 'pred(*previous, *i)'
Assertion failed on expression: 'pred(*previous, *i)'
Assertion failed on expression: 'pred(*previous, *i)'
Assertion failed on expression: 'pred(*previous, *i)'
Assertion failed on expression: 'pred(*previous, *i)'
Assertion failed on expression: 'pred(*previous, *i)'
Assertion failed on expression: 'pred(*previous, *i)'
Assertion failed on expression: 'pred(*previous, *i)'
Assertion failed on expression: 'pred(*previous, *i)'
Assertion failed on expression: 'pred(*previous, *i)'
Assertion failed on expression: 'pred(*previous, *i)'
Assertion failed on expression: 'pred(*previous, *i)'
Assertion failed on expression: 'pred(*previous, *i)'
Assertion failed on expression: 'pred(*previous, *i)'
Assertion failed on expression: 'pred(*previous, *i)'
Assertion failed on expression: 'pred(*previous, *i)'
Assertion failed on expression: 'pred(*previous, *i)'
Assertion failed on expression: 'pred(*previous, *i)'
Assertion failed on expression: 'pred(*previous, *i)'
Assertion failed on expression: 'pred(*previous, *i)'
Assertion failed on expression: 'pred(*previous, *i)'
Assertion failed on expression: 'pred(*previous, *i)'
Assertion failed on expression: 'pred(*previous, *i)'
Assertion failed on expression: 'pred(*previous, *i)'
Assertion failed on expression: 'pred(*previous, *i)'
Assertion failed on expression: 'pred(*previous, *i)'
Assertion failed on expression: 'pred(*previous, *i)'
Assertion failed on expression: 'pred(*previous, *i)'
Assertion failed on expression: 'pred(*previous, *i)'
Assertion failed on expression: 'pred(*previous, *i)'
Assertion failed on expression: 'pred(*previous, *i)'
Assertion failed on expression: 'pred(*previous, *i)'
Assertion failed on expression: 'pred(*previous, *i)'
Assertion failed on expression: 'pred(*previous, *i)'
Assertion failed on expression: 'pred(*previous, *i)'
Assertion failed on expression: 'pred(*previous, *i)'
Assertion failed on expression: 'pred(*previous, *i)'
Assertion failed on expression: 'pred(*previous, *i)'
Assertion failed on expression: 'pred(*previous, *i)'
Assertion failed on expression: 'pred(*previous, *i)'
Assertion failed on expression: 'pred(*previous, *i)'
Assertion failed on expression: 'pred(*previous, *i)'
Assertion failed on expression: 'pred(*previous, *i)'
Assertion failed on expression: 'pred(*previous, *i)'
Assertion failed on expression: 'pred(*previous, *i)'
Assertion failed on expression: 'pred(*previous, *i)'
Assertion failed on expression: 'pred(*previous, *i)'
Assertion failed on expression: 'pred(*previous, *i)'
Assertion failed on expression: 'pred(*previous, *i)'
Assertion failed on expression: 'pred(*previous, *i)'
Assertion failed on expression: 'pred(*previous, *i)'
Assertion failed on expression: 'pred(*previous, *i)'
Assertion failed on expression: 'pred(*previous, *i)'
Assertion failed on expression: 'pred(*previous, *i)'
Assertion failed on expression: 'pred(*previous, *i)'
Assertion failed on expression: 'pred(*previous, *i)'
Assertion failed on expression: 'pred(*previous, *i)'
Assertion failed on expression: 'pred(*previous, *i)'
Assertion failed on expression: 'pred(*previous, *i)'
Assertion failed on expression: 'pred(*previous, *i)'
Assertion failed on expression: 'pred(*previous, *i)'
Assertion failed on expression: 'pred(*previous, *i)'
Assertion failed on expression: 'pred(*previous, *i)'
Assertion failed on expression: 'pred(*previous, *i)'
Assertion failed on expression: 'pred(*previous, *i)'
Assertion failed on expression: 'pred(*previous, *i)'
Assertion failed on expression: 'pred(*previous, *i)'
Assertion failed on expression: 'pred(*previous, *i)'
Assertion failed on expression: 'pred(*previous, *i)'
Assertion failed on expression: 'pred(*previous, *i)'
Assertion failed on expression: 'pred(*previous, *i)'
Assertion failed on expression: 'pred(*previous, *i)'
Assertion failed on expression: 'pred(*previous, *i)'
Assertion failed on expression: 'pred(*previous, *i)'
Assertion failed on expression: 'pred(*previous, *i)'
Assertion failed on expression: 'pred(*previous, *i)'
Assertion failed on expression: 'pred(*previous, *i)'
Assertion failed on expression: 'pred(*previous, *i)'
Assertion failed on expression: 'pred(*previous, *i)'
Assertion failed on expression: 'pred(*previous, *i)'
Assertion failed on expression: 'pred(*previous, *i)'
Assertion failed on expression: 'pred(*previous, *i)'
Assertion failed on expression: 'pred(*previous, *i)'
Assertion failed on expression: 'pred(*previous, *i)'
Assertion failed on expression: 'pred(*previous, *i)'
Assertion failed on expression: 'pred(*previous, *i)'
Assertion failed on expression: 'pred(*previous, *i)'
Assertion failed on expression: 'pred(*previous, *i)'
Assertion failed on expression: 'pred(*previous, *i)'
Assertion failed on expression: 'pred(*previous, *i)'
Assertion failed on expression: 'pred(*previous, *i)'
Assertion failed on expression: 'pred(*previous, *i)'
Assertion failed on expression: 'pred(*previous, *i)'
Assertion failed on expression: 'pred(*previous, *i)'
Assertion failed on expression: 'pred(*previous, *i)'
Assertion failed on expression: 'pred(*previous, *i)'
Assertion failed on expression: 'pred(*previous, *i)'
Assertion failed on expression: 'pred(*previous, *i)'
Assertion failed on expression: 'pred(*previous, *i)'
Assertion failed on expression: 'pred(*previous, *i)'
Assertion failed on expression: 'pred(*previous, *i)'
Assertion failed on expression: 'pred(*previous, *i)'
Assertion failed on expression: 'pred(*previous, *i)'
Assertion failed on expression: 'pred(*previous, *i)'
Assertion failed on expression: 'pred(*previous, *i)'
Assertion failed on expression: 'pred(*previous, *i)'
Assertion failed on expression: 'pred(*previous, *i)'
Assertion failed on expression: 'pred(*previous, *i)'
Assertion failed on expression: 'pred(*previous, *i)'
Assertion failed on expression: 'pred(*previous, *i)'
Assertion failed on expression: 'pred(*previous, *i)'
Assertion failed on expression: 'pred(*previous, *i)'
Assertion failed on expression: 'pred(*previous, *i)'
Assertion failed on expression: 'pred(*previous, *i)'
Assertion failed on expression: 'pred(*previous, *i)'
Assertion failed on expression: 'pred(*previous, *i)'
Assertion failed on expression: 'pred(*previous, *i)'
Assertion failed on expression: 'pred(*previous, *i)'
Assertion failed on expression: 'pred(*previous, *i)'
Assertion failed on expression: 'pred(*previous, *i)'
Assertion failed on expression: 'pred(*previous, *i)'
Assertion failed on expression: 'pred(*previous, *i)'
Assertion failed on expression: 'pred(*previous, *i)'
Assertion failed on expression: 'pred(*previous, *i)'
Assertion failed on expression: 'pred(*previous, *i)'
Assertion failed on expression: 'pred(*previous, *i)'
Assertion failed on expression: 'pred(*previous, *i)'
Assertion failed on expression: 'pred(*previous, *i)'
Assertion failed on expression: 'pred(*previous, *i)'
Assertion failed on expression: 'pred(*previous, *i)'
Assertion failed on expression: 'pred(*previous, *i)'
Assertion failed on expression: 'pred(*previous, *i)'
Assertion failed on expression: 'pred(*previous, *i)'
Assertion failed on expression: 'pred(*previous, *i)'
Assertion failed on expression: 'pred(*previous, *i)'
Assertion failed on expression: 'pred(*previous, *i)'
Assertion failed on expression: 'pred(*previous, *i)'
Assertion failed on expression: 'pred(*previous, *i)'
Assertion failed on expression: 'pred(*previous, *i)'
Assertion failed on expression: 'pred(*previous, *i)'
Assertion failed on expression: 'pred(*previous, *i)'
Assertion failed on expression: 'pred(*previous, *i)'
Assertion failed on expression: 'pred(*previous, *i)'
Assertion failed on expression: 'pred(*previous, *i)'
Assertion failed on expression: 'pred(*previous, *i)'
Assertion failed on expression: 'pred(*previous, *i)'
Assertion failed on expression: 'pred(*previous, *i)'
Assertion failed on expression: 'pred(*previous, *i)'
Assertion failed on expression: 'pred(*previous, *i)'
Assertion failed on expression: 'pred(*previous, *i)'
Assertion failed on expression: 'pred(*previous, *i)'
Assertion failed on expression: 'pred(*previous, *i)'
Assertion failed on expression: 'pred(*previous, *i)'
Assertion failed on expression: 'pred(*previous, *i)'
Assertion failed on expression: 'pred(*previous, *i)'
Assertion failed on expression: 'pred(*previous, *i)'
Assertion failed on expression: 'pred(*previous, *i)'
Assertion failed on expression: 'pred(*previous, *i)'
Assertion failed on expression: 'pred(*previous, *i)'
Assertion failed on expression: 'pred(*previous, *i)'
Assertion failed on expression: 'pred(*previous, *i)'
Assertion failed on expression: 'pred(*previous, *i)'
Assertion failed on expression: 'pred(*previous, *i)'
Assertion failed on expression: 'pred(*previous, *i)'
Assertion failed on expression: 'pred(*previous, *i)'
Assertion failed on expression: 'pred(*previous, *i)'
Assertion failed on expression: 'pred(*previous, *i)'
Assertion failed on expression: 'pred(*previous, *i)'
Assertion failed on expression: 'pred(*previous, *i)'
Assertion failed on expression: 'pred(*previous, *i)'
Assertion failed on expression: 'pred(*previous, *i)'
Assertion failed on expression: 'pred(*previous, *i)'
Assertion failed on expression: 'pred(*previous, *i)'
Assertion failed on expression: 'pred(*previous, *i)'
Assertion failed on expression: 'pred(*previous, *i)'
Assertion failed on expression: 'pred(*previous, *i)'
Assertion failed on expression: 'pred(*previous, *i)'
Assertion failed on expression: 'pred(*previous, *i)'
Assertion failed on expression: 'pred(*previous, *i)'
Assertion failed on expression: 'pred(*previous, *i)'
Assertion failed on expression: 'pred(*previous, *i)'
Assertion failed on expression: 'pred(*previous, *i)'
Assertion failed on expression: 'pred(*previous, *i)'
Assertion failed on expression: 'pred(*previous, *i)'
Assertion failed on expression: 'pred(*previous, *i)'
Assertion failed on expression: 'pred(*previous, *i)'
Assertion failed on expression: 'pred(*previous, *i)'
Assertion failed on expression: 'pred(*previous, *i)'
Assertion failed on expression: 'pred(*previous, *i)'
Assertion failed on expression: 'pred(*previous, *i)'
Assertion failed on expression: 'pred(*previous, *i)'
Assertion failed on expression: 'pred(*previous, *i)'
Assertion failed on expression: 'pred(*previous, *i)'
Assertion failed on expression: 'pred(*previous, *i)'
Assertion failed on expression: 'pred(*previous, *i)'
Assertion failed on expression: 'pred(*previous, *i)'
Assertion failed on expression: 'pred(*previous, *i)'
Assertion failed on expression: 'pred(*previous, *i)'
Assertion failed on expression: 'pred(*previous, *i)'
Assertion failed on expression: 'pred(*previous, *i)'
Assertion failed on expression: 'pred(*previous, *i)'
Assertion failed on expression: 'pred(*previous, *i)'
Assertion failed on expression: 'pred(*previous, *i)'
Assertion failed on expression: 'pred(*previous, *i)'
Assertion failed on expression: 'pred(*previous, *i)'
Assertion failed on expression: 'pred(*previous, *i)'
Assertion failed on expression: 'pred(*previous, *i)'
Assertion failed on expression: 'pred(*previous, *i)'
Assertion failed on expression: 'pred(*previous, *i)'
Assertion failed on expression: 'pred(*previous, *i)'
Assertion failed on expression: 'pred(*previous, *i)'
Assertion failed on expression: 'pred(*previous, *i)'
Assertion failed on expression: 'pred(*previous, *i)'
Assertion failed on expression: 'pred(*previous, *i)'
Assertion failed on expression: 'pred(*previous, *i)'
Assertion failed on expression: 'pred(*previous, *i)'
Assertion failed on expression: 'pred(*previous, *i)'
Assertion failed on expression: 'pred(*previous, *i)'
Assertion failed on expression: 'pred(*previous, *i)'
Assertion failed on expression: 'pred(*previous, *i)'
Assertion failed on expression: 'pred(*previous, *i)'
Assertion failed on expression: 'pred(*previous, *i)'
Assertion failed on expression: 'pred(*previous, *i)'
Assertion failed on expression: 'pred(*previous, *i)'
Assertion failed on expression: 'pred(*previous, *i)'
Assertion failed on expression: 'pred(*previous, *i)'
Assertion failed on expression: 'pred(*previous, *i)'
Assertion failed on expression: 'pred(*previous, *i)'
Assertion failed on expression: 'pred(*previous, *i)'
Assertion failed on expression: 'pred(*previous, *i)'
Assertion failed on expression: 'pred(*previous, *i)'
Assertion failed on expression: 'pred(*previous, *i)'
Assertion failed on expression: 'pred(*previous, *i)'
Assertion failed on expression: 'pred(*previous, *i)'
Assertion failed on expression: 'pred(*previous, *i)'
Assertion failed on expression: 'pred(*previous, *i)'
Assertion failed on expression: 'pred(*previous, *i)'
Assertion failed on expression: 'pred(*previous, *i)'
Assertion failed on expression: 'pred(*previous, *i)'
Assertion failed on expression: 'pred(*previous, *i)'
Assertion failed on expression: 'pred(*previous, *i)'
Assertion failed on expression: 'pred(*previous, *i)'
Assertion failed on expression: 'pred(*previous, *i)'
Assertion failed on expression: 'pred(*previous, *i)'
Assertion failed on expression: 'pred(*previous, *i)'
Assertion failed on expression: 'pred(*previous, *i)'
Assertion failed on expression: 'pred(*previous, *i)'
Assertion failed on expression: 'pred(*previous, *i)'
Assertion failed on expression: 'pred(*previous, *i)'
Assertion failed on expression: 'pred(*previous, *i)'
Assertion failed on expression: 'pred(*previous, *i)'
Assertion failed on expression: 'pred(*previous, *i)'
Assertion failed on expression: 'pred(*previous, *i)'
Assertion failed on expression: 'pred(*previous, *i)'
Assertion failed on expression: 'pred(*previous, *i)'
Assertion failed on expression: 'pred(*previous, *i)'
Assertion failed on expression: 'pred(*previous, *i)'
Assertion failed on expression: 'pred(*previous, *i)'
Assertion failed on expression: 'pred(*previous, *i)'
Assertion failed on expression: 'pred(*previous, *i)'
Assertion failed on expression: 'pred(*previous, *i)'
Assertion failed on expression: 'pred(*previous, *i)'
Assertion failed on expression: 'pred(*previous, *i)'
Assertion failed on expression: 'pred(*previous, *i)'
Assertion failed on expression: 'pred(*previous, *i)'
Assertion failed on expression: 'pred(*previous, *i)'
Assertion failed on expression: 'pred(*previous, *i)'
Assertion failed on expression: 'pred(*previous, *i)'
Assertion failed on expression: 'pred(*previous, *i)'
Assertion failed on expression: 'pred(*previous, *i)'
Assertion failed on expression: 'pred(*previous, *i)'
Assertion failed on expression: 'pred(*previous, *i)'
Assertion failed on expression: 'pred(*previous, *i)'
Assertion failed on expression: 'pred(*previous, *i)'
Assertion failed on expression: 'pred(*previous, *i)'
Assertion failed on expression: 'pred(*previous, *i)'
Assertion failed on expression: 'pred(*previous, *i)'
Assertion failed on expression: 'pred(*previous, *i)'
Assertion failed on expression: 'pred(*previous, *i)'
Assertion failed on expression: 'pred(*previous, *i)'
Assertion failed on expression: 'pred(*previous, *i)'
Assertion failed on expression: 'pred(*previous, *i)'
Assertion failed on expression: 'pred(*previous, *i)'
Assertion failed on expression: 'pred(*previous, *i)'
Assertion failed on expression: 'pred(*previous, *i)'
Assertion failed on expression: 'pred(*previous, *i)'
Assertion failed on expression: 'pred(*previous, *i)'
Assertion failed on expression: 'pred(*previous, *i)'
Assertion failed on expression: 'pred(*previous, *i)'
Assertion failed on expression: 'pred(*previous, *i)'
Assertion failed on expression: 'pred(*previous, *i)'
Assertion failed on expression: 'pred(*previous, *i)'
Assertion failed on expression: 'pred(*previous, *i)'
Assertion failed on expression: 'pred(*previous, *i)'
Assertion failed on expression: 'pred(*previous, *i)'
Assertion failed on expression: 'pred(*previous, *i)'
Assertion failed on expression: 'pred(*previous, *i)'
Assertion failed on expression: 'pred(*previous, *i)'
Assertion failed on expression: 'pred(*previous, *i)'
Assertion failed on expression: 'pred(*previous, *i)'
Assertion failed on expression: 'pred(*previous, *i)'
Assertion failed on expression: 'pred(*previous, *i)'
Assertion failed on expression: 'pred(*previous, *i)'
Assertion failed on expression: 'pred(*previous, *i)'
Assertion failed on expression: 'pred(*previous, *i)'
Assertion failed on expression: 'pred(*previous, *i)'
Assertion failed on expression: 'pred(*previous, *i)'
Assertion failed on expression: 'pred(*previous, *i)'
Assertion failed on expression: 'pred(*previous, *i)'
Assertion failed on expression: 'pred(*previous, *i)'
Assertion failed on expression: 'pred(*previous, *i)'
Assertion failed on expression: 'pred(*previous, *i)'
Assertion failed on expression: 'pred(*previous, *i)'
Assertion failed on expression: 'pred(*previous, *i)'
Assertion failed on expression: 'pred(*previous, *i)'
Assertion failed on expression: 'pred(*previous, *i)'
Assertion failed on expression: 'pred(*previous, *i)'
Assertion failed on expression: 'pred(*previous, *i)'
Assertion failed on expression: 'pred(*previous, *i)'
Assertion failed on expression: 'pred(*previous, *i)'
Assertion failed on expression: 'pred(*previous, *i)'
Assertion failed on expression: 'pred(*previous, *i)'
Assertion failed on expression: 'pred(*previous, *i)'
Assertion failed on expression: 'pred(*previous, *i)'
Assertion failed on expression: 'pred(*previous, *i)'
Assertion failed on expression: 'pred(*previous, *i)'
Assertion failed on expression: 'pred(*previous, *i)'
Assertion failed on expression: 'pred(*previous, *i)'
Assertion failed on expression: 'pred(*previous, *i)'
Assertion failed on expression: 'pred(*previous, *i)'
Assertion failed on expression: 'pred(*previous, *i)'
Assertion failed on expression: 'pred(*previous, *i)'
Assertion failed on expression: 'pred(*previous, *i)'
Assertion failed on expression: 'pred(*previous, *i)'
Assertion failed on expression: 'pred(*previous, *i)'
Assertion failed on expression: 'pred(*previous, *i)'
Assertion failed on expression: 'pred(*previous, *i)'
Assertion failed on expression: 'pred(*previous, *i)'
Assertion failed on expression: 'pred(*previous, *i)'
Assertion failed on expression: 'pred(*previous, *i)'
Assertion failed on expression: 'pred(*previous, *i)'
Assertion failed on expression: 'pred(*previous, *i)'
Assertion failed on expression: 'pred(*previous, *i)'
Assertion failed on expression: 'pred(*previous, *i)'
Assertion failed on expression: 'pred(*previous, *i)'
Assertion failed on expression: 'pred(*previous, *i)'
Assertion failed on expression: 'pred(*previous, *i)'
Assertion failed on expression: 'pred(*previous, *i)'
Assertion failed on expression: 'pred(*previous, *i)'
Assertion failed on expression: 'pred(*previous, *i)'
Assertion failed on expression: 'pred(*previous, *i)'
Assertion failed on expression: 'pred(*previous, *i)'
Assertion failed on expression: 'pred(*previous, *i)'
Assertion failed on expression: 'pred(*previous, *i)'
Assertion failed on expression: 'pred(*previous, *i)'
Assertion failed on expression: 'pred(*previous, *i)'
Assertion failed on expression: 'pred(*previous, *i)'
Assertion failed on expression: 'pred(*previous, *i)'
Assertion failed on expression: 'pred(*previous, *i)'
Assertion failed on expression: 'pred(*previous, *i)'
Assertion failed on expression: 'pred(*previous, *i)'
Assertion failed on expression: 'pred(*previous, *i)'
Assertion failed on expression: 'pred(*previous, *i)'
Assertion failed on expression: 'pred(*previous, *i)'
Assertion failed on expression: 'pred(*previous, *i)'
Assertion failed on expression: 'pred(*previous, *i)'
Assertion failed on expression: 'pred(*previous, *i)'
Assertion failed on expression: 'pred(*previous, *i)'
Assertion failed on expression: 'pred(*previous, *i)'
Assertion failed on expression: 'pred(*previous, *i)'
Assertion failed on expression: 'pred(*previous, *i)'
Assertion failed on expression: 'pred(*previous, *i)'
Assertion failed on expression: 'pred(*previous, *i)'
Assertion failed on expression: 'pred(*previous, *i)'
Assertion failed on expression: 'pred(*previous, *i)'
Assertion failed on expression: 'pred(*previous, *i)'
Assertion failed on expression: 'pred(*previous, *i)'
Assertion failed on expression: 'pred(*previous, *i)'
Assertion failed on expression: 'pred(*previous, *i)'
Assertion failed on expression: 'pred(*previous, *i)'
Assertion failed on expression: 'pred(*previous, *i)'
Assertion failed on expression: 'pred(*previous, *i)'
Assertion failed on expression: 'pred(*previous, *i)'
Assertion failed on expression: 'pred(*previous, *i)'
Assertion failed on expression: 'pred(*previous, *i)'
Assertion failed on expression: 'pred(*previous, *i)'
Assertion failed on expression: 'pred(*previous, *i)'
Assertion failed on expression: 'pred(*previous, *i)'
Assertion failed on expression: 'pred(*previous, *i)'
Assertion failed on expression: 'pred(*previous, *i)'
Assertion failed on expression: 'pred(*previous, *i)'
Assertion failed on expression: 'pred(*previous, *i)'
Assertion failed on expression: 'pred(*previous, *i)'
Assertion failed on expression: 'pred(*previous, *i)'
Assertion failed on expression: 'pred(*previous, *i)'
Assertion failed on expression: 'pred(*previous, *i)'
Assertion failed on expression: 'pred(*previous, *i)'
Assertion failed on expression: 'pred(*previous, *i)'
Assertion failed on expression: 'pred(*previous, *i)'
Assertion failed on expression: 'pred(*previous, *i)'
Assertion failed on expression: 'pred(*previous, *i)'
Assertion failed on expression: 'pred(*previous, *i)'
Assertion failed on expression: 'pred(*previous, *i)'
Assertion failed on expression: 'pred(*previous, *i)'
Assertion failed on expression: 'pred(*previous, *i)'
Assertion failed on expression: 'pred(*previous, *i)'
Assertion failed on expression: 'pred(*previous, *i)'
Assertion failed on expression: 'pred(*previous, *i)'
Assertion failed on expression: 'pred(*previous, *i)'
Assertion failed on expression: 'pred(*previous, *i)'
Assertion failed on expression: 'pred(*previous, *i)'
Assertion failed on expression: 'pred(*previous, *i)'
Assertion failed on expression: 'pred(*previous, *i)'
Assertion failed on expression: 'pred(*previous, *i)'
Assertion failed on expression: 'pred(*previous, *i)'
Assertion failed on expression: 'pred(*previous, *i)'
Assertion failed on expression: 'pred(*previous, *i)'
Assertion failed on expression: 'pred(*previous, *i)'
Assertion failed on expression: 'pred(*previous, *i)'
Assertion failed on expression: 'pred(*previous, *i)'
Assertion failed on expression: 'pred(*previous, *i)'
Assertion failed on expression: 'pred(*previous, *i)'
Assertion failed on expression: 'pred(*previous, *i)'
Assertion failed on expression: 'pred(*previous, *i)'
Assertion failed on expression: 'pred(*previous, *i)'
Assertion failed on expression: 'pred(*previous, *i)'
Assertion failed on expression: 'pred(*previous, *i)'
Assertion failed on expression: 'pred(*previous, *i)'
Assertion failed on expression: 'pred(*previous, *i)'
Assertion failed on expression: 'pred(*previous, *i)'
Assertion failed on expression: 'pred(*previous, *i)'
Assertion failed on expression: 'pred(*previous, *i)'
Assertion failed on expression: 'pred(*previous, *i)'
Assertion failed on expression: 'pred(*previous, *i)'
Assertion failed on expression: 'pred(*previous, *i)'
Assertion failed on expression: 'pred(*previous, *i)'
Assertion failed on expression: 'pred(*previous, *i)'
Assertion failed on expression: 'pred(*previous, *i)'
Assertion failed on expression: 'pred(*previous, *i)'
Assertion failed on expression: 'pred(*previous, *i)'
Assertion failed on expression: 'pred(*previous, *i)'
Assertion failed on expression: 'pred(*previous, *i)'
Assertion failed on expression: 'pred(*previous, *i)'
Assertion failed on expression: 'pred(*previous, *i)'
Assertion failed on expression: 'pred(*previous, *i)'
Assertion failed on expression: 'pred(*previous, *i)'
Assertion failed on expression: 'pred(*previous, *i)'
Assertion failed on expression: 'pred(*previous, *i)'
Assertion failed on expression: 'pred(*previous, *i)'
Assertion failed on expression: 'pred(*previous, *i)'
Assertion failed on expression: 'pred(*previous, *i)'
Assertion failed on expression: 'pred(*previous, *i)'
Assertion failed on expression: 'pred(*previous, *i)'
Assertion failed on expression: 'pred(*previous, *i)'
Assertion failed on expression: 'pred(*previous, *i)'
Assertion failed on expression: 'pred(*previous, *i)'
Assertion failed on expression: 'pred(*previous, *i)'
Assertion failed on expression: 'pred(*previous, *i)'
Assertion failed on expression: 'pred(*previous, *i)'
Assertion failed on expression: 'pred(*previous, *i)'
Assertion failed on expression: 'pred(*previous, *i)'
Assertion failed on expression: 'pred(*previous, *i)'
Assertion failed on expression: 'pred(*previous, *i)'
Assertion failed on expression: 'pred(*previous, *i)'
Assertion failed on expression: 'pred(*previous, *i)'
Assertion failed on expression: 'pred(*previous, *i)'
Assertion failed on expression: 'pred(*previous, *i)'
Assertion failed on expression: 'pred(*previous, *i)'
Assertion failed on expression: 'pred(*previous, *i)'
Assertion failed on expression: 'pred(*previous, *i)'
Assertion failed on expression: 'pred(*previous, *i)'
Assertion failed on expression: 'pred(*previous, *i)'
Assertion failed on expression: 'pred(*previous, *i)'
Assertion failed on expression: 'pred(*previous, *i)'
Assertion failed on expression: 'pred(*previous, *i)'
Assertion failed on expression: 'pred(*previous, *i)'
Assertion failed on expression: 'pred(*previous, *i)'
Assertion failed on expression: 'pred(*previous, *i)'
Assertion failed on expression: 'pred(*previous, *i)'
Assertion failed on expression: 'pred(*previous, *i)'
Assertion failed on expression: 'pred(*previous, *i)'
Assertion failed on expression: 'pred(*previous, *i)'
Assertion failed on expression: 'pred(*previous, *i)'
Assertion failed on expression: 'pred(*previous, *i)'
Assertion failed on expression: 'pred(*previous, *i)'
Assertion failed on expression: 'pred(*previous, *i)'
Assertion failed on expression: 'pred(*previous, *i)'
Assertion failed on expression: 'pred(*previous, *i)'
Assertion failed on expression: 'pred(*previous, *i)'
Assertion failed on expression: 'pred(*previous, *i)'
Assertion failed on expression: 'pred(*previous, *i)'
Assertion failed on expression: 'pred(*previous, *i)'
Assertion failed on expression: 'pred(*previous, *i)'
Assertion failed on expression: 'pred(*previous, *i)'
Assertion failed on expression: 'pred(*previous, *i)'
Assertion failed on expression: 'pred(*previous, *i)'
Assertion failed on expression: 'pred(*previous, *i)'
Assertion failed on expression: 'pred(*previous, *i)'
Assertion failed on expression: 'pred(*previous, *i)'
Assertion failed on expression: 'pred(*previous, *i)'
Assertion failed on expression: 'pred(*previous, *i)'
Assertion failed on expression: 'pred(*previous, *i)'
Assertion failed on expression: 'pred(*previous, *i)'
Assertion failed on expression: 'pred(*previous, *i)'
Assertion failed on expression: 'pred(*previous, *i)'
Assertion failed on expression: 'pred(*previous, *i)'
Assertion failed on expression: 'pred(*previous, *i)'
Assertion failed on expression: 'pred(*previous, *i)'
Assertion failed on expression: 'pred(*previous, *i)'
Assertion failed on expression: 'pred(*previous, *i)'
Assertion failed on expression: 'pred(*previous, *i)'
Assertion failed on expression: 'pred(*previous, *i)'
Assertion failed on expression: 'pred(*previous, *i)'
Assertion failed on expression: 'pred(*previous, *i)'
Assertion failed on expression: 'pred(*previous, *i)'
Assertion failed on expression: 'pred(*previous, *i)'
Assertion failed on expression: 'pred(*previous, *i)'
Assertion failed on expression: 'pred(*previous, *i)'
Assertion failed on expression: 'pred(*previous, *i)'
Assertion failed on expression: 'pred(*previous, *i)'
Assertion failed on expression: 'pred(*previous, *i)'
Assertion failed on expression: 'pred(*previous, *i)'
Assertion failed on expression: 'pred(*previous, *i)'
Assertion failed on expression: 'pred(*previous, *i)'
Assertion failed on expression: 'pred(*previous, *i)'
Assertion failed on expression: 'pred(*previous, *i)'
Assertion failed on expression: 'pred(*previous, *i)'
Assertion failed on expression: 'pred(*previous, *i)'
Assertion failed on expression: 'pred(*previous, *i)'
Assertion failed on expression: 'pred(*previous, *i)'
Assertion failed on expression: 'pred(*previous, *i)'
Assertion failed on expression: 'pred(*previous, *i)'
Assertion failed on expression: 'pred(*previous, *i)'
Assertion failed on expression: 'pred(*previous, *i)'
Assertion failed on expression: 'pred(*previous, *i)'
Assertion failed on expression: 'pred(*previous, *i)'
Assertion failed on expression: 'pred(*previous, *i)'
Assertion failed on expression: 'pred(*previous, *i)'
Assertion failed on expression: 'pred(*previous, *i)'
Assertion failed on expression: 'pred(*previous, *i)'
Assertion failed on expression: 'pred(*previous, *i)'
Assertion failed on expression: 'pred(*previous, *i)'
Assertion failed on expression: 'pred(*previous, *i)'
Assertion failed on expression: 'pred(*previous, *i)'
Assertion failed on expression: 'pred(*previous, *i)'
Assertion failed on expression: 'pred(*previous, *i)'
Assertion failed on expression: 'pred(*previous, *i)'
Assertion failed on expression: 'pred(*previous, *i)'
Assertion failed on expression: 'pred(*previous, *i)'
Assertion failed on expression: 'pred(*previous, *i)'
Assertion failed on expression: 'pred(*previous, *i)'
Assertion failed on expression: 'pred(*previous, *i)'
Assertion failed on expression: 'pred(*previous, *i)'
Assertion failed on expression: 'pred(*previous, *i)'
Assertion failed on expression: 'pred(*previous, *i)'
Assertion failed on expression: 'pred(*previous, *i)'
Assertion failed on expression: 'pred(*previous, *i)'
Assertion failed on expression: 'pred(*previous, *i)'
Assertion failed on expression: 'pred(*previous, *i)'
Assertion failed on expression: 'pred(*previous, *i)'
Assertion failed on expression: 'pred(*previous, *i)'
Assertion failed on expression: 'pred(*previous, *i)'
Assertion failed on expression: 'pred(*previous, *i)'
Assertion failed on expression: 'pred(*previous, *i)'
Assertion failed on expression: 'pred(*previous, *i)'
Assertion failed on expression: 'pred(*previous, *i)'
Assertion failed on expression: 'pred(*previous, *i)'
Assertion failed on expression: 'pred(*previous, *i)'
Assertion failed on expression: 'pred(*previous, *i)'
Assertion failed on expression: 'pred(*previous, *i)'
Assertion failed on expression: 'pred(*previous, *i)'
Assertion failed on expression: 'pred(*previous, *i)'
Assertion failed on expression: 'pred(*previous, *i)'
Assertion failed on expression: 'pred(*previous, *i)'
Assertion failed on expression: 'pred(*previous, *i)'
Assertion failed on expression: 'pred(*previous, *i)'
Assertion failed on expression: 'pred(*previous, *i)'
Assertion failed on expression: 'pred(*previous, *i)'
Assertion failed on expression: 'pred(*previous, *i)'
Assertion failed on expression: 'pred(*previous, *i)'
Assertion failed on expression: 'pred(*previous, *i)'
Assertion failed on expression: 'pred(*previous, *i)'
Assertion failed on expression: 'pred(*previous, *i)'
Assertion failed on expression: 'pred(*previous, *i)'
Assertion failed on expression: 'pred(*previous, *i)'
Assertion failed on expression: 'pred(*previous, *i)'
Assertion failed on expression: 'pred(*previous, *i)'
Assertion failed on expression: 'pred(*previous, *i)'
Assertion failed on expression: 'pred(*previous, *i)'
Assertion failed on expression: 'pred(*previous, *i)'
Assertion failed on expression: 'pred(*previous, *i)'
Assertion failed on expression: 'pred(*previous, *i)'
Assertion failed on expression: 'pred(*previous, *i)'
Assertion failed on expression: 'pred(*previous, *i)'
Assertion failed on expression: 'pred(*previous, *i)'
Native extension for UWP target not found
Native extension for WindowsStandalone target not found
Native extension for WebGL target not found
[Package Manager] Failed to launch server process. Reason: Unity was launched with the -noUpm command-line argument
[Package Manager] Unable to send message (not connected to server process).
[Package Manager] Cannot connect to Unity Package Manager local server
Mono: successfully reloaded assembly
- Finished resetting the current domain, in  0.524 seconds
Domain Reload Profiling: 941ms
	BeginReloadAssembly (126ms)
		ExecutionOrderSort (0ms)
		DisableScriptedObjects (9ms)
		BackupInstance (0ms)
		ReleaseScriptingObjects (0ms)
		CreateAndSetChildDomain (27ms)
	RebuildCommonClasses (22ms)
	RebuildNativeTypeToScriptingClass (8ms)
	initialDomainReloadingComplete (14ms)
	LoadAllAssembliesAndSetupDomain (247ms)
		LoadAssemblies (183ms)
		RebuildTransferFunctionScriptingTraits (0ms)
		AnalyzeDomain (119ms)
			TypeCache.Refresh (5ms)
				TypeCache.ScanAssembly (0ms)
			BuildScriptInfoCaches (105ms)
			ResolveRequiredComponents (7ms)
	FinalizeReload (524ms)
		ReleaseScriptCaches (0ms)
		RebuildScriptCaches (0ms)
		SetupLoadedEditorAssemblies (409ms)
			LogAssemblyErrors (0ms)
			InitializePlatformSupportModulesInManaged (2ms)
			SetLoadedEditorAssemblies (5ms)
			BeforeProcessingInitializeOnLoad (89ms)
			ProcessInitializeOnLoadAttributes (267ms)
			ProcessInitializeOnLoadMethodAttributes (45ms)
			AfterProcessingInitializeOnLoad (1ms)
			EditorAssembliesLoaded (0ms)
		ExecutionOrderSort2 (0ms)
		AwakeInstancesAfterBackupRestoration (11ms)
Refreshing native plugins compatible for Editor in 0.82 ms, found 4 plugins.
Preloading 0 native plugins for Editor in 0.00 ms.
Unloading 34 Unused Serialized files (Serialized files now loaded: 0)
Unloading 6728 unused Assets / (7.5 MB). Loaded Objects now: 7435.
Memory consumption went from 160.4 MB to 152.8 MB.
Total: 6.483000 ms (FindLiveObjects: 0.388500 ms CreateObjectMapping: 0.288100 ms MarkObjects: 2.974100 ms  DeleteObjects: 2.831400 ms)

Prepare: number of updated asset objects reloaded= 0
